#ROW_NO.	INPUT	PROTEIN_ID	LENGTH	STRAND	CODON_CHANGE	POS	RESIDUE_REF	RESIDUE_ALT	TYPE	SCORE	PREDICTION (cutoff=-2.5)	#SEQ	#CLUSTER	SCORE	PREDICTION (cutoff=0.05)	MEDIAN_INFO	#SEQ	dbSNP_ID	GENE_ID	UNIPROT_ID	GO_TERM_ACCESSION
1	1, 35825010, G, A	ENSP00000322915	1548	1	GAT TT[G/A] GAT	190	L	L	Synonymous	0.00	Neutral	206	30	1.000	Tolerated	4.32	21		ENSG00000146463	ZMYM4_HUMAN	GO:0007010, GO:0007275, GO:0022604, GO:0003677, GO:0008270, GO:0046872
1	1, 35825010, G, A	ENSP00000362394	1459	1	GAT TT[G/A] GAT	190	L	L	Synonymous	0.00	Neutral	207	30	1.000	Tolerated	4.32	8		ENSG00000146463		GO:0008270
2	1, 41976321, G, A	ENSP00000247584	2406	-1	AAC C[C/T]C GAG	2341	P	L	Single AA Change	-0.91	Neutral	139	30	0.293	Tolerated	4.19	23		ENSG00000127124	ZEP3_HUMAN	GO:0045893, GO:0005622, GO:0005634, GO:0005737, GO:0003677, GO:0008270, GO:0046872
2	1, 41976321, G, A	ENSP00000361664	2406	-1	AAC C[C/T]C GAG	2341	P	L	Single AA Change	-0.91	Neutral	139	30	0.293	Tolerated	4.19	23		ENSG00000127124	ZEP3_HUMAN	GO:0045893, GO:0005622, GO:0005634, GO:0005737, GO:0003677, GO:0008270, GO:0046872
2	1, 41976321, G, A	ENSP00000361665	2405	-1	AAC C[C/T]C GAG	2340	P	L	Single AA Change	-0.90	Neutral	139	30	0.297	Tolerated	4.19	23		ENSG00000127124		GO:0005622, GO:0008270
2	1, 41976321, G, A	ENSP00000410828	2405	-1	AAC C[C/T]C GAG	2340	P	L	Single AA Change	-0.90	Neutral	139	30	0.297	Tolerated	4.19	23		ENSG00000127124		GO:0005622, GO:0008270
3	1, 65335070, C, G	ENSP00000343204	1154	-1	CTA [G/C]GG ATG	191	G	R	Single AA Change	-5.51	Deleterious	224	30	0.001	Damaging	2.79	138		ENSG00000162434	JAK1_HUMAN	GO:0006468, GO:0007167, GO:0007243, GO:0018108, GO:0019221, GO:0035556, GO:0046677, GO:0060333, GO:0060334, GO:0060337, GO:0060338, GO:0005634, GO:0005737, GO:0005829, GO:0005856, GO:0012505, GO:0016020, GO:0000166, GO:0004672, GO:0004713, GO:0004715, GO:0005131, GO:0005515, GO:0005524
4	1, 116227918, G, A	ENSP00000310800	524	1	CTG [G/A]TG GTT	362	V	M	Single AA Change	-2.35	Neutral	227	30	0.005	Damaging	2.86	106		ENSG00000173218	VANG1_HUMAN	GO:0007275, GO:0016020, GO:0016021, GO:0005515
4	1, 116227918, G, A	ENSP00000347672	524	1	CTG [G/A]TG GTT	362	V	M	Single AA Change	-2.35	Neutral	227	30	0.005	Damaging	2.86	106		ENSG00000173218	VANG1_HUMAN	GO:0007275, GO:0016020, GO:0016021, GO:0005515
4	1, 116227918, G, A	ENSP00000358522	524	1	CTG [G/A]TG GTT	362	V	M	Single AA Change	-2.35	Neutral	227	30	0.005	Damaging	2.86	106		ENSG00000173218	VANG1_HUMAN	GO:0007275, GO:0016020, GO:0016021, GO:0005515
4	1, 116227918, G, A	ENSP00000358523	522	1	CTG [G/A]TG GTT	360	V	M	Single AA Change	-2.35	Neutral	227	30	0.005	Damaging	2.88	106		ENSG00000173218		GO:0007275, GO:0016021
5	1, 155264959, C, G	ENSP00000271946	488	-1	GTG GG[G/C] GGC	128	G	G	Synonymous	0.00	Neutral	282	30	1.000	Tolerated	3.07	381		ENSG00000143627	KPYR_HUMAN	GO:0001666, GO:0005975, GO:0006006, GO:0006096, GO:0006112, GO:0006754, GO:0007584, GO:0009408, GO:0009749, GO:0010226, GO:0014070, GO:0031018, GO:0031325, GO:0032869, GO:0033198, GO:0042866, GO:0051591, GO:0051707, GO:0005625, GO:0005829, GO:0000166, GO:0000287, GO:0004743, GO:0005524, GO:0016740, GO:0030955
5	1, 155264959, C, G	ENSP00000339933	574	-1	GTG GG[G/C] GGC	214	G	G	Synonymous	0.00	Neutral	280	30	1.000	Tolerated	3.06	384		ENSG00000143627	KPYR_HUMAN	GO:0001666, GO:0005975, GO:0006006, GO:0006096, GO:0006112, GO:0006754, GO:0007584, GO:0009408, GO:0009749, GO:0010226, GO:0014070, GO:0031018, GO:0031325, GO:0032869, GO:0033198, GO:0042866, GO:0051591, GO:0051707, GO:0010038, GO:0005625, GO:0005829, GO:0000166, GO:0000287, GO:0004743, GO:0005524, GO:0016740, GO:0030955
5	1, 155264959, C, G	ENSP00000376214	543	-1	GTG GG[G/C] GGC	183	G	G	Synonymous	0.00	Neutral	281	30	1.000	Tolerated	2.99	384		ENSG00000143627		GO:0006096, GO:0000287, GO:0004743, GO:0030955
5	1, 155264959, C, G	ENSP00000408891	599	-1	GTG GG[G/C] GGC	239	G	G	Synonymous	0.00	Neutral	280	30	1.000	Tolerated	3.17	387		ENSG00000143627		GO:0006096, GO:0000287, GO:0003824, GO:0004743, GO:0030955
6	1, 158687706, G, A	ENSP00000357127	315	-1	TTT T[C/T]C TTT	67	S	F	Single AA Change	-5.27	Deleterious	436	30	0.000	Damaging	2.78	235		ENSG00000203757		GO:0007186, GO:0016021
6	1, 158687706, G, A	ENSP00000357128	331	-1	TTT T[C/T]C TTT	83	S	F	Single AA Change	-5.29	Deleterious	418	30	0.000	Damaging	2.78	242		ENSG00000203757	OR6K3_HUMAN	GO:0007186, GO:0050896, GO:0005886, GO:0016021, GO:0004871, GO:0004872, GO:0004930, GO:0004984
7	1, 158725079, C, T	ENSP00000357126	343	1	CCA CT[C/T] CGT	158	L	L	Synonymous	0.00	Neutral	520	30	1.000	Tolerated	2.78	209		ENSG00000180433	OR6K6_HUMAN	GO:0007186, GO:0050896, GO:0005886, GO:0016021, GO:0004871, GO:0004872, GO:0004930, GO:0004984
8	1, 162336865, G, A	ENSP00000355133	506	1	CTG [G/A]AG ATC	377	E	K	Single AA Change	-1.54	Neutral	77	30	0.006	Damaging	3.37	35		ENSG00000198929	CAPON_HUMAN	GO:0042981, GO:0045428, GO:0050999, GO:0005515, GO:0030165, GO:0050998
8	1, 162336865, G, A	ENSP00000405676	180	1	CTG [G/A]AG ATC	63	E	K	Single AA Change	-1.34	Neutral	89	30	0.198	Tolerated	3.38	29		ENSG00000254706		
8	1, 162336865, G, A	ENSP00000431586	501	1	CTG [G/A]AG ATC	372	E	K	Single AA Change	-1.54	Neutral	77	30	0.007	Damaging	3.34	33		ENSG00000198929		GO:0005515
8	1, 162336865, G, A	ENSP00000434988	211	1	CTG [G/A]AG ATC	82	E	K	Single AA Change	-1.75	Neutral	73	30	0.007	Damaging	3.50	30		ENSG00000198929		
8	1, 162336865, G, A	ENSP00000435711	81	1	CTG [G/A]AG ATC	33	E	K	Single AA Change	-3.40	Deleterious	42	12	0.000	Damaging	3.80	24		ENSG00000198929		
9	1, 202572206, C, T	ENSP00000356236	419	-1	GAA G[G/A]T GAA	129	G	D	Single AA Change	0.03	Neutral	209	30	0.561	Tolerated	2.99	172		ENSG00000143858	SYT2_HUMAN	GO:0007269, GO:0005886, GO:0016021, GO:0030054, GO:0030666, GO:0030672, GO:0031410, GO:0042584, GO:0043231, GO:0045202, GO:0005215, GO:0005515, GO:0046872
9	1, 202572206, C, T	ENSP00000356237	419	-1	GAA G[G/A]T GAA	129	G	D	Single AA Change	0.03	Neutral	209	30	0.561	Tolerated	2.99	172		ENSG00000143858	SYT2_HUMAN	GO:0007269, GO:0005886, GO:0016021, GO:0030054, GO:0030666, GO:0030672, GO:0031410, GO:0042584, GO:0043231, GO:0045202, GO:0042598, GO:0005215, GO:0005515, GO:0046872, GO:0005544, GO:0005509
10	1, 204228631, G, C	ENSP00000272203	1048	-1	TAC CC[C/G] GAG	254	P	P	Synonymous	0.00	Neutral	155	30	1.000	Tolerated	3.00	70		ENSG00000143850	PKHA6_HUMAN	GO:0005515
10	1, 204228631, G, C	ENSP00000402046	1068	-1	TAC CC[C/G] GAG	274	P	P	Synonymous	0.00	Neutral	155	30	1.000	Tolerated	2.96	77		ENSG00000143850		GO:0005515
11	2, 1161261, G, A	ENSP00000311837	539	1	GAT [G/A]AA GTT	147	E	K	Single AA Change	-2.65	Deleterious	131	30	0.129	Tolerated	2.80	109		ENSG00000172554	SNTG2_HUMAN	GO:0007417, GO:0005737, GO:0005856, GO:0016013, GO:0042383, GO:0003779, GO:0005515, GO:0030165
12	2, 10863015, G, A	ENSP00000272238	427	1	AAG [G/A]AA AAT	14	E	K	Single AA Change	-0.37	Neutral	155	30	0.279	Tolerated	2.86	157		ENSG00000143882	VATC2_HUMAN	GO:0006200, GO:0006879, GO:0008286, GO:0015991, GO:0015992, GO:0033572, GO:0034220, GO:0055085, GO:0005829, GO:0033180, GO:0008553, GO:0016820
12	2, 10863015, G, A	ENSP00000371077	381	1	AAG [G/A]AA AAT	14	E	K	Single AA Change	-0.50	Neutral	157	30	0.122	Tolerated	2.90	132		ENSG00000143882		GO:0015991, GO:0033180, GO:0016820
13	2, 11741097, C, T	ENSP00000234142	1949	1	GAG AT[C/T] CAC	835	I	I	Synonymous	0.00	Neutral	107	30	0.832	Tolerated	2.92	79		ENSG00000196208	GREB1_HUMAN	GO:0016020, GO:0016021
13	2, 11741097, C, T	ENSP00000370896	1949	1	GAG AT[C/T] CAC	835	I	I	Synonymous	0.00	Neutral	107	30	0.832	Tolerated	2.92	79		ENSG00000196208	GREB1_HUMAN	GO:0016020, GO:0016021
13	2, 11741097, C, T	ENSP00000403886	541	1	GAG AT[C/T] CAC	469	I	I	Synonymous	0.00	Neutral	102	30	0.744	Tolerated	2.87	75		ENSG00000196208		
14	2, 62132957, C, T	ENSP00000308236	190	1	GAG TT[C/T] CGC	48	F	F	Synonymous	0.00	Neutral	82	30	1.000	Tolerated	2.91	45		ENSG00000173163	COMD1_HUMAN	GO:0031398, GO:0032088, GO:0032434, GO:0055070, GO:0005634, GO:0005730, GO:0005737, GO:0030054, GO:0031462, GO:0005507, GO:0005515, GO:0042802, GO:0042803, GO:0046872
14	2, 62132957, C, T	ENSP00000398727	50	1	GAG TT[C/T] CGC	22	F	F	Synonymous	0.00	Neutral	48	11	1.000	Tolerated	3.82	18		ENSG00000173163		
14	2, 62132957, C, T	ENSP00000416997	98	1	GAG TT[C/T] CGC	48	F	F	Synonymous	0.00	Neutral	58	18	1.000	Tolerated	4.32	43		ENSG00000173163		
14	2, 62132957, C, T	ENSP00000438961	159	1	GAG TT[C/T] CGC	48	F	F	Synonymous	0.00	Neutral	82	30	1.000	Tolerated	2.84	48		ENSG00000173163		GO:0005634, GO:0005730, GO:0005737, GO:0030054
15	2, 223916944, G, A	record not found																			
16	2, 227660575, G, A	ENSP00000304895	1242	-1	GGG GT[C/T] GAG	960	V	V	Synonymous	0.00	Neutral	113	30	1.000	Tolerated	3.35	39		ENSG00000169047	IRS1_HUMAN	GO:0002053, GO:0007165, GO:0007169, GO:0008284, GO:0008286, GO:0008543, GO:0010468, GO:0010907, GO:0014065, GO:0016042, GO:0030335, GO:0030879, GO:0032000, GO:0032868, GO:0032869, GO:0034504, GO:0042327, GO:0042593, GO:0043434, GO:0043491, GO:0043552, GO:0045725, GO:0046326, GO:0046627, GO:0046628, GO:0046676, GO:0048009, GO:0048011, GO:0048015, GO:0051291, GO:0070094, GO:0090275, GO:0005634, GO:0005737, GO:0005792, GO:0005829, GO:0005886, GO:0005899, GO:0005901, GO:0004871, GO:0005010, GO:0005068, GO:0005080, GO:0005158, GO:0005159, GO:0005515, GO:0042169, GO:0043548, GO:0046934, GO:0019904, GO:0019901
17	2, 234356817, T, A	ENSP00000264057	1214	1	ATC [T/A]CC TCG	502	S	T	Single AA Change	-2.05	Neutral	180	30	0.195	Tolerated	2.83	148		ENSG00000077044	DGKD_HUMAN	GO:0006897, GO:0007165, GO:0007173, GO:0007205, GO:0007275, GO:0007596, GO:0010033, GO:0015031, GO:0016049, GO:0019932, GO:0030168, GO:0035556, GO:0046339, GO:0051260, GO:0005737, GO:0005886, GO:0016023, GO:0000166, GO:0004143, GO:0005515, GO:0005524, GO:0016740, GO:0019992, GO:0042803, GO:0046872, GO:0046982
17	2, 234356817, T, A	ENSP00000386455	1170	1	ATC [T/A]CC TCG	458	S	T	Single AA Change	-2.05	Neutral	180	30	0.295	Tolerated	2.85	159		ENSG00000077044		GO:0007205, GO:0035556, GO:0004143, GO:0005515
17	2, 234356817, T, A	ENSP00000390970	451	1	ATC [T/A]CC TCG	163	S	T	Single AA Change	-2.53	Deleterious	145	30	0.126	Tolerated	2.80	165		ENSG00000077044		GO:0007205, GO:0004143
18	3, 38417703, T, C	ENSP00000207870	536	1	GAG A[T/C]G GGC	367	M	T	Single AA Change	-0.94	Neutral	102	30	0.326	Tolerated	2.81	100		ENSG00000093217	XYLB_HUMAN	GO:0005975, GO:0005998, GO:0006091, GO:0042732, GO:0000166, GO:0004856, GO:0005524, GO:0016301, GO:0016740, GO:0016773
18	3, 38417703, T, C	ENSP00000443659	399	1	GAG A[T/C]G GGC	230	M	T	Single AA Change	-0.94	Neutral	107	30	0.328	Tolerated	2.82	101		ENSG00000093217		GO:0005975, GO:0016301, GO:0016773
19	3, 38770247, A, T	ENSP00000390600	1956	-1	CTC C[T/A]A GGG	809	L	Q	Single AA Change	-3.45	Deleterious	557	30	0.000	Damaging	3.22	396		ENSG00000185313	SCNAA_HUMAN	GO:0006811, GO:0006814, GO:0007600, GO:0055085, GO:0001518, GO:0005886, GO:0016020, GO:0016021, GO:0044299, GO:0030424, GO:0005216, GO:0005244, GO:0005248, GO:0005515
20	3, 38802231, G, T	ENSP00000390600	1956	-1	GAT AT[C/A] TAC	297	I	I	Synonymous	0.00	Neutral	557	30	0.405	Tolerated	3.26	371		ENSG00000185313	SCNAA_HUMAN	GO:0006811, GO:0006814, GO:0007600, GO:0055085, GO:0001518, GO:0005886, GO:0016020, GO:0016021, GO:0044299, GO:0030424, GO:0005216, GO:0005244, GO:0005248, GO:0005515
21	3, 48956273, C, T	ENSP00000386193	290	-1	CCG [G/A]AA GTG	104	E	K	Single AA Change	-2.67	Deleterious	3	3	NA	NA	NA	NA		ENSG00000221883	CC071_HUMAN	GO:0016020, GO:0016021
22	3, 125216784, G, A	ENSP00000251775	450	-1	GAT C[C/T]A GAT	148	P	L	Single AA Change	-6.61	Deleterious	87	30	0.008	Damaging	2.87	60		ENSG00000114520	SNX4_HUMAN	GO:0006897, GO:0007154, GO:0015031, GO:0032456, GO:0005737, GO:0005768, GO:0005868, GO:0016020, GO:0031901, GO:0005515, GO:0008289, GO:0035091
22	3, 125216784, G, A	ENSP00000420175	155	-1	GAT C[C/T]A GAT	101	P	L	Single AA Change	-5.97	Deleterious	85	30	0.008	Damaging	2.87	64		ENSG00000114520		GO:0007154, GO:0005515, GO:0035091
22	3, 125216784, G, A	ENSP00000440824	305	-1	GAT C[C/T]A GAT	3	P	L	Single AA Change	-6.58	Deleterious	87	30	0.012	Damaging	2.92	54		ENSG00000114520		GO:0007154, GO:0005515, GO:0035091
23	3, 150916498, G, A	ENSP00000308479	319	-1	ATA [C/T]TT TTA	226	L	F	Single AA Change	3.73	Neutral	223	30	1.000	Tolerated	2.83	51		ENSG00000174946	GP171_HUMAN	GO:0007186, GO:0005886, GO:0016021, GO:0004871, GO:0004872, GO:0004930, GO:0045028
24	3, 170201263, C, T	ENSP00000231706	771	-1	ACG [G/A]AA TCC	319	E	K	Single AA Change	-1.30	Neutral	173	30	0.204	Tolerated	2.88	62		ENSG00000013293	S7A14_HUMAN	GO:0006810, GO:0010923, GO:0055085, GO:0016020, GO:0016021, GO:0015171
25	4, 79321964, G, A	ENSP00000264895	4012	1	AAC A[G/A]A ATC	1351	R	K	Single AA Change	-0.64	Neutral	94	30	1.000	Tolerated	2.87	77		ENSG00000138759		GO:0002009, GO:0007154, GO:0015031, GO:0043588, GO:0005604, GO:0016021, GO:0005515
25	4, 79321964, G, A	ENSP00000326330	1976	1	AAC A[G/A]A ATC	1351	R	K	Single AA Change	-0.33	Neutral	60	30	0.900	Tolerated	2.86	35		ENSG00000138759		GO:0005515
26	4, 106638860, T, C	ENSP00000353695	633	1	CTT CA[T/C] ACA	30	H	H	Synonymous	0.00	Neutral	109	30	1.000	Tolerated	2.95	59		ENSG00000138780	GSTCD_HUMAN	GO:0006364, GO:0008150, GO:0005575, GO:0005737, GO:0003674, GO:0008168, GO:0008649, GO:0005515
26	4, 106638860, T, C	ENSP00000378216	633	1	CTT CA[T/C] ACA	30	H	H	Synonymous	0.00	Neutral	109	30	1.000	Tolerated	2.95	59		ENSG00000138780	GSTCD_HUMAN	GO:0006364, GO:0008150, GO:0005575, GO:0005737, GO:0003674, GO:0008168, GO:0008649
26	4, 106638860, T, C	ENSP00000378218	546	1	CTT CA[T/C] ACA	30	H	H	Synonymous	0.00	Neutral	109	30	1.000	Tolerated	4.32	12		ENSG00000138780		GO:0006364, GO:0005737, GO:0008168, GO:0008649
26	4, 106638860, T, C	ENSP00000422354	633	1	CTT CA[T/C] ACA	30	H	H	Synonymous	0.00	Neutral	109	30	1.000	Tolerated	2.95	59		ENSG00000138780		GO:0006364, GO:0008150, GO:0005575, GO:0005737, GO:0003674, GO:0008168, GO:0008649
26	4, 106638860, T, C	ENSP00000422858	340	1	CTT CA[T/C] ACA	30	H	H	Synonymous	0.00	Neutral	107	30	1.000	Tolerated	3.73	14		ENSG00000138780		
26	4, 106638860, T, C	ENSP00000423639	40	1	CTT CA[T/C] ACA	30	H	H	Synonymous	0.00	Neutral	60	7	1.000	Tolerated	4.02	46		ENSG00000138780		
26	4, 106638860, T, C	ENSP00000423779	167	1	CTT CA[T/C] ACA	30	H	H	Synonymous	0.00	Neutral	100	28	1.000	Tolerated	2.85	64		ENSG00000138780		
26	4, 106638860, T, C	ENSP00000423792	166	1	CTT CA[T/C] ACA	30	H	H	Synonymous	0.00	Neutral	100	28	1.000	Tolerated	2.90	65		ENSG00000138780		
27	4, 110862211, G, A	ENSP00000265171	1207	1	ATC AT[G/A] GAT	79	M	I	Single AA Change	-1.01	Neutral	125	30	0.196	Tolerated	2.82	122		ENSG00000138798	EGF_HUMAN	GO:0000186, GO:0001525, GO:0002576, GO:0006260, GO:0007165, GO:0007173, GO:0007262, GO:0007596, GO:0008284, GO:0010800, GO:0021940, GO:0030168, GO:0035413, GO:0042059, GO:0042327, GO:0043388, GO:0043406, GO:0045741, GO:0045840, GO:0045893, GO:0048754, GO:0050708, GO:0050730, GO:0051048, GO:0060749, GO:0070371, GO:0090279, GO:0090370, GO:2000008, GO:2000060, GO:0018108, GO:0051223, GO:0005576, GO:0005615, GO:0005625, GO:0005886, GO:0016021, GO:0031093, GO:0005154, GO:0005509, GO:0005515, GO:0008083, GO:0030297
27	4, 110862211, G, A	ENSP00000421384	1166	1	ATC AT[G/A] GAT	79	M	I	Single AA Change	-1.01	Neutral	125	30	0.214	Tolerated	2.84	88		ENSG00000138798		GO:0016020, GO:0016021, GO:0005509, GO:0005515
27	4, 110862211, G, A	ENSP00000424316	1165	1	ATC AT[G/A] GAT	79	M	I	Single AA Change	-0.98	Neutral	185	30	0.187	Tolerated	2.85	115		ENSG00000138798	EGF_HUMAN	GO:0000186, GO:0001525, GO:0002576, GO:0006260, GO:0007165, GO:0007173, GO:0007262, GO:0007596, GO:0008284, GO:0010800, GO:0021940, GO:0030168, GO:0035413, GO:0042059, GO:0042327, GO:0043388, GO:0043406, GO:0045741, GO:0045840, GO:0045893, GO:0048754, GO:0050708, GO:0050730, GO:0051048, GO:0060749, GO:0070371, GO:0090279, GO:0090370, GO:2000008, GO:2000060, GO:0005576, GO:0005615, GO:0005625, GO:0005886, GO:0016021, GO:0031093, GO:0005154, GO:0005509, GO:0005515, GO:0008083, GO:0030297
28	4, 164449910, A, G	ENSP00000274056	289	-1	GTT G[T/C]A TCA	287	V	A	Single AA Change	-0.59	Neutral	141	30	0.003	Damaging	4.13	75		ENSG00000145416	MARH1_HUMAN	GO:0000209, GO:0002495, GO:0006955, GO:0005764, GO:0005765, GO:0005768, GO:0005789, GO:0005794, GO:0005886, GO:0016021, GO:0030659, GO:0031410, GO:0031901, GO:0031902, GO:0032588, GO:0004842, GO:0005515, GO:0008270, GO:0016874, GO:0042287, GO:0046872
28	4, 164449910, A, G	ENSP00000345676	272	-1	GTT G[T/C]A TCA	270	V	A	Single AA Change	-0.62	Neutral	138	30	0.004	Damaging	4.10	77		ENSG00000145416		GO:0005515, GO:0008270
28	4, 164449910, A, G	ENSP00000421322	545	-1	GTT G[T/C]A TCA	543	V	A	Single AA Change	-0.66	Neutral	135	30	0.098	Tolerated	3.65	77		ENSG00000145416		GO:0005515, GO:0008270
28	4, 164449910, A, G	ENSP00000427223	289	-1	GTT G[T/C]A TCA	287	V	A	Single AA Change	-0.59	Neutral	141	30	0.003	Damaging	4.13	75		ENSG00000145416		GO:0000209, GO:0002495, GO:0006955, GO:0005764, GO:0005765, GO:0005768, GO:0005789, GO:0005794, GO:0005886, GO:0016021, GO:0030659, GO:0031410, GO:0031901, GO:0031902, GO:0032588, GO:0004842, GO:0005515, GO:0008270, GO:0016874, GO:0042287, GO:0046872
29	4, 167983654, G, A	ENSP00000349677	436	-1	AAA C[C/T]C TTC	78	P	L	Single AA Change	-2.83	Deleterious	222	30	0.006	Damaging	3.00	142		ENSG00000196104	TICN3_HUMAN	GO:0007165, GO:0010951, GO:0019800, GO:0005576, GO:0005578, GO:0005615, GO:0031012, GO:0004857, GO:0005509, GO:0005515, GO:0005539, GO:0008191
29	4, 167983654, G, A	ENSP00000350153	433	-1	AAA C[C/T]C TTC	75	P	L	Single AA Change	-2.92	Deleterious	224	30	0.008	Damaging	3.02	138		ENSG00000196104		GO:0007165, GO:0019800, GO:0005578, GO:0005509, GO:0005515, GO:0005539
29	4, 167983654, G, A	ENSP00000411344	385	-1	AAA C[C/T]C TTC	27	P	L	Single AA Change	-2.96	Deleterious	226	30	0.006	Damaging	3.07	139		ENSG00000196104		GO:0007165, GO:0019800, GO:0005578, GO:0005509, GO:0005515, GO:0005539
29	4, 167983654, G, A	ENSP00000420920	436	-1	AAA C[C/T]C TTC	78	P	L	Single AA Change	-2.83	Deleterious	222	30	0.006	Damaging	3.00	142		ENSG00000196104		GO:0007165, GO:0010951, GO:0019800, GO:0005576, GO:0005578, GO:0005615, GO:0031012, GO:0004857, GO:0005509, GO:0005515, GO:0005539, GO:0008191
29	4, 167983654, G, A	ENSP00000420928	122	-1	AAA C[C/T]C TTC	78	P	L	Single AA Change	-4.05	Deleterious	191	25	0.006	Damaging	3.23	143		ENSG00000196104		GO:0019800, GO:0005539
29	4, 167983654, G, A	ENSP00000422336	122	-1	AAA C[C/T]C TTC	78	P	L	Single AA Change	-4.05	Deleterious	191	25	0.006	Damaging	3.23	143		ENSG00000196104		GO:0019800, GO:0005539
29	4, 167983654, G, A	ENSP00000423176	173	-1	AAA C[C/T]C TTC	75	P	L	Single AA Change	-2.77	Deleterious	223	30	0.106	Tolerated	2.99	103		ENSG00000196104		GO:0007165, GO:0019800, GO:0005578, GO:0005509, GO:0005539
29	4, 167983654, G, A	ENSP00000423367	161	-1	AAA C[C/T]C TTC	75	P	L	Single AA Change	-3.48	Deleterious	210	30	0.009	Damaging	3.04	141		ENSG00000196104		GO:0019800, GO:0005515, GO:0005539
29	4, 167983654, G, A	ENSP00000423421	436	-1	AAA C[C/T]C TTC	78	P	L	Single AA Change	-2.83	Deleterious	222	30	0.006	Damaging	3.00	142		ENSG00000196104		GO:0007165, GO:0010951, GO:0019800, GO:0005576, GO:0005578, GO:0005615, GO:0031012, GO:0004857, GO:0005509, GO:0005515, GO:0005539, GO:0008191
29	4, 167983654, G, A	ENSP00000423606	436	-1	AAA C[C/T]C TTC	78	P	L	Single AA Change	-2.83	Deleterious	222	30	0.006	Damaging	3.00	142		ENSG00000196104		GO:0007165, GO:0010951, GO:0019800, GO:0005576, GO:0005578, GO:0005615, GO:0031012, GO:0004857, GO:0005509, GO:0005515, GO:0005539, GO:0008191
29	4, 167983654, G, A	ENSP00000424168	115	-1	AAA C[C/T]C TTC	78	P	L	Single AA Change	-4.13	Deleterious	191	25	0.006	Damaging	3.22	143		ENSG00000196104		GO:0019800, GO:0005539
29	4, 167983654, G, A	ENSP00000424674	79	-1	AAA C[C/T]C TTC	75	P	L	Single AA Change	-5.50	Deleterious	156	19	0.002	Damaging	3.33	117		ENSG00000196104		GO:0019800, GO:0005539
29	4, 167983654, G, A	ENSP00000425407	115	-1	AAA C[C/T]C TTC	78	P	L	Single AA Change	-4.13	Deleterious	191	25	0.006	Damaging	3.22	143		ENSG00000196104		GO:0019800, GO:0005539
29	4, 167983654, G, A	ENSP00000425502	433	-1	AAA C[C/T]C TTC	75	P	L	Single AA Change	-2.92	Deleterious	224	30	0.008	Damaging	3.02	138		ENSG00000196104		GO:0007165, GO:0019800, GO:0005578, GO:0005509, GO:0005515, GO:0005539
29	4, 167983654, G, A	ENSP00000425570	433	-1	AAA C[C/T]C TTC	75	P	L	Single AA Change	-2.92	Deleterious	224	30	0.008	Damaging	3.02	138		ENSG00000196104		GO:0007165, GO:0019800, GO:0005578, GO:0005509, GO:0005515, GO:0005539
29	4, 167983654, G, A	ENSP00000425712	79	-1	AAA C[C/T]C TTC	75	P	L	Single AA Change	-5.50	Deleterious	156	19	0.002	Damaging	3.33	117		ENSG00000196104		GO:0019800, GO:0005539
29	4, 167983654, G, A	ENSP00000425859	83	-1	AAA C[C/T]C TTC	39	P	L	Single AA Change	-4.38	Deleterious	190	24	0.006	Damaging	3.42	131		ENSG00000196104		
29	4, 167983654, G, A	ENSP00000426177	313	-1	AAA C[C/T]C TTC	75	P	L	Single AA Change	-2.98	Deleterious	215	30	0.006	Damaging	3.03	138		ENSG00000196104		GO:0007165, GO:0019800, GO:0005578, GO:0005509, GO:0005515, GO:0005539
29	4, 167983654, G, A	ENSP00000426716	393	-1	AAA C[C/T]C TTC	75	P	L	Single AA Change	-2.92	Deleterious	226	30	0.008	Damaging	3.14	144		ENSG00000196104		GO:0007165, GO:0019800, GO:0005578, GO:0005509, GO:0005515, GO:0005539
29	4, 167983654, G, A	ENSP00000426995	89	-1	AAA C[C/T]C TTC	75	P	L	Single AA Change	-5.24	Deleterious	163	19	0.004	Damaging	3.35	112		ENSG00000196104		GO:0019800, GO:0005539
30	5, 3600023, G, A	ENSP00000305244	480	1	GCG [G/A]AG ACA	321	E	K	Single AA Change	-2.60	Deleterious	134	30	0.008	Damaging	2.80	62		ENSG00000170549	IRX1_HUMAN	GO:0006355, GO:0005634, GO:0003677, GO:0003700, GO:0043565
31	5, 19483591, G, T	ENSP00000274170	790	-1	CTG CC[C/A] ATT	567	P	P	Synonymous	0.00	Neutral	402	30	1.000	Tolerated	2.95	390		ENSG00000145526	CAD18_HUMAN	GO:0007155, GO:0007156, GO:0034329, GO:0034332, GO:0045216, GO:0005886, GO:0016020, GO:0016021, GO:0005509
31	5, 19483591, G, T	ENSP00000371710	790	-1	CTG CC[C/A] ATT	567	P	P	Synonymous	0.00	Neutral	402	30	1.000	Tolerated	2.95	390		ENSG00000145526	CAD18_HUMAN	GO:0007155, GO:0007156, GO:0034329, GO:0034332, GO:0045216, GO:0005886, GO:0016020, GO:0016021, GO:0005509
31	5, 19483591, G, T	ENSP00000425093	790	-1	CTG CC[C/A] ATT	567	P	P	Synonymous	0.00	Neutral	402	30	1.000	Tolerated	2.95	390		ENSG00000145526		GO:0007155, GO:0007156, GO:0034329, GO:0034332, GO:0045216, GO:0005886, GO:0016020, GO:0016021, GO:0005509
31	5, 19483591, G, T	ENSP00000444553	790	-1	CTG CC[C/A] ATT	567	P	P	Synonymous	0.00	Neutral	402	30	1.000	Tolerated	2.95	390		ENSG00000145526		GO:0007155, GO:0007156, GO:0034329, GO:0034332, GO:0045216, GO:0005886, GO:0016020, GO:0016021, GO:0005509
32	5, 73931301, G, A	ENSP00000306356	589	-1	TGT G[C/T]G ATT	337	A	V	Single AA Change	-1.45	Neutral	809	30	0.000	Damaging	3.94	386		ENSG00000171617	ENC1_HUMAN	GO:0007275, GO:0007399, GO:0005634, GO:0005737, GO:0005856, GO:0016363, GO:0003779, GO:0005515
32	5, 73931301, G, A	ENSP00000423804	516	-1	TGT G[C/T]G ATT	264	A	V	Single AA Change	-1.24	Neutral	790	30	0.000	Damaging	3.96	386		ENSG00000171617		GO:0005515
32	5, 73931301, G, A	ENSP00000446289	589	-1	TGT G[C/T]G ATT	337	A	V	Single AA Change	-1.45	Neutral	809	30	0.000	Damaging	3.94	386		ENSG00000171617		GO:0007275, GO:0007399, GO:0005634, GO:0005737, GO:0005856, GO:0016363, GO:0003779, GO:0005515
33	5, 74054694, C, T	ENSP00000296804	732	-1	TCC G[G/A]A TAT	95	G	E	Single AA Change	-7.85	Deleterious	107	30	0.000	Damaging	2.86	82		ENSG00000164347		GO:0005739, GO:0000166, GO:0003924, GO:0005525
33	5, 74054694, C, T	ENSP00000296805	779	-1	TCC G[G/A]A TAT	95	G	E	Single AA Change	-7.85	Deleterious	106	30	0.000	Damaging	2.87	82		ENSG00000164347	RRF2M_HUMAN	GO:0006184, GO:0032543, GO:0032790, GO:0005739, GO:0000166, GO:0003924, GO:0005525
33	5, 74054694, C, T	ENSP00000405808	513	-1	TCC G[G/A]A TAT	95	G	E	Single AA Change	-7.85	Deleterious	100	30	0.000	Damaging	2.84	99		ENSG00000164347		GO:0005739, GO:0000166, GO:0003924, GO:0005525
33	5, 74054694, C, T	ENSP00000421717	285	-1	TCC G[G/A]A TAT	95	G	E	Single AA Change	-7.62	Deleterious	358	30	0.000	Damaging	2.93	393		ENSG00000164347		GO:0000166, GO:0003924, GO:0005525
33	5, 74054694, C, T	ENSP00000424877	64	-1	TCC G[G/A]A TAT	20	G	E	Single AA Change	-7.99	Deleterious	132	30	0.000	Damaging	3.34	376		ENSG00000164347		GO:0005739, GO:0000166, GO:0003924, GO:0005525
33	5, 74054694, C, T	ENSP00000427004	779	-1	TCC G[G/A]A TAT	95	G	E	Single AA Change	-7.85	Deleterious	106	30	0.000	Damaging	2.87	82		ENSG00000164347		GO:0006184, GO:0032543, GO:0032790, GO:0005739, GO:0000166, GO:0003924, GO:0005525
33	5, 74054694, C, T	ENSP00000437810	601	-1	TCC G[G/A]A TAT	95	G	E	Single AA Change	-7.85	Deleterious	100	30	0.000	Damaging	2.79	127		ENSG00000164347		GO:0005739, GO:0000166, GO:0003924, GO:0005525
34	5, 82835999, G, A	ENSP00000265077	3396	1	AAC [G/A]AA ACA	2393	E	K	Single AA Change	-1.24	Neutral	102	30	0.049	Damaging	3.25	42	rs138857370	ENSG00000038427	CSPG2_HUMAN	GO:0007155, GO:0007275, GO:0007507, GO:0008037, GO:0008347, GO:0009611, GO:0031103, GO:0005576, GO:0005578, GO:0005615, GO:0031012, GO:0005488, GO:0005509, GO:0005515, GO:0005529, GO:0005539, GO:0005540
34	5, 82835999, G, A	ENSP00000340062	2409	1	AAC [G/A]AA ACA	1406	E	K	Single AA Change	-0.94	Neutral	100	30	0.043	Damaging	3.39	40	rs138857370	ENSG00000038427		GO:0007155, GO:0005488, GO:0005509, GO:0005515, GO:0005540
35	5, 93077147, A, T	record not found																			
36	5, 110710578, G, A	ENSP00000282356	473	1	ATA [G/A]GA GTT	91	G	R	Single AA Change	-2.67	Deleterious	137	30	0.104	Tolerated	2.82	298		ENSG00000152495	KCC4_HUMAN	GO:0006468, GO:0006913, GO:0006954, GO:0007165, GO:0007202, GO:0007268, GO:0007270, GO:0007616, GO:0033081, GO:0043011, GO:0045670, GO:0045893, GO:0046827, GO:0048011, GO:0005634, GO:0005654, GO:0005737, GO:0005829, GO:0000166, GO:0004672, GO:0004683, GO:0004713, GO:0005516, GO:0005524, GO:0016772, GO:0005515
36	5, 110710578, G, A	ENSP00000421606	109	1	ATA [G/A]GA GTT	91	G	R	Single AA Change	-4.78	Deleterious	138	30	0.015	Damaging	2.82	89		ENSG00000152495		GO:0006468, GO:0000166, GO:0004672, GO:0005524, GO:0016772
36	5, 110710578, G, A	ENSP00000422634	473	1	ATA [G/A]GA GTT	91	G	R	Single AA Change	-2.67	Deleterious	137	30	0.104	Tolerated	2.82	298		ENSG00000152495		GO:0006468, GO:0006913, GO:0006954, GO:0007165, GO:0007202, GO:0007268, GO:0007270, GO:0007616, GO:0033081, GO:0043011, GO:0045670, GO:0045893, GO:0046827, GO:0048011, GO:0005634, GO:0005654, GO:0005737, GO:0005829, GO:0000166, GO:0004672, GO:0004683, GO:0004713, GO:0005516, GO:0005524, GO:0016772
36	5, 110710578, G, A	ENSP00000426940	142	1	ATA [G/A]GA GTT	91	G	R	Single AA Change	-3.97	Deleterious	107	30	0.024	Damaging	2.85	204		ENSG00000152495		GO:0006468, GO:0006913, GO:0007165, GO:0007270, GO:0045893, GO:0046827, GO:0005634, GO:0005737, GO:0000166, GO:0004672, GO:0004683, GO:0005524, GO:0016772
37	5, 120022182, C, T	ENSP00000368869	281	1	GAG GT[C/T] CAC	208	V	V	Synonymous	0.00	Neutral	57	9	1.000	Tolerated	3.56	36		ENSG00000184838		
37	5, 120022182, C, T	ENSP00000385118	304	1	GAG GT[C/T] CAC	231	V	V	Synonymous	0.00	Neutral	85	20	1.000	Tolerated	3.16	41		ENSG00000184838	PRR16_HUMAN	
37	5, 120022182, C, T	ENSP00000405491	234	1	GAG GT[C/T] CAC	161	V	V	Synonymous	0.00	Neutral	52	9	1.000	Tolerated	3.56	34		ENSG00000184838		
37	5, 120022182, C, T	ENSP00000423446	234	1	GAG GT[C/T] CAC	161	V	V	Synonymous	0.00	Neutral	52	9	1.000	Tolerated	3.56	34		ENSG00000184838		
38	5, 139197070, G, A	ENSP00000274710	771	1	AAC [G/A]AG TTT	341	E	K	Single AA Change	-3.47	Deleterious	154	30	0.026	Damaging	2.81	360		ENSG00000146005	PSD2_HUMAN	GO:0032012, GO:0005622, GO:0005737, GO:0016020, GO:0016021, GO:0043025, GO:0030425, GO:0005086, GO:0005515
39	5, 140558546, G, A	ENSP00000239444	801	1	TTC [G/A]AA AAA	311	E	K	Single AA Change	-3.98	Deleterious	385	30	0.001	Damaging	3.11	390	rs148140727	ENSG00000120322	PCDB8_HUMAN	GO:0007155, GO:0007156, GO:0005886, GO:0016020, GO:0016021, GO:0005509
40	6, 24476466, C, T	ENSP00000230036	840	-1	ACT CC[G/A] TTT	91	P	P	Synonymous	0.00	Neutral	69	30	1.000	Tolerated	2.87	40		ENSG00000112293	PHLD_HUMAN	GO:0006507, GO:0005576, GO:0005578, GO:0004621, GO:0004630, GO:0016787
40	6, 24476466, C, T	ENSP00000367489	176	-1	ACT CC[G/A] TTT	91	P	P	Synonymous	0.00	Neutral	70	30	1.000	Tolerated	2.89	57		ENSG00000112293		
41	6, 29080319, C, T	ENSP00000366374	311	1	ATT [C/T]TC ACT	218	L	F	Single AA Change	-3.54	Deleterious	472	30	0.019	Damaging	2.89	397		ENSG00000204701	OR2J3_HUMAN	GO:0007186, GO:0050896, GO:0005886, GO:0016021, GO:0004871, GO:0004872, GO:0004930, GO:0004984
42	6, 30899570, G, A	ENSP00000351989	78	-1	GGG [C/T]CG GGT	22	P	S	Single AA Change	-5.63	Deleterious	21	8	0.109	Tolerated	3.54	18		ENSG00000196260	SFTA2_HUMAN	GO:0005576
43	6, 32797227, G, A	ENSP00000364032	686	-1	GTC [C/T]TC ATC	628	L	F	Single AA Change	-3.59	Deleterious	240	30	0.002	Damaging	2.82	117		ENSG00000204267	TAP2_HUMAN	GO:0001916, GO:0002474, GO:0002481, GO:0002485, GO:0002489, GO:0002591, GO:0006810, GO:0015031, GO:0015833, GO:0019060, GO:0019885, GO:0044419, GO:0046967, GO:0046968, GO:0055085, GO:0005634, GO:0005783, GO:0005789, GO:0005886, GO:0016021, GO:0030176, GO:0042825, GO:0000166, GO:0005215, GO:0005515, GO:0005524, GO:0015197, GO:0015421, GO:0015433, GO:0016887, GO:0017111, GO:0042288, GO:0042605, GO:0042626, GO:0046978, GO:0046979, GO:0046980
43	6, 32797227, G, A	ENSP00000364034	653	-1	GTC [C/T]TC ATC	628	L	F	Single AA Change	-3.52	Deleterious	241	30	0.002	Damaging	2.85	125		ENSG00000204267	TAP2_HUMAN	GO:0001916, GO:0002474, GO:0002481, GO:0002485, GO:0002489, GO:0002591, GO:0006810, GO:0015031, GO:0015833, GO:0019060, GO:0019885, GO:0044419, GO:0046967, GO:0046968, GO:0055085, GO:0005634, GO:0005783, GO:0005789, GO:0005886, GO:0016021, GO:0030176, GO:0042825, GO:0000166, GO:0005215, GO:0005515, GO:0005524, GO:0015197, GO:0015421, GO:0015433, GO:0016887, GO:0017111, GO:0042288, GO:0042605, GO:0042626, GO:0046978, GO:0046979, GO:0046980
43	6, 32797227, G, A	ENSP00000391806	843	-1	GTC [C/T]TC ATC	628	L	F	Single AA Change	-3.53	Deleterious	240	30	0.001	Damaging	2.81	350		ENSG00000250264		GO:0002504, GO:0006810, GO:0006955, GO:0019882, GO:0055085, GO:0005634, GO:0005783, GO:0016020, GO:0016021, GO:0042613, GO:0000166, GO:0005215, GO:0005515, GO:0005524, GO:0015197, GO:0016887, GO:0017111, GO:0042626
43	6, 32797227, G, A	ENSP00000451533	769	-1	GTC [C/T]TC ATC	628	L	F	Single AA Change	-3.53	Deleterious	241	30	0.001	Damaging	2.78	198		ENSG00000204267		GO:0002504, GO:0006810, GO:0006955, GO:0019882, GO:0055085, GO:0005634, GO:0005783, GO:0016020, GO:0016021, GO:0042613, GO:0000166, GO:0005215, GO:0005515, GO:0005524, GO:0015197, GO:0016887, GO:0017111, GO:0042626
44	6, 42236937, C, A	ENSP00000339438	1129	-1	ATC C[G/T]G ACC	131	R	L	Single AA Change	-2.57	Deleterious	134	30	0.000	Damaging	4.13	19		ENSG00000124496		GO:0005622, GO:0003677, GO:0008270
44	6, 42236937, C, A	ENSP00000346285	1117	-1	ATC C[G/T]G ACC	131	R	L	Single AA Change	-2.63	Deleterious	134	30	0.000	Damaging	4.05	17		ENSG00000124496		GO:0005622, GO:0003677, GO:0008270
44	6, 42236937, C, A	ENSP00000362008	1129	-1	ATC C[G/T]G ACC	131	R	L	Single AA Change	-2.57	Deleterious	134	30	0.000	Damaging	4.13	19		ENSG00000124496		GO:0005622, GO:0003677, GO:0008270
44	6, 42236937, C, A	ENSP00000362013	1200	-1	ATC C[G/T]G ACC	131	R	L	Single AA Change	-2.89	Deleterious	133	30	0.000	Damaging	3.68	41		ENSG00000124496	TREF1_HUMAN	GO:0006694, GO:0006707, GO:0007275, GO:0042592, GO:0045893, GO:0046885, GO:0005622, GO:0005634, GO:0001104, GO:0003677, GO:0003700, GO:0008134, GO:0008270, GO:0008301, GO:0030374, GO:0046872
44	6, 42236937, C, A	ENSP00000439689	1220	-1	ATC C[G/T]G ACC	131	R	L	Single AA Change	-2.85	Deleterious	133	30	0.000	Damaging	3.67	42		ENSG00000124496		GO:0005622, GO:0003677, GO:0008270
45	6, 49483398, G, A	ENSP00000360240	288	1	CGT GG[G/A] AAC	37	G	G	Synonymous	0.00	Neutral	130	30	1.000	Tolerated	2.77	31		ENSG00000203972	GLYL3_HUMAN	GO:0005739, GO:0016746, GO:0016747, GO:0047961
45	6, 49483398, G, A	ENSP00000440029	156	1	CGT GG[G/A] AAC	37	G	G	Synonymous	0.00	Neutral	128	30	1.000	Tolerated	2.76	93		ENSG00000203972		GO:0005739, GO:0047961
46	6, 65523399, G, A	ENSP00000359650	3165	-1	ATT TG[C/T] CCA	1105	C	C	Synonymous	0.00	Neutral	75	30	1.000	Tolerated	2.84	214		ENSG00000188107	EYS_HUMAN	GO:0007601, GO:0050896, GO:0005576, GO:0005509, GO:0005515
46	6, 65523399, G, A	ENSP00000359655	3165	-1	ATT TG[C/T] CCA	1105	C	C	Synonymous	0.00	Neutral	75	30	1.000	Tolerated	2.84	214		ENSG00000188107	EYS_HUMAN	GO:0007601, GO:0050896, GO:0005576, GO:0005509, GO:0005515
46	6, 65523399, G, A	ENSP00000424243	3144	-1	ATT TG[C/T] CCA	1105	C	C	Synonymous	0.00	Neutral	72	30	1.000	Tolerated	2.83	191		ENSG00000188107		GO:0005509, GO:0005515
47	6, 101073135, A, G	ENSP00000358159	2202	-1	GCT T[T/C]G GAA	1573	L	S	Single AA Change	-4.80	Deleterious	109	30	0.001	Damaging	2.85	80		ENSG00000112249		GO:0006355, GO:0005622, GO:0005737, GO:0005794, GO:0000166, GO:0003676, GO:0003677, GO:0004386, GO:0005524, GO:0008026, GO:0016787, GO:0017111
48	6, 161139366, G, A	ENSP00000308938	810	1	TGT CT[G/A] AAG	276	L	L	Synonymous	0.00	Neutral	154	30	1.000	Tolerated	2.78	113		ENSG00000122194	PLMN_HUMAN	GO:0002576, GO:0006508, GO:0007596, GO:0008285, GO:0010812, GO:0022617, GO:0030168, GO:0042730, GO:0048771, GO:0051918, GO:0051919, GO:2000048, GO:0051603, GO:0006917, GO:0006915, GO:0071674, GO:0060716, GO:0060707, GO:0046716, GO:0045445, GO:0042246, GO:0005576, GO:0005615, GO:0005886, GO:0031093, GO:0031232, GO:0005792, GO:0019897, GO:0004252, GO:0005515, GO:0008233, GO:0019904, GO:0034185, GO:0043498, GO:0004175
49	6, 167550188, G, A	ENSP00000339393	374	1	CTC C[G/A]A TCC	157	R	Q	Single AA Change	-2.46	Neutral	262	30	0.070	Tolerated	2.82	50		ENSG00000112486	CCR6_HUMAN	GO:0002407, GO:0006928, GO:0006935, GO:0006955, GO:0006959, GO:0006968, GO:0007165, GO:0007186, GO:0007204, GO:0005886, GO:0005887, GO:0016021, GO:0004871, GO:0004872, GO:0004930, GO:0004950, GO:0016493
49	6, 167550188, G, A	ENSP00000343952	374	1	CTC C[G/A]A TCC	157	R	Q	Single AA Change	-2.46	Neutral	262	30	0.070	Tolerated	2.82	50		ENSG00000112486	CCR6_HUMAN	GO:0002407, GO:0006928, GO:0006935, GO:0006955, GO:0006959, GO:0006968, GO:0007165, GO:0007186, GO:0007204, GO:0005886, GO:0005887, GO:0016021, GO:0004871, GO:0004872, GO:0004930, GO:0004950, GO:0016493, GO:0005515
49	6, 167550188, G, A	ENSP00000383715	374	1	CTC C[G/A]A TCC	157	R	Q	Single AA Change	-2.46	Neutral	262	30	0.070	Tolerated	2.82	50		ENSG00000112486	CCR6_HUMAN	GO:0002407, GO:0006928, GO:0006935, GO:0006955, GO:0006959, GO:0006968, GO:0007165, GO:0007186, GO:0007204, GO:0005886, GO:0005887, GO:0016021, GO:0004871, GO:0004872, GO:0004930, GO:0004950, GO:0016493
50	7, 23808693, A, T	ENSP00000346660	996	1	TTT T[A/T]T GAC	476	Y	F	Single AA Change	-0.86	Neutral	90	30	0.482	Tolerated	3.28	44		ENSG00000196335		GO:0006468, GO:0004672, GO:0005524
50	7, 23808693, A, T	ENSP00000348132	1019	1	TTT T[A/T]T GAC	499	Y	F	Single AA Change	-0.83	Neutral	90	30	0.462	Tolerated	3.30	44		ENSG00000196335	STK31_HUMAN	GO:0006468, GO:0000166, GO:0004672, GO:0004674, GO:0005524
50	7, 23808693, A, T	ENSP00000406146	996	1	TTT T[A/T]T GAC	476	Y	F	Single AA Change	-0.86	Neutral	90	30	0.482	Tolerated	3.28	44		ENSG00000196335		GO:0006468, GO:0004672, GO:0005524
50	7, 23808693, A, T	ENSP00000411852	996	1	TTT T[A/T]T GAC	499	Y	F	Single AA Change	-0.76	Neutral	90	30	0.488	Tolerated	3.27	43		ENSG00000196335		GO:0006468, GO:0004672, GO:0005524
51	7, 30671908, C, T	ENSP00000373918	739	1	GAT T[C/T]C TCT	650	S	F	Single AA Change	-5.80	Deleterious	140	30	0.000	Damaging	2.79	167		ENSG00000106105	SYG_HUMAN	GO:0006418, GO:0006426, GO:0008219, GO:0010467, GO:0015966, GO:0005625, GO:0005737, GO:0005739, GO:0005759, GO:0005829, GO:0030141, GO:0000166, GO:0004812, GO:0004820, GO:0005524, GO:0016874, GO:0046983, GO:0005515
52	7, 30693086, G, T	ENSP00000340943	438	-1	ACG G[C/A]C GCT	436	A	D	Single AA Change	-0.78	Neutral	233	30	0.007	Damaging	4.07	125		ENSG00000106113		GO:0007166, GO:0007186, GO:0016525, GO:0043951, GO:0043950, GO:0016020, GO:0016021, GO:0005794, GO:0005783, GO:0009986, GO:0004888, GO:0004930, GO:0005179, GO:0005515, GO:0015056
52	7, 30693086, G, T	ENSP00000344304	397	-1	ACG G[C/A]C GCT	395	A	D	Single AA Change	-0.78	Neutral	233	30	0.008	Damaging	4.11	126		ENSG00000106113		GO:0007166, GO:0007186, GO:0016020, GO:0016021, GO:0004888, GO:0004930
52	7, 30693086, G, T	ENSP00000418722	411	-1	ACG G[C/A]C GCT	409	A	D	Single AA Change	-0.78	Neutral	233	30	0.005	Damaging	4.10	121		ENSG00000106113	CRFR2_HUMAN	GO:0007166, GO:0007186, GO:0007188, GO:0005886, GO:0005887, GO:0016020, GO:0016021, GO:0004871, GO:0004872, GO:0004888, GO:0004930, GO:0005515, GO:0015056
53	7, 81746419, C, T	ENSP00000284088	1110	-1	TTT G[G/A]A CGA	156	G	E	Single AA Change	-0.18	Neutral	207	30	0.180	Tolerated	2.81	138		ENSG00000153956		GO:0016020, GO:0005515
53	7, 81746419, C, T	ENSP00000348589	1103	-1	TTT G[G/A]A CGA	156	G	E	Single AA Change	-0.18	Neutral	207	30	0.176	Tolerated	2.80	142		ENSG00000153956		GO:0006811, GO:0006816, GO:0051925, GO:0005891, GO:0016020, GO:0016021, GO:0016529, GO:0030315, GO:0005244, GO:0005245, GO:0005515, GO:0046872
53	7, 81746419, C, T	ENSP00000349320	1091	-1	TTT G[G/A]A CGA	156	G	E	Single AA Change	-0.18	Neutral	207	30	0.172	Tolerated	2.79	142		ENSG00000153956	CA2D1_HUMAN	GO:0006811, GO:0006816, GO:0051925, GO:0051924, GO:0005891, GO:0016020, GO:0016021, GO:0016529, GO:0030315, GO:0005244, GO:0005245, GO:0005515, GO:0046872
53	7, 81746419, C, T	ENSP00000405395	309	-1	TTT G[G/A]A CGA	156	G	E	Single AA Change	-0.82	Neutral	171	30	0.209	Tolerated	2.80	126		ENSG00000153956		
54	7, 100028325, G, A	ENSP00000308546	689	1	GTG GA[G/A] ATC	228	E	E	Synonymous	0.00	Neutral	79	30	1.000	Tolerated	2.83	64		ENSG00000146834	MEPCE_HUMAN	GO:0008168, GO:0016740
55	7, 100028421, G, A	ENSP00000308546	689	1	GGT CG[G/A] AAG	260	R	R	Synonymous	0.00	Neutral	79	30	1.000	Tolerated	2.95	43		ENSG00000146834	MEPCE_HUMAN	GO:0008168, GO:0016740
56	7, 100028794, G, A	ENSP00000308546	689	1	AAG [G/A]AA AAG	385	E	K	Single AA Change	-0.90	Neutral	79	30	0.186	Tolerated	2.94	46		ENSG00000146834	MEPCE_HUMAN	GO:0008168, GO:0016740
57	7, 100028889, G, T	ENSP00000308546	689	1	TAT GG[G/T] AAT	416	G	G	Synonymous	0.00	Neutral	79	30	1.000	Tolerated	2.82	106		ENSG00000146834	MEPCE_HUMAN	GO:0008168, GO:0016740
58	7, 100028931, G, C	ENSP00000308546	689	1	TGT GA[G/C] GAT	430	E	D	Single AA Change	-1.55	Neutral	79	30	0.120	Tolerated	2.79	110		ENSG00000146834	MEPCE_HUMAN	GO:0008168, GO:0016740
59	7, 100028964, G, C	ENSP00000308546	689	1	GAG TG[G/C] TTT	441	W	C	Single AA Change	-8.69	Deleterious	79	30	0.001	Damaging	2.78	114		ENSG00000146834	MEPCE_HUMAN	GO:0008168, GO:0016740
60	7, 128517128, C, A	record not found																			
61	7, 140453136, A, T	ENSP00000288602	766	-1	ACA G[T/A]G AAA	600	V	E	Single AA Change	-4.78	Deleterious	242	30	0.001	Damaging	2.88	204	rs113488022	ENSG00000157764	BRAF_HUMAN	GO:0000186, GO:0006468, GO:0006916, GO:0007165, GO:0007264, GO:0007268, GO:0009887, GO:0033138, GO:0035556, GO:0043066, GO:0043434, GO:0043524, GO:0048011, GO:0051591, GO:0070374, GO:0000165, GO:0005625, GO:0005634, GO:0005737, GO:0005829, GO:0005886, GO:0019717, GO:0005624, GO:0000166, GO:0004672, GO:0004674, GO:0004709, GO:0004713, GO:0005057, GO:0005515, GO:0005524, GO:0031434, GO:0046872, GO:0046982
61	7, 140453136, A, T	ENSP00000418033	102	-1	ACA G[T/A]G AAA	28	V	E	Single AA Change	-5.56	Deleterious	191	30	0.122	Tolerated	3.08	393	rs113488022	ENSG00000157764		GO:0006468, GO:0004672, GO:0005524
61	7, 140453136, A, T	ENSP00000419060	375	-1	ACA G[T/A]G AAA	208	V	E	Single AA Change	-5.29	Deleterious	235	30	0.007	Damaging	2.90	236	rs113488022	ENSG00000157764		GO:0006468, GO:0004672, GO:0004713, GO:0005524
62	8, 3046534, C, T	record not found																			
63	8, 10470295, C, A	ENSP00000371923	2400	-1	CTG T[G/T]G GGC	438	W	L	Single AA Change	-1.89	Neutral	61	30	0.029	Damaging	3.43	18		ENSG00000183638		GO:0035556, GO:0042461, GO:0045494, GO:0001750, GO:0032391, GO:0035085
64	8, 53079421, G, A	ENSP00000276480	1047	-1	GTT [C/T]CC CTG	399	P	S	Single AA Change	-6.95	Deleterious	175	30	0.053	Tolerated	3.13	211		ENSG00000147488	ST18_HUMAN	GO:0000122, GO:0006355, GO:0005634, GO:0003677, GO:0003700, GO:0008270, GO:0046872
64	8, 53079421, G, A	ENSP00000428521	620	-1	GTT [C/T]CC CTG	399	P	S	Single AA Change	-7.14	Deleterious	174	30	0.023	Damaging	3.17	213		ENSG00000147488		GO:0000122, GO:0006355, GO:0005634, GO:0003677, GO:0003700, GO:0008270
65	8, 54147386, G, A	ENSP00000265572	380	-1	ATC TG[C/T] ATC	181	C	C	Synonymous	0.00	Neutral	392	30	1.000	Tolerated	2.80	374		ENSG00000082556	OPRK_HUMAN	GO:0006955, GO:0007186, GO:0007193, GO:0007268, GO:0007600, GO:0007610, GO:0019079, GO:0005886, GO:0005887, GO:0016021, GO:0004871, GO:0004872, GO:0004930, GO:0004985, GO:0005515
65	8, 54147386, G, A	ENSP00000380016	366	-1	ATC TG[C/T] ATC	167	C	C	Synonymous	0.00	Neutral	392	30	1.000	Tolerated	2.78	376		ENSG00000082556		GO:0007186, GO:0016021, GO:0004871, GO:0004872, GO:0004930, GO:0004985
65	8, 54147386, G, A	ENSP00000429706	380	-1	ATC TG[C/T] ATC	181	C	C	Synonymous	0.00	Neutral	392	30	1.000	Tolerated	2.80	374		ENSG00000082556		GO:0006955, GO:0007186, GO:0007193, GO:0007268, GO:0007600, GO:0007610, GO:0019079, GO:0005886, GO:0005887, GO:0016021, GO:0004871, GO:0004872, GO:0004930, GO:0004985, GO:0005515
65	8, 54147386, G, A	ENSP00000430923	291	-1	ATC TG[C/T] ATC	92	C	C	Synonymous	0.00	Neutral	394	30	1.000	Tolerated	2.87	378		ENSG00000082556		GO:0007186, GO:0016021, GO:0004871, GO:0004872, GO:0004930, GO:0004985
66	8, 86250604, C, T	ENSP00000256119	261	-1	AGT [G/A]AA ACC	38	E	K	Single AA Change	-2.01	Neutral	362	30	0.170	Tolerated	2.84	378		ENSG00000133742	CAH1_HUMAN	GO:0006730, GO:0005737, GO:0005794, GO:0004089, GO:0008270, GO:0016829, GO:0046872
66	8, 86250604, C, T	ENSP00000392338	261	-1	AGT [G/A]AA ACC	38	E	K	Single AA Change	-2.01	Neutral	362	30	0.170	Tolerated	2.84	378		ENSG00000133742	CAH1_HUMAN	GO:0006730, GO:0005737, GO:0005794, GO:0004089, GO:0008270, GO:0016829, GO:0046872
66	8, 86250604, C, T	ENSP00000401551	261	-1	AGT [G/A]AA ACC	38	E	K	Single AA Change	-2.01	Neutral	362	30	0.170	Tolerated	2.84	378		ENSG00000133742	CAH1_HUMAN	GO:0006730, GO:0005737, GO:0005794, GO:0004089, GO:0008270, GO:0016829, GO:0046872
66	8, 86250604, C, T	ENSP00000427852	149	-1	AGT [G/A]AA ACC	38	E	K	Single AA Change	-2.12	Neutral	353	30	0.148	Tolerated	2.81	374		ENSG00000133742		GO:0006730, GO:0005737, GO:0005794, GO:0004089, GO:0008270, GO:0046872
66	8, 86250604, C, T	ENSP00000429798	261	-1	AGT [G/A]AA ACC	38	E	K	Single AA Change	-2.01	Neutral	362	30	0.170	Tolerated	2.84	378		ENSG00000133742		GO:0006730, GO:0005737, GO:0005794, GO:0004089, GO:0008270, GO:0016829, GO:0046872
66	8, 86250604, C, T	ENSP00000429843	176	-1	AGT [G/A]AA ACC	38	E	K	Single AA Change	-2.05	Neutral	334	30	0.150	Tolerated	2.78	363		ENSG00000133742		GO:0006730, GO:0005737, GO:0005794, GO:0004089, GO:0008270, GO:0046872
66	8, 86250604, C, T	ENSP00000430372	118	-1	AGT [G/A]AA ACC	38	E	K	Single AA Change	-2.04	Neutral	327	30	0.105	Tolerated	2.91	317		ENSG00000133742		GO:0006730, GO:0005737, GO:0004089, GO:0008270
66	8, 86250604, C, T	ENSP00000430471	149	-1	AGT [G/A]AA ACC	38	E	K	Single AA Change	-2.12	Neutral	353	30	0.148	Tolerated	2.81	374		ENSG00000133742		GO:0006730, GO:0005737, GO:0005794, GO:0004089, GO:0008270, GO:0046872
66	8, 86250604, C, T	ENSP00000430656	261	-1	AGT [G/A]AA ACC	38	E	K	Single AA Change	-2.01	Neutral	362	30	0.170	Tolerated	2.84	378		ENSG00000133742		GO:0006730, GO:0005737, GO:0005794, GO:0004089, GO:0008270, GO:0016829, GO:0046872
66	8, 86250604, C, T	ENSP00000430710	81	-1	AGT [G/A]AA ACC	38	E	K	Single AA Change	-2.25	Neutral	317	30	0.048	Damaging	2.77	278		ENSG00000133742		GO:0006730, GO:0005737, GO:0004089, GO:0008270
66	8, 86250604, C, T	ENSP00000430737	148	-1	AGT [G/A]AA ACC	38	E	K	Single AA Change	-2.12	Neutral	353	30	0.149	Tolerated	2.79	373		ENSG00000133742		GO:0006730, GO:0005737, GO:0005794, GO:0004089, GO:0008270, GO:0046872
66	8, 86250604, C, T	ENSP00000430861	251	-1	AGT [G/A]AA ACC	38	E	K	Single AA Change	-2.01	Neutral	362	30	0.165	Tolerated	2.88	376		ENSG00000133742		GO:0006730, GO:0005737, GO:0005794, GO:0004089, GO:0008270, GO:0046872
66	8, 86250604, C, T	ENSP00000430975	99	-1	AGT [G/A]AA ACC	38	E	K	Single AA Change	-2.25	Neutral	329	30	0.097	Tolerated	2.89	277		ENSG00000133742		GO:0006730, GO:0005737, GO:0004089, GO:0008270
66	8, 86250604, C, T	ENSP00000443517	261	-1	AGT [G/A]AA ACC	38	E	K	Single AA Change	-2.01	Neutral	362	30	0.170	Tolerated	2.84	378		ENSG00000133742		GO:0006730, GO:0005737, GO:0005794, GO:0004089, GO:0008270, GO:0016829, GO:0046872
67	8, 100454742, C, T	ENSP00000349685	3997	1	CAA AC[C/T] AGC	1108	T	T	Synonymous	0.00	Neutral	81	30	1.000	Tolerated	3.07	36		ENSG00000132549		
67	8, 100454742, C, T	ENSP00000351346	4022	1	CAA AC[C/T] AGC	1108	T	T	Synonymous	0.00	Neutral	81	30	1.000	Tolerated	3.08	39		ENSG00000132549	VP13B_HUMAN	GO:0008104, GO:0015031
67	8, 100454742, C, T	ENSP00000379318	1427	1	CAA AC[C/T] AGC	1108	T	T	Synonymous	0.00	Neutral	81	30	1.000	Tolerated	2.94	41		ENSG00000132549		
67	8, 100454742, C, T	ENSP00000430900	1427	1	CAA AC[C/T] AGC	1108	T	T	Synonymous	0.00	Neutral	81	30	1.000	Tolerated	2.94	41		ENSG00000132549		
68	8, 142176440, T, A	ENSP00000262585	1198	1	AAC [T/A]CC TCG	489	S	T	Single AA Change	-0.83	Neutral	71	30	0.372	Tolerated	3.12	42		ENSG00000105339	DEND3_HUMAN	GO:0005515
68	8, 142176440, T, A	ENSP00000410594	1146	1	AAC [T/A]CC TCG	437	S	T	Single AA Change	-0.74	Neutral	67	30	0.370	Tolerated	3.13	41		ENSG00000105339	DEND3_HUMAN	GO:0005515
68	8, 142176440, T, A	ENSP00000428276	1203	1	AAC [T/A]CC TCG	494	S	T	Single AA Change	-0.82	Neutral	67	30	0.375	Tolerated	3.10	41		ENSG00000105339		GO:0005515
68	8, 142176440, T, A	ENSP00000428714	1278	1	AAC [T/A]CC TCG	569	S	T	Single AA Change	-0.84	Neutral	70	30	0.377	Tolerated	3.09	42		ENSG00000105339		GO:0005515
69	9, 117849257, G, T	ENSP00000265131	2201	-1	GAA AT[C/A] TGC	251	I	I	Synonymous	0.00	Neutral	104	30	0.215	Tolerated	2.78	105		ENSG00000041982	TENA_HUMAN	GO:0007155, GO:0007165, GO:0007528, GO:0008284, GO:0009611, GO:0010628, GO:0014012, GO:0060739, GO:0060740, GO:0005576, GO:0005604, GO:0005614, GO:0005615, GO:0031012, GO:0005102, GO:0005488, GO:0005515, GO:0045545
69	9, 117849257, G, T	ENSP00000339553	2019	-1	GAA AT[C/A] TGC	251	I	I	Synonymous	0.00	Neutral	103	30	0.246	Tolerated	2.78	106		ENSG00000041982	TENA_HUMAN	GO:0007155, GO:0007165, GO:0007528, GO:0008284, GO:0009611, GO:0010628, GO:0014012, GO:0060739, GO:0060740, GO:0005576, GO:0005604, GO:0005614, GO:0005615, GO:0031012, GO:0005102, GO:0005488, GO:0005515, GO:0045545
69	9, 117849257, G, T	ENSP00000344400	1837	-1	GAA AT[C/A] TGC	251	I	I	Synonymous	0.00	Neutral	110	30	0.209	Tolerated	2.78	104		ENSG00000041982	TENA_HUMAN	GO:0007155, GO:0007165, GO:0007528, GO:0008284, GO:0009611, GO:0010628, GO:0014012, GO:0060739, GO:0060740, GO:0005576, GO:0005604, GO:0005614, GO:0005615, GO:0031012, GO:0005102, GO:0005488, GO:0005515, GO:0045545
69	9, 117849257, G, T	ENSP00000344555	1655	-1	GAA AT[C/A] TGC	251	I	I	Synonymous	0.00	Neutral	155	30	0.236	Tolerated	2.82	114		ENSG00000041982	TENA_HUMAN	GO:0007155, GO:0007165, GO:0007528, GO:0008284, GO:0009611, GO:0010628, GO:0014012, GO:0060739, GO:0060740, GO:0005576, GO:0005604, GO:0005614, GO:0005615, GO:0031012, GO:0005102, GO:0005488, GO:0005515, GO:0045545
69	9, 117849257, G, T	ENSP00000345861	1564	-1	GAA AT[C/A] TGC	251	I	I	Synonymous	0.00	Neutral	136	30	0.201	Tolerated	2.82	90		ENSG00000041982	TENA_HUMAN	GO:0007155, GO:0007165, GO:0007528, GO:0008284, GO:0009611, GO:0010628, GO:0014012, GO:0060739, GO:0060740, GO:0005576, GO:0005604, GO:0005614, GO:0005615, GO:0031012, GO:0005102, GO:0005488, GO:0005515, GO:0045545
69	9, 117849257, G, T	ENSP00000407440	1079	-1	GAA AT[C/A] TGC	251	I	I	Synonymous	0.00	Neutral	101	30	0.214	Tolerated	2.79	111		ENSG00000041982		GO:0007528, GO:0008284, GO:0010628, GO:0014012, GO:0060739, GO:0060740, GO:0005576, GO:0005604, GO:0005614, GO:0005515
69	9, 117849257, G, T	ENSP00000411406	1928	-1	GAA AT[C/A] TGC	251	I	I	Synonymous	0.00	Neutral	111	30	0.210	Tolerated	2.80	87		ENSG00000041982		GO:0007165, GO:0007528, GO:0008284, GO:0010628, GO:0014012, GO:0060739, GO:0060740, GO:0005576, GO:0005604, GO:0005614, GO:0005102, GO:0005515
69	9, 117849257, G, T	ENSP00000438152	1746	-1	GAA AT[C/A] TGC	251	I	I	Synonymous	0.00	Neutral	103	30	0.206	Tolerated	2.78	114		ENSG00000041982		GO:0007165, GO:0007528, GO:0008284, GO:0010628, GO:0014012, GO:0060739, GO:0060740, GO:0005576, GO:0005604, GO:0005614, GO:0005102, GO:0005515
69	9, 117849257, G, T	ENSP00000442242	1838	-1	GAA AT[C/A] TGC	251	I	I	Synonymous	0.00	Neutral	110	30	0.209	Tolerated	2.76	104		ENSG00000041982		GO:0007165, GO:0007528, GO:0008284, GO:0010628, GO:0014012, GO:0060739, GO:0060740, GO:0005576, GO:0005604, GO:0005614, GO:0005102, GO:0005515
69	9, 117849257, G, T	ENSP00000443478	1564	-1	GAA AT[C/A] TGC	251	I	I	Synonymous	0.00	Neutral	136	30	0.201	Tolerated	2.82	90		ENSG00000041982		GO:0007165, GO:0007528, GO:0008284, GO:0010628, GO:0014012, GO:0060739, GO:0060740, GO:0005576, GO:0005604, GO:0005614, GO:0005102, GO:0005515
70	9, 140918090, G, A	ENSP00000277549	1533	1	GCG GG[G/A] CCC	157	G	G	Synonymous	0.00	Neutral	137	30	1.000	Tolerated	3.32	69		ENSG00000148408		GO:0006811, GO:0006816, GO:0055085, GO:0016020, GO:0016021, GO:0005216, GO:0005245
70	9, 140918090, G, A	ENSP00000277551	2237	1	GCG GG[G/A] CCC	965	G	G	Synonymous	0.00	Neutral	198	30	1.000	Tolerated	3.50	93		ENSG00000148408		GO:0006811, GO:0055085, GO:0005891, GO:0016020, GO:0016021, GO:0005216, GO:0005244, GO:0005245
70	9, 140918090, G, A	ENSP00000360406	2340	1	GCG GG[G/A] CCC	966	G	G	Synonymous	0.00	Neutral	198	30	1.000	Tolerated	3.37	89		ENSG00000148408		GO:0006811, GO:0007269, GO:0007626, GO:0008016, GO:0008217, GO:0048265, GO:0055085, GO:0006816, GO:0070588, GO:0051925, GO:0005891, GO:0016020, GO:0016021, GO:0030425, GO:0043025, GO:0005216, GO:0005244, GO:0005245, GO:0005515
70	9, 140918090, G, A	ENSP00000360408	2338	1	GCG GG[G/A] CCC	966	G	G	Synonymous	0.00	Neutral	198	30	1.000	Tolerated	3.37	89		ENSG00000148408		GO:0006811, GO:0055085, GO:0005891, GO:0016020, GO:0016021, GO:0005216, GO:0005244, GO:0005245
70	9, 140918090, G, A	ENSP00000360414	2337	1	GCG GG[G/A] CCC	965	G	G	Synonymous	0.00	Neutral	198	30	1.000	Tolerated	3.37	89		ENSG00000148408		GO:0006811, GO:0055085, GO:0005891, GO:0016020, GO:0016021, GO:0005216, GO:0005244, GO:0005245
70	9, 140918090, G, A	ENSP00000360423	2339	1	GCG GG[G/A] CCC	965	G	G	Synonymous	0.00	Neutral	198	30	1.000	Tolerated	3.37	89		ENSG00000148408	CAC1B_HUMAN	GO:0006810, GO:0006811, GO:0007268, GO:0051899, GO:0051925, GO:0055085, GO:0005886, GO:0005891, GO:0016020, GO:0016021, GO:0000166, GO:0005216, GO:0005244, GO:0005245, GO:0005515, GO:0005524, GO:0008022
71	10, 37430979, G, A	ENSP00000354432	1341	1	GCA T[G/A]G GAG	329	W	*	Nonsense	NA	NA	75	30	NA	NA	NA	NA		ENSG00000148513	AN30A_HUMAN	GO:0006355, GO:0005634, GO:0003677, GO:0003700, GO:0005515
71	10, 37430979, G, A	ENSP00000363792	1460	1	GCA T[G/A]G GAG	329	W	*	Nonsense	NA	NA	74	30	NA	NA	NA	NA		ENSG00000148513		GO:0005515
72	10, 37430981, G, A	ENSP00000354432	1341	1	TGG [G/A]AG AAA	330	E	K	Single AA Change	-0.53	Neutral	75	30	0.000	Damaging	3.44	6		ENSG00000148513	AN30A_HUMAN	GO:0006355, GO:0005634, GO:0003677, GO:0003700, GO:0005515
72	10, 37430981, G, A	ENSP00000363792	1460	1	TGG [G/A]AG AAA	330	E	K	Single AA Change	-0.64	Neutral	74	30	0.000	Damaging	4.32	2		ENSG00000148513		GO:0005515
73	10, 89685311, A, T	ENSP00000361021	403	1	TAC A[A/T]T CTT	69	N	I	Single AA Change	-8.70	Deleterious	99	30	0.001	Damaging	2.87	78		ENSG00000171862	PTEN_HUMAN	GO:0000079, GO:0001525, GO:0001933, GO:0002902, GO:0006470, GO:0006629, GO:0006917, GO:0007092, GO:0007417, GO:0007507, GO:0008283, GO:0008284, GO:0008285, GO:0008543, GO:0010975, GO:0016311, GO:0016477, GO:0030336, GO:0031647, GO:0031658, GO:0033032, GO:0035335, GO:0043066, GO:0043491, GO:0043542, GO:0046855, GO:0046856, GO:0048011, GO:0048015, GO:0048738, GO:0050680, GO:0050821, GO:0050852, GO:0051091, GO:0051895, GO:0051898, GO:0060070, GO:0060736, GO:0090344, GO:2000060, GO:2000134, GO:0051726, GO:0005634, GO:0005737, GO:0005829, GO:0005886, GO:0009898, GO:0016605, GO:0035749, GO:0042995, GO:0043220, GO:0019717, GO:0000287, GO:0004438, GO:0004721, GO:0004722, GO:0004725, GO:0005515, GO:0008138, GO:0008289, GO:0010997, GO:0016314, GO:0016787, GO:0016791, GO:0019899, GO:0030165, GO:0051717, GO:0051800, GO:0019901
74	11, 7960404, G, A	ENSP00000353988	314	-1	GTT [C/T]TG TTT	222	L	L	Synonymous	0.00	Neutral	400	30	1.000	Tolerated	2.81	369		ENSG00000170683	O10A3_HUMAN	GO:0007186, GO:0007608, GO:0050896, GO:0050911, GO:0005886, GO:0016021, GO:0004871, GO:0004872, GO:0004930, GO:0004984
75	11, 56380679, C, G	ENSP00000435416	315	-1	ACA CA[G/C] TGT	100	Q	H	Single AA Change	-4.81	Deleterious	367	30	0.000	Damaging	2.90	398		ENSG00000255012	OR5M1_HUMAN	GO:0007186, GO:0050896, GO:0005886, GO:0016021, GO:0004871, GO:0004872, GO:0004930, GO:0004984
76	11, 57518618, G, C	ENSP00000394472	712	-1	CCC [C/G]GG TTC	15	R	G	Single AA Change	-2.18	Neutral	145	30	0.013	Damaging	3.54	133		ENSG00000233436	BTBDI_HUMAN	GO:0005515
76	11, 57518618, G, C	ENSP00000397020	712	-1	CCC [C/G]GG TTC	15	R	G	Single AA Change	-2.18	Neutral	145	30	0.013	Damaging	3.54	133		ENSG00000233436	BTBDI_HUMAN	GO:0005515
76	11, 57518618, G, C	ENSP00000432341	89	-1	CCC [C/G]GG TTC	15	R	G	Single AA Change	-1.97	Neutral	207	30	0.372	Tolerated	3.60	20		ENSG00000233436		GO:0005515
77	11, 76804758, G, A	ENSP00000278559	640	1	GTG [G/A]AT GGC	66	D	N	Single AA Change	-2.39	Neutral	122	30	0.232	Tolerated	2.86	80		ENSG00000149260	CAN5_HUMAN	GO:0001541, GO:0001553, GO:0006508, GO:0007165, GO:0060014, GO:0005622, GO:0004198, GO:0005515, GO:0008233
77	11, 76804758, G, A	ENSP00000354087	680	1	GTG [G/A]AT GGC	106	D	N	Single AA Change	-2.39	Neutral	122	30	0.172	Tolerated	2.82	86		ENSG00000149260	CAN5_HUMAN	GO:0001541, GO:0001553, GO:0006508, GO:0007165, GO:0060014, GO:0005622, GO:0004198, GO:0005515, GO:0008233
77	11, 76804758, G, A	ENSP00000409996	680	1	GTG [G/A]AT GGC	106	D	N	Single AA Change	-2.34	Neutral	122	30	0.160	Tolerated	2.85	93		ENSG00000149260		GO:0006508, GO:0005622, GO:0004198, GO:0005515, GO:0008233
77	11, 76804758, G, A	ENSP00000432332	640	1	GTG [G/A]AT GGC	66	D	N	Single AA Change	-2.39	Neutral	122	30	0.232	Tolerated	2.86	80		ENSG00000149260		GO:0001541, GO:0001553, GO:0006508, GO:0007165, GO:0060014, GO:0005622, GO:0004198, GO:0005515, GO:0008233
77	11, 76804758, G, A	ENSP00000434965	116	1	GTG [G/A]AT GGC	35	D	N	Single AA Change	-2.59	Deleterious	108	30	0.134	Tolerated	2.87	376		ENSG00000149260		GO:0006508, GO:0005622, GO:0004198, GO:0008233
77	11, 76804758, G, A	ENSP00000435894	97	1	GTG [G/A]AT GGC	66	D	N	Single AA Change	-2.64	Deleterious	94	30	0.577	Tolerated	2.76	223		ENSG00000149260		GO:0001541, GO:0001553, GO:0006508, GO:0060014, GO:0005622, GO:0004198
77	11, 76804758, G, A	ENSP00000441176	557	1	GTG [G/A]AT GGC	106	D	N	Single AA Change	-2.60	Deleterious	114	30	0.165	Tolerated	2.78	154		ENSG00000149260		GO:0006508, GO:0005622, GO:0004198, GO:0008233
78	11, 102935031, G, C	ENSP00000260247	237	-1	GAT [C/G]TT AGT	211	L	V	Single AA Change	-2.38	Neutral	167	30	0.005	Damaging	2.85	149		ENSG00000137692	DCNL5_HUMAN	GO:0008150, GO:0005575, GO:0003674
78	11, 102935031, G, C	ENSP00000435035	152	-1	GAT [C/G]TT AGT	126	L	V	Single AA Change	-2.47	Neutral	168	30	0.006	Damaging	2.76	258		ENSG00000137692		
79	11, 102935041, G, A	ENSP00000260247	237	-1	ACA GT[C/T] CAT	207	V	V	Synonymous	0.00	Neutral	167	30	0.672	Tolerated	2.85	149		ENSG00000137692	DCNL5_HUMAN	GO:0008150, GO:0005575, GO:0003674
79	11, 102935041, G, A	ENSP00000435035	152	-1	ACA GT[C/T] CAT	122	V	V	Synonymous	0.00	Neutral	168	30	0.544	Tolerated	2.76	258		ENSG00000137692		
80	11, 124005714, C, T	ENSP00000376504	786	1	TTT AT[C/T] ACA	444	I	I	Synonymous	0.00	Neutral	84	30	1.000	Tolerated	2.81	74		ENSG00000110002	VMA5A_HUMAN	GO:0005634, GO:0005515
80	11, 124005714, C, T	ENSP00000407726	786	1	TTT AT[C/T] ACA	444	I	I	Synonymous	0.00	Neutral	84	30	1.000	Tolerated	2.81	74		ENSG00000110002	VMA5A_HUMAN	GO:0005634, GO:0005515
81	11, 130130831, G, A	ENSP00000350574	570	-1	AGT T[C/T]G CTG	313	S	L	Single AA Change	-1.80	Neutral	231	30	0.016	Damaging	2.91	48		ENSG00000196323		GO:0005622, GO:0005515, GO:0008270
81	11, 130130831, G, A	ENSP00000380861	570	-1	AGT T[C/T]G CTG	313	S	L	Single AA Change	-1.80	Neutral	231	30	0.016	Damaging	2.91	48		ENSG00000196323	ZBT44_HUMAN	GO:0006355, GO:0005622, GO:0005634, GO:0003677, GO:0005515, GO:0008270, GO:0046872
81	11, 130130831, G, A	ENSP00000408079	467	-1	AGT T[C/T]G CTG	313	S	L	Single AA Change	-1.97	Neutral	330	30	0.016	Damaging	2.95	47		ENSG00000196323		GO:0005622, GO:0005515, GO:0008270
81	11, 130130831, G, A	ENSP00000432558	328	-1	AGT T[C/T]G CTG	167	S	L	Single AA Change	-1.12	Neutral	89	30	0.001	Damaging	3.57	54		ENSG00000196323		GO:0005622, GO:0008270
81	11, 130130831, G, A	ENSP00000433457	453	-1	AGT T[C/T]G CTG	313	S	L	Single AA Change	-1.72	Neutral	295	30	0.034	Damaging	2.97	46		ENSG00000196323		GO:0005622, GO:0005515, GO:0008270
81	11, 130130831, G, A	ENSP00000434177	474	-1	AGT T[C/T]G CTG	313	S	L	Single AA Change	-1.43	Neutral	295	30	0.221	Tolerated	2.88	47		ENSG00000196323		GO:0005622, GO:0005515, GO:0008270
81	11, 130130831, G, A	ENSP00000435413	467	-1	AGT T[C/T]G CTG	313	S	L	Single AA Change	-1.97	Neutral	330	30	0.016	Damaging	2.95	47		ENSG00000196323		GO:0005622, GO:0005515, GO:0008270
81	11, 130130831, G, A	ENSP00000436187	595	-1	AGT T[C/T]G CTG	310	S	L	Single AA Change	-1.72	Neutral	319	30	0.016	Damaging	2.90	49		ENSG00000196323		GO:0005622, GO:0005515, GO:0008270
82	12, 6730011, G, A	ENSP00000327875	372	-1	CGG C[C/T]C CGC	135	P	L	Single AA Change	-1.87	Neutral	234	30	0.078	Tolerated	2.80	92		ENSG00000184574	LPAR5_HUMAN	GO:0007186, GO:0008150, GO:0005575, GO:0005886, GO:0016021, GO:0003674, GO:0004871, GO:0004872, GO:0004930, GO:0045028
82	12, 6730011, G, A	ENSP00000388030	429	-1	CGG C[C/T]C CGC	135	P	L	Single AA Change	-1.97	Neutral	221	30	0.090	Tolerated	2.84	95		ENSG00000184574		GO:0007186, GO:0016020, GO:0016021, GO:0004871, GO:0004872, GO:0004930, GO:0045028
82	12, 6730011, G, A	ENSP00000393098	372	-1	CGG C[C/T]C CGC	135	P	L	Single AA Change	-1.87	Neutral	234	30	0.078	Tolerated	2.80	92		ENSG00000184574	LPAR5_HUMAN	GO:0007186, GO:0008150, GO:0005575, GO:0005886, GO:0016021, GO:0003674, GO:0004871, GO:0004872, GO:0004930, GO:0045028
83	12, 18872562, C, T	ENSP00000266505	608	-1	GTT AG[G/A] AAA	124	R	R	Synonymous	0.00	Neutral	161	30	0.307	Tolerated	2.82	176		ENSG00000139151	PLCZ1_HUMAN	GO:0006629, GO:0006816, GO:0007165, GO:0007275, GO:0007343, GO:0008152, GO:0016042, GO:0035556, GO:0005634, GO:0005737, GO:0048471, GO:0004435, GO:0004629, GO:0004871, GO:0005509, GO:0005515, GO:0016787
83	12, 18872562, C, T	ENSP00000402358	606	-1	GTT AG[G/A] AAA	122	R	R	Synonymous	0.00	Neutral	161	30	0.305	Tolerated	2.82	176		ENSG00000139151		GO:0006629, GO:0006816, GO:0007165, GO:0007343, GO:0008152, GO:0035556, GO:0004435, GO:0004629, GO:0004871, GO:0005509, GO:0005515
83	12, 18872562, C, T	ENSP00000440781	53	-1	TTA G[G/A]A AAG	47	G	E	Single AA Change	1.32	Neutral	36	11	0.060	Tolerated	4.32	2		ENSG00000139151		GO:0006816, GO:0007343, GO:0008152, GO:0004629
83	12, 18872562, C, T	ENSP00000444383	76	-1	GTT AG[G/A] AAA	20	R	R	Synonymous	0.00	Neutral	159	30	0.708	Tolerated	2.73	358		ENSG00000139151		GO:0006629, GO:0006816, GO:0007343, GO:0008152, GO:0035556, GO:0004629, GO:0005509
84	12, 53039133, T, C	ENSP00000310861	639	-1	GGA GG[A/G] GGA	530	G	G	Synonymous	0.00	Neutral	439	30	1.000	Tolerated	3.28	66		ENSG00000172867	K22E_HUMAN	GO:0008544, GO:0031424, GO:0032980, GO:0043616, GO:0051546, GO:0005737, GO:0005794, GO:0005882, GO:0045095, GO:0045111, GO:0005200
85	12, 92539243, G, A	ENSP00000256015	171	-1	ATC TC[C/T] AAG	23	S	S	Synonymous	0.00	Neutral	144	30	1.000	Tolerated	2.87	119		ENSG00000133639	BTG1_HUMAN	GO:0006355, GO:0008285, GO:0016477, GO:0030308, GO:0042981, GO:0045603, GO:0045663, GO:0045766, GO:0007283, GO:0043434, GO:0006979, GO:0006479, GO:0005634, GO:0005737, GO:0003712, GO:0005515, GO:0019899, GO:0019900
86	12, 101365110, C, A	ENSP00000376703	955	1	ATT AT[C/A] TTT	161	I	I	Synonymous	0.00	Neutral	210	30	0.516	Tolerated	2.79	207		ENSG00000151572	ANO4_HUMAN	GO:0006811, GO:0016020, GO:0016021, GO:0034707, GO:0005216, GO:0005254
86	12, 101365110, C, A	ENSP00000376705	920	1	ATT AT[C/A] TTT	126	I	I	Synonymous	0.00	Neutral	210	30	0.412	Tolerated	2.75	179		ENSG00000151572		
86	12, 101365110, C, A	ENSP00000443751	356	1	ATT AT[C/A] TTT	327	I	I	Synonymous	0.00	Neutral	170	30	1.000	Tolerated	3.39	268		ENSG00000151572		
86	12, 101365110, C, A	ENSP00000449116	190	1	ATT AT[C/A] TTT	161	I	I	Synonymous	0.00	Neutral	171	30	1.000	Tolerated	2.82	287		ENSG00000151572		
87	12, 101365154, C, A	ENSP00000376703	955	1	TAT G[C/A]A GAA	176	A	E	Single AA Change	-4.66	Deleterious	210	30	0.000	Damaging	2.79	207		ENSG00000151572	ANO4_HUMAN	GO:0006811, GO:0016020, GO:0016021, GO:0034707, GO:0005216, GO:0005254
87	12, 101365154, C, A	ENSP00000376705	920	1	TAT G[C/A]A GAA	141	A	E	Single AA Change	-4.66	Deleterious	210	30	0.000	Damaging	2.75	179		ENSG00000151572		
87	12, 101365154, C, A	ENSP00000443751	356	1	TAT G[C/A]A GAA	342	A	E	Single AA Change	-4.40	Deleterious	170	30	0.000	Damaging	3.39	269		ENSG00000151572		
87	12, 101365154, C, A	ENSP00000449116	190	1	TAT G[C/A]A GAA	176	A	E	Single AA Change	-4.57	Deleterious	171	30	0.000	Damaging	2.82	288		ENSG00000151572		
88	12, 111748074, C, T	ENSP00000261726	1486	1	GCC GC[C/T] TTC	496	A	A	Synonymous	0.00	Neutral	141	30	0.579	Tolerated	3.06	54		ENSG00000111249	CUX2_HUMAN	GO:0006355, GO:0045892, GO:0071310, GO:0005634, GO:0003677, GO:0003700, GO:0043565
89	12, 133803583, G, A	ENSP00000409950	379	-1	GAC CT[C/T] CTG	219	L	L	Synonymous	0.00	Neutral	133	30	0.742	Tolerated	3.31	55		ENSG00000227059		GO:0006355, GO:0005634, GO:0003700, GO:0043565
89	12, 133803583, G, A	ENSP00000439513	379	-1	GAC CT[C/T] CTG	219	L	L	Synonymous	0.00	Neutral	133	30	0.742	Tolerated	3.31	55		ENSG00000227059		GO:0006355, GO:0005634, GO:0003700, GO:0043565
90	13, 53421359, C, T	ENSP00000341350	973	-1	GGG [G/A]CG GCG	405	A	T	Single AA Change	-2.40	Neutral	154	30	0.094	Tolerated	2.85	153		ENSG00000136099		GO:0007156, GO:0016020, GO:0005509
90	13, 53421359, C, T	ENSP00000367177	1070	-1	GGG [G/A]CG GCG	405	A	T	Single AA Change	-2.68	Deleterious	185	30	0.176	Tolerated	2.86	103		ENSG00000136099	PCDH8_HUMAN	GO:0001756, GO:0007155, GO:0007156, GO:0007267, GO:0007268, GO:0016331, GO:0005886, GO:0005887, GO:0016020, GO:0030054, GO:0030425, GO:0042734, GO:0042995, GO:0045202, GO:0045211, GO:0005509
91	13, 103443439, C, T	ENSP00000365172	502	-1	TGG [G/A]AA AGC	299	E	K	Single AA Change	-1.14	Neutral	118	30	0.802	Tolerated	2.87	104		ENSG00000134901	KDEL1_HUMAN	GO:0005783, GO:0005788, GO:0005515
92	14, 38724874, G, T	ENSP00000353013	490	-1	TCC TC[C/A] GAC	118	S	S	Synonymous	0.00	Neutral	95	30	1.000	Tolerated	2.94	78		ENSG00000176435	CLC14_HUMAN	GO:0016020, GO:0016021, GO:0005488, GO:0005529
93	14, 64935626, C, A	ENSP00000315615	427	1	GAT [C/A]AG GCA	172	Q	K	Single AA Change	-2.66	Deleterious	39	10	0.390	Tolerated	3.39	30		ENSG00000179841	AKAP5_HUMAN	GO:0006112, GO:0006605, GO:0007165, GO:0007268, GO:0010739, GO:0030819, GO:0050796, GO:0005829, GO:0005886, GO:0005515, GO:0005516, GO:0008179, GO:0051018
93	14, 64935626, C, A	ENSP00000378207	427	1	GAT [C/A]AG GCA	172	Q	K	Single AA Change	-2.66	Deleterious	39	10	0.390	Tolerated	3.39	30		ENSG00000179841		GO:0006112, GO:0006605, GO:0007165, GO:0007268, GO:0010739, GO:0030819, GO:0050796, GO:0001934, GO:0021510, GO:0021766, GO:0043624, GO:0050775, GO:0014850, GO:0070887, GO:0043271, GO:0051602, GO:0051533, GO:0010524, GO:0060135, GO:0043267, GO:0005829, GO:0005886, GO:0005737, GO:0048471, GO:0043025, GO:0043197, GO:0016323, GO:0032279, GO:0014069, GO:0043234, GO:0043198, GO:0031527, GO:0032591, GO:0032590, GO:0005515, GO:0005516, GO:0008179, GO:0051018, GO:0003779, GO:0019901, GO:0019904, GO:0001664, GO:0019900, GO:0032403, GO:0045296, GO:0030346, GO:0050811, GO:0034237
94	14, 95029984, T, C	ENSP00000298841	427	1	GCC AA[T/C] GCT	55	N	N	Synonymous	0.00	Neutral	188	30	1.000	Tolerated	2.79	127		ENSG00000100665	KAIN_HUMAN	GO:0010951, GO:0030162, GO:0005576, GO:0005615, GO:0004867, GO:0030414
94	14, 95029984, T, C	ENSP00000450838	427	1	GCC AA[T/C] GCT	55	N	N	Synonymous	0.00	Neutral	188	30	1.000	Tolerated	2.79	127		ENSG00000100665		GO:0010951, GO:0030162, GO:0005576, GO:0005615, GO:0004867, GO:0030414
94	14, 95029984, T, C	ENSP00000451172	427	1	GCC AA[T/C] GCT	55	N	N	Synonymous	0.00	Neutral	188	30	1.000	Tolerated	2.79	127		ENSG00000100665		GO:0010951, GO:0030162, GO:0005576, GO:0005615, GO:0004867, GO:0030414
95	15, 45410078, G, A	ENSP00000319705	320	1	CCA [G/A]AC TTA	312	D	N	Single AA Change	-1.02	Neutral	106	30	0.026	Damaging	3.35	22		ENSG00000140274	DOXA2_HUMAN	GO:0015031, GO:0005783, GO:0005789, GO:0016020, GO:0016021
96	15, 76136818, T, C	ENSP00000456229	359	1	TCG [T/C]TG CGG	42	L	L	Synonymous	0.00	Neutral	172	30	0.756	Tolerated	3.06	22		ENSG00000140367		GO:0016881
97	15, 85679798, G, T	ENSP00000311453	829	1	GTG [G/T]TG ATG	763	V	L	Single AA Change	-2.18	Neutral	151	30	0.038	Damaging	2.84	109		ENSG00000073417	PDE8A_HUMAN	GO:0000160, GO:0006355, GO:0007165, GO:0009187, GO:0005575, GO:0005829, GO:0000156, GO:0003824, GO:0004114, GO:0004115, GO:0004871, GO:0008081, GO:0016787, GO:0046872
97	15, 85679798, G, T	ENSP00000340679	783	1	GTG [G/T]TG ATG	717	V	L	Single AA Change	-2.32	Neutral	153	30	0.059	Tolerated	2.85	119		ENSG00000073417		GO:0000160, GO:0006355, GO:0007165, GO:0000156, GO:0003824, GO:0004114, GO:0004115
97	15, 85679798, G, T	ENSP00000378056	829	1	GTG [G/T]TG ATG	763	V	L	Single AA Change	-2.18	Neutral	151	30	0.038	Damaging	2.84	109		ENSG00000073417	PDE8A_HUMAN	GO:0000160, GO:0006355, GO:0007165, GO:0009187, GO:0005575, GO:0005829, GO:0000156, GO:0003824, GO:0004114, GO:0004115, GO:0004871, GO:0008081, GO:0016787, GO:0046872
97	15, 85679798, G, T	ENSP00000453808	757	1	GTG [G/T]TG ATG	691	V	L	Single AA Change	-2.18	Neutral	152	30	0.071	Tolerated	2.84	116		ENSG00000073417		GO:0000160, GO:0006355, GO:0007165, GO:0000156, GO:0003824, GO:0004114, GO:0004871
98	15, 101566264, C, G	ENSP00000284395	2012	1	CGT G[C/G]C TAT	773	A	G	Single AA Change	-1.98	Neutral	121	30	0.189	Tolerated	2.83	52		ENSG00000154237	LRRK1_HUMAN	GO:0006468, GO:0007264, GO:0005622, GO:0005737, GO:0005739, GO:0000166, GO:0004672, GO:0004674, GO:0004713, GO:0005515, GO:0005524, GO:0005525, GO:0046872
98	15, 101566264, C, G	ENSP00000373600	2015	1	CGT G[C/G]C TAT	776	A	G	Single AA Change	-1.98	Neutral	121	30	0.199	Tolerated	2.84	53		ENSG00000154237		GO:0006468, GO:0007264, GO:0005622, GO:0005737, GO:0005739, GO:0000166, GO:0004672, GO:0004674, GO:0004713, GO:0005515, GO:0005524, GO:0005525, GO:0046872
99	16, 31383969, G, C	ENSP00000268296	1163	1	CTC [G/C]GC ATC	782	G	R	Single AA Change	-2.89	Deleterious	124	30	0.301	Tolerated	2.87	116		ENSG00000140678	ITAX_HUMAN	GO:0007155, GO:0007229, GO:0007596, GO:0009887, GO:0050900, GO:0051607, GO:0005886, GO:0008305, GO:0009897, GO:0016021, GO:0004872, GO:0005515
99	16, 31383969, G, C	ENSP00000454623	1169	1	CTC [G/C]GC ATC	782	G	R	Single AA Change	-2.89	Deleterious	124	30	0.307	Tolerated	2.88	116		ENSG00000140678		GO:0005515
100	16, 70894070, G, A	ENSP00000313052	5120	-1	TAC TC[C/T] TTC	4009	S	S	Synonymous	0.00	Neutral	50	30	1.000	Tolerated	2.79	33		ENSG00000157423		
100	16, 70894070, G, A	ENSP00000377197	5121	-1	TAC TC[C/T] TTC	4010	S	S	Synonymous	0.00	Neutral	50	30	1.000	Tolerated	2.81	32		ENSG00000157423	HYDIN_HUMAN	
101	17, 10351206, G, A	ENSP00000255381	1939	-1	ATC [C/T]AG CTG	1632	Q	*	Nonsense	NA	NA	535	30	NA	NA	NA	NA		ENSG00000141048	MYH4_HUMAN	GO:0006936, GO:0014823, GO:0030048, GO:0030049, GO:0005737, GO:0005859, GO:0016459, GO:0030016, GO:0030017, GO:0032982, GO:0000146, GO:0000166, GO:0003774, GO:0003779, GO:0005515, GO:0005516, GO:0005524, GO:0008307
102	17, 18022184, G, A	ENSP00000205890	3530	1	CCG [G/A]AG AAG	24	E	K	Single AA Change	-1.22	Neutral	59	30	0.090	Tolerated	3.78	24		ENSG00000091536	MYO15_HUMAN	GO:0007605, GO:0007626, GO:0042472, GO:0005737, GO:0005856, GO:0016459, GO:0032420, GO:0042995, GO:0032421, GO:0000166, GO:0003774, GO:0003779, GO:0005515, GO:0005516, GO:0005524
103	17, 37347837, C, A	ENSP00000345461	523	-1	GCG [G/T]AG TCC	61	E	*	Nonsense	NA	NA	427	30	NA	NA	NA	NA		ENSG00000067191		GO:0006816, GO:0051925, GO:0005245, GO:0005515
103	17, 37347837, C, A	ENSP00000377840	598	-1	GCG [G/T]AG TCC	61	E	*	Nonsense	NA	NA	420	30	NA	NA	NA	NA		ENSG00000067191	CACB1_HUMAN	GO:0006612, GO:0006810, GO:0006811, GO:0006816, GO:0007411, GO:0051925, GO:0070588, GO:0005891, GO:0016529, GO:0030315, GO:0005244, GO:0005245, GO:0005515, GO:0008331
103	17, 37347837, C, A	ENSP00000377847	478	-1	GCG [G/T]AG TCC	61	E	*	Nonsense	NA	NA	422	30	NA	NA	NA	NA		ENSG00000067191		GO:0006612, GO:0006816, GO:0051925, GO:0070588, GO:0005891, GO:0016529, GO:0030315, GO:0005245, GO:0005515, GO:0008331
103	17, 37347837, C, A	ENSP00000442025	548	-1	GCG [G/T]AG TCC	11	E	*	Nonsense	NA	NA	434	30	NA	NA	NA	NA		ENSG00000067191		GO:0006816, GO:0051925, GO:0005245, GO:0005515
103	17, 37347837, C, A	ENSP00000442975	429	-1	GCG [G/T]AG TCC	14	E	*	Nonsense	NA	NA	436	30	NA	NA	NA	NA		ENSG00000067191		GO:0006816, GO:0051925, GO:0005245, GO:0005515
104	17, 46925799, C, T	ENSP00000258947	446	1	GAC AT[C/T] CTG	133	I	I	Synonymous	0.00	Neutral	129	30	1.000	Tolerated	2.79	37		ENSG00000136436	CACO2_HUMAN	GO:0016032, GO:0034341, GO:0005625, GO:0005634, GO:0005737, GO:0005794, GO:0005856, GO:0043231, GO:0048471, GO:0005515, GO:0042803
104	17, 46925799, C, T	ENSP00000398523	470	1	GAC AT[C/T] CTG	157	I	I	Synonymous	0.00	Neutral	129	30	1.000	Tolerated	2.80	55		ENSG00000136436		GO:0005634, GO:0005737, GO:0043231
104	17, 46925799, C, T	ENSP00000406974	404	1	GAC AT[C/T] CTG	133	I	I	Synonymous	0.00	Neutral	133	30	1.000	Tolerated	2.81	115		ENSG00000136436		GO:0005737, GO:0043231
104	17, 46925799, C, T	ENSP00000422697	154	1	GAC AT[C/T] CTG	133	I	I	Synonymous	0.00	Neutral	132	30	1.000	Tolerated	2.96	180		ENSG00000136436		
104	17, 46925799, C, T	ENSP00000423437	374	1	GAC AT[C/T] CTG	61	I	I	Synonymous	0.00	Neutral	128	30	1.000	Tolerated	3.01	34		ENSG00000136436		GO:0005634, GO:0005737, GO:0043231
104	17, 46925799, C, T	ENSP00000424352	467	1	GAC AT[C/T] CTG	154	I	I	Synonymous	0.00	Neutral	129	30	1.000	Tolerated	2.81	54		ENSG00000136436		GO:0005634, GO:0005737, GO:0043231
104	17, 46925799, C, T	ENSP00000424889	193	1	GAC AT[C/T] CTG	133	I	I	Synonymous	0.00	Neutral	131	30	1.000	Tolerated	2.81	117		ENSG00000136436		GO:0005634, GO:0043231
104	17, 46925799, C, T	ENSP00000425090	259	1	GAC AT[C/T] CTG	61	I	I	Synonymous	0.00	Neutral	103	30	1.000	Tolerated	2.82	114		ENSG00000136436		GO:0005634, GO:0005737, GO:0043231
104	17, 46925799, C, T	ENSP00000425692	168	1	GAC AT[C/T] CTG	105	I	I	Synonymous	0.00	Neutral	133	30	1.000	Tolerated	2.82	127		ENSG00000136436		GO:0005634, GO:0043231
105	17, 71429899, C, T	ENSP00000324967	2216	-1	GGG GC[G/A] CCC	428	A	A	Synonymous	0.00	Neutral	128	30	1.000	Tolerated	2.89	97		ENSG00000069188		GO:0005515
105	17, 71429899, C, T	ENSP00000373378	2153	-1	GGG GC[G/A] CCC	428	A	A	Synonymous	0.00	Neutral	128	30	1.000	Tolerated	2.85	96		ENSG00000069188		GO:0005515
105	17, 71429899, C, T	ENSP00000376421	2172	-1	GGG GC[G/A] CCC	428	A	A	Synonymous	0.00	Neutral	128	30	1.000	Tolerated	2.85	96		ENSG00000069188	SDK2_HUMAN	GO:0007155, GO:0016020, GO:0016021, GO:0005515
105	17, 71429899, C, T	ENSP00000386832	1796	-1	GGG GC[G/A] CCC	52	A	A	Synonymous	0.00	Neutral	131	30	1.000	Tolerated	2.82	98		ENSG00000069188		GO:0005515
105	17, 71429899, C, T	ENSP00000400371	491	-1	GGG GC[G/A] CCC	333	A	A	Synonymous	0.00	Neutral	125	30	1.000	Tolerated	2.80	97		ENSG00000069188		GO:0005515
106	19, 758032, G, A	ENSP00000215582	679	1	CGT GA[G/A] GAA	362	E	E	Synonymous	0.00	Neutral	64	30	1.000	Tolerated	2.89	23		ENSG00000099812	CS021_HUMAN	
107	19, 3547867, G, A	ENSP00000347583	480	-1	TGG CT[C/T] CGG	272	L	L	Synonymous	0.00	Neutral	73	30	1.000	Tolerated	2.80	56		ENSG00000161091	CS028_HUMAN	GO:0055085, GO:0016020, GO:0016021
107	19, 3547867, G, A	ENSP00000374046	473	-1	TGG CT[C/T] CGG	272	L	L	Synonymous	0.00	Neutral	73	30	1.000	Tolerated	2.83	56		ENSG00000161091		GO:0055085, GO:0016021
107	19, 3547867, G, A	ENSP00000381566	538	-1	TGG CT[C/T] CGG	272	L	L	Synonymous	0.00	Neutral	72	30	1.000	Tolerated	2.82	65		ENSG00000161091		GO:0055085, GO:0016021
108	19, 6760665, G, A	ENSP00000245908	576	-1	GCT [C/T]GG ATA	135	R	W	Single AA Change	-3.04	Deleterious	169	30	0.045	Damaging	2.84	77		ENSG00000125731	SH23A_HUMAN	GO:0007254, GO:0007264, GO:0005622, GO:0005070, GO:0005085, GO:0005515
109	19, 14006323, G, A	ENSP00000254336	637	-1	AAC C[C/T]A AGG	23	P	L	Single AA Change	-6.70	Deleterious	38	14	0.004	Damaging	3.10	22		ENSG00000132016		
109	19, 14006323, G, A	ENSP00000404382	668	-1	AAC C[C/T]A AGG	23	P	L	Single AA Change	-6.70	Deleterious	38	14	0.003	Damaging	3.13	25		ENSG00000132016	CS057_HUMAN	GO:0007275, GO:0005575, GO:0003674, GO:0005515
110	19, 15793276, C, A	ENSP00000321821	524	1	TTG GA[C/A] AGT	201	D	E	Single AA Change	-3.71	Deleterious	250	30	0.014	Damaging	2.83	246		ENSG00000186204	CP4FC_HUMAN	GO:0006805, GO:0055114, GO:0005783, GO:0005789, GO:0005792, GO:0016020, GO:0016021, GO:0004497, GO:0005506, GO:0009055, GO:0016705, GO:0020037, GO:0046872, GO:0070330
110	19, 15793276, C, A	ENSP00000448998	524	1	TTG GA[C/A] AGT	201	D	E	Single AA Change	-3.71	Deleterious	250	30	0.014	Damaging	2.83	246		ENSG00000186204		GO:0006805, GO:0055114, GO:0005783, GO:0005789, GO:0005792, GO:0016020, GO:0016021, GO:0004497, GO:0005506, GO:0009055, GO:0016705, GO:0020037, GO:0046872, GO:0070330
111	19, 17370475, C, T	ENSP00000252597	703	-1	CTT [G/A]GG TCT	279	G	R	Single AA Change	-2.03	Neutral	126	30	0.142	Tolerated	3.09	28		ENSG00000130307	USBP1_HUMAN	GO:0005515, GO:0030165
111	19, 17370475, C, T	ENSP00000324174	383	-1	CTT [G/A]GG TCT	279	G	R	Single AA Change	-2.00	Neutral	62	30	0.091	Tolerated	3.30	29		ENSG00000130307		
111	19, 17370475, C, T	ENSP00000407902	639	-1	CTT [G/A]GG TCT	215	G	R	Single AA Change	-1.90	Neutral	124	30	0.247	Tolerated	3.03	32		ENSG00000130307		
112	19, 17922691, C, T	ENSP00000321874	372	1	ATC TT[C/T] CCC	293	F	F	Synonymous	0.00	Neutral	123	30	1.000	Tolerated	2.83	54		ENSG00000179913	B3GN3_HUMAN	GO:0006486, GO:0000139, GO:0005794, GO:0005887, GO:0016020, GO:0008378, GO:0016757
113	19, 36606465, G, A	ENSP00000221855	244	1	 AT[G/A] GAG	1	M	I	Single AA Change	-0.99	Neutral	77	30	0.024	Damaging	3.41	26		ENSG00000105254	TBCB_HUMAN	GO:0007275, GO:0007399, GO:0030154, GO:0044267, GO:0051084, GO:0005634, GO:0005737, GO:0005874, GO:0015630, GO:0005515
113	19, 36606465, G, A	ENSP00000376017	214	1	 AT[G/A] GAG	1	M	I	Single AA Change	-1.12	Neutral	78	30	0.023	Damaging	3.54	28		ENSG00000105254		GO:0005634, GO:0005737
114	19, 38865485, G, A	ENSP00000215071	350	1	GCG [G/A]CA ACC	82	A	T	Single AA Change	-0.34	Neutral	131	30	0.008	Damaging	3.46	37		ENSG00000099341	PSMD8_HUMAN	GO:0000075, GO:0000082, GO:0000084, GO:0000209, GO:0000216, GO:0000278, GO:0002474, GO:0006508, GO:0006521, GO:0006915, GO:0006977, GO:0016032, GO:0016070, GO:0016071, GO:0031145, GO:0034641, GO:0042981, GO:0051436, GO:0051437, GO:0051439, GO:0000502, GO:0005634, GO:0005654, GO:0005737, GO:0005829, GO:0005838
115	19, 44047822, A, G	ENSP00000262887	633	-1	AAT A[T/C]G AGT	577	M	T	Single AA Change	-2.91	Deleterious	77	30	0.152	Tolerated	2.86	43		ENSG00000073050	XRCC1_HUMAN	GO:0000012, GO:0001666, GO:0006281, GO:0006284, GO:0010033, GO:0042493, GO:0005622, GO:0005634, GO:0005654, GO:0003684, GO:0005515
115	19, 44047822, A, G	ENSP00000390874	647	-1	AAT A[T/C]G AGT	591	M	T	Single AA Change	-2.91	Deleterious	77	30	0.146	Tolerated	2.89	43		ENSG00000073050		GO:0000012, GO:0042493, GO:0006974, GO:0010033, GO:0001666, GO:0005622, GO:0005634, GO:0003684, GO:0005515
115	19, 44047822, A, G	ENSP00000443671	602	-1	AAT A[T/C]G AGT	546	M	T	Single AA Change	-3.17	Deleterious	79	30	0.154	Tolerated	2.95	41		ENSG00000073050		GO:0000012, GO:0005622, GO:0005634, GO:0003684
116	19, 52569113, A, T	ENSP00000374185	924	-1	GTA AT[T/A] CAT	674	I	I	Synonymous	0.00	Neutral	152	30	1.000	Tolerated	2.81	107		ENSG00000197608	ZN841_HUMAN	GO:0006355, GO:0005622, GO:0005634, GO:0003676, GO:0003677, GO:0008270, GO:0046872
116	19, 52569113, A, T	ENSP00000415453	808	-1	GTA AT[T/A] CAT	558	I	I	Synonymous	0.00	Neutral	142	30	1.000	Tolerated	2.77	148		ENSG00000197608	ZN841_HUMAN	GO:0006355, GO:0005622, GO:0005634, GO:0003677, GO:0008270, GO:0046872
117	20, 30522690, C, T	ENSP00000308980	347	1	AAG [C/T]CG TGG	300	P	S	Single AA Change	-7.13	Deleterious	96	30	0.001	Damaging	2.78	197		ENSG00000131044		GO:0006464, GO:0004835
117	20, 30522690, C, T	ENSP00000365088	355	1	AAG [C/T]CG TGG	277	P	S	Single AA Change	-7.13	Deleterious	93	30	0.002	Damaging	2.83	142		ENSG00000131044		GO:0006464, GO:0004835
117	20, 30522690, C, T	ENSP00000365102	371	1	AAG [C/T]CG TGG	324	P	S	Single AA Change	-7.00	Deleterious	91	30	0.002	Damaging	2.75	133		ENSG00000131044		GO:0006464, GO:0004835
117	20, 30522690, C, T	ENSP00000365105	439	1	AAG [C/T]CG TGG	335	P	S	Single AA Change	-7.12	Deleterious	96	30	0.002	Damaging	2.81	91		ENSG00000131044	TTLL9_HUMAN	GO:0006464, GO:0005737, GO:0005856, GO:0005874, GO:0005929, GO:0005932, GO:0004835, GO:0005524, GO:0016874
117	20, 30522690, C, T	ENSP00000442515	439	1	AAG [C/T]CG TGG	335	P	S	Single AA Change	-7.12	Deleterious	96	30	0.002	Damaging	2.81	91		ENSG00000131044		GO:0006464, GO:0005737, GO:0005856, GO:0005874, GO:0005929, GO:0005932, GO:0004835, GO:0005524, GO:0016874
118	20, 33337758, G, C	ENSP00000351894	2063	-1	GGA C[C/G]A ACT	747	P	R	Single AA Change	-1.35	Neutral	83	30	0.002	Damaging	3.65	40		ENSG00000198646	NCOA6_HUMAN	GO:0006260, GO:0006281, GO:0006310, GO:0006352, GO:0006367, GO:0007420, GO:0007507, GO:0009725, GO:0030099, GO:0030520, GO:0042921, GO:0044255, GO:0045893, GO:0045944, GO:0060716, GO:0005625, GO:0005634, GO:0005654, GO:0005667, GO:0043231, GO:0043234, GO:0003682, GO:0003713, GO:0005515, GO:0016922, GO:0019899, GO:0030331, GO:0030374, GO:0042803, GO:0046965, GO:0046966
118	20, 33337758, G, C	ENSP00000363929	2063	-1	GGA C[C/G]A ACT	747	P	R	Single AA Change	-1.35	Neutral	83	30	0.002	Damaging	3.65	40		ENSG00000198646	NCOA6_HUMAN	GO:0006260, GO:0006281, GO:0006310, GO:0006352, GO:0006367, GO:0007420, GO:0007507, GO:0009725, GO:0030099, GO:0030520, GO:0042921, GO:0044255, GO:0045893, GO:0045944, GO:0060716, GO:0005625, GO:0005634, GO:0005654, GO:0005667, GO:0043231, GO:0003682, GO:0003713, GO:0005515, GO:0016922, GO:0019899, GO:0030331, GO:0030374, GO:0042803, GO:0046965, GO:0046966
119	20, 44669035, C, A	ENSP00000243964	1116	1	ATG GC[C/A] ATC	212	A	A	Synonymous	0.00	Neutral	332	30	1.000	Tolerated	2.89	294		ENSG00000124140		GO:0006810, GO:0006811, GO:0006813, GO:0006814, GO:0006821, GO:0015696, GO:0051452, GO:0055085, GO:0007612, GO:0007268, GO:0042493, GO:0040040, GO:0035264, GO:0005886, GO:0016020, GO:0016021, GO:0032590, GO:0043204, GO:0005215, GO:0015377, GO:0015379, GO:0051739, GO:0005515
119	20, 44669035, C, A	ENSP00000361389	285	1	ATG GC[C/A] ATC	212	A	A	Synonymous	0.00	Neutral	308	30	1.000	Tolerated	2.94	296		ENSG00000124140		GO:0006810, GO:0006811, GO:0055085, GO:0016020, GO:0005215
119	20, 44669035, C, A	ENSP00000387694	1139	1	ATG GC[C/A] ATC	235	A	A	Synonymous	0.00	Neutral	332	30	1.000	Tolerated	2.86	293		ENSG00000124140	S12A5_HUMAN	GO:0006810, GO:0006811, GO:0006813, GO:0006814, GO:0006821, GO:0006873, GO:0015696, GO:0051452, GO:0055085, GO:0005886, GO:0016020, GO:0016021, GO:0032590, GO:0043204, GO:0005215, GO:0015293, GO:0015377, GO:0015379, GO:0051739
120	20, 55072221, C, T	ENSP00000243913	308	-1	CCA AT[G/A] AAG	26	M	I	Single AA Change	-0.63	Neutral	137	30	NA	NA	NA	NA		ENSG00000124091	GCNT7_HUMAN	GO:0000139, GO:0005794, GO:0016020, GO:0016021, GO:0008375, GO:0016757
121	21, 27840840, G, A	ENSP00000299340	154	-1	TAT [C/T]CT GGA	149	P	S	Single AA Change	-6.50	Deleterious	42	9	0.000	Damaging	3.88	21		ENSG00000166265	CYYR1_HUMAN	GO:0008150, GO:0016020, GO:0016021, GO:0003674
122	22, 26291164, A, T	ENSP00000334563	2567	1	GAG [A/T]AC GAG	1529	N	Y	Single AA Change	-1.99	Neutral	132	30	0.036	Damaging	2.76	203		ENSG00000133454	MY18B_HUMAN	GO:0001570, GO:0001701, GO:0048739, GO:0005634, GO:0005737, GO:0016459, GO:0016461, GO:0030017, GO:0030018, GO:0031941, GO:0000166, GO:0003774, GO:0003779, GO:0005515, GO:0005524
122	22, 26291164, A, T	ENSP00000386096	2568	1	GAG [A/T]AC GAG	1530	N	Y	Single AA Change	-1.99	Neutral	132	30	0.036	Damaging	2.76	203		ENSG00000133454		GO:0001701, GO:0001570, GO:0048739, GO:0005634, GO:0005737, GO:0016459, GO:0030018, GO:0031941, GO:0000166, GO:0003774, GO:0005515, GO:0005524
122	22, 26291164, A, T	ENSP00000441229	2567	1	GAG [A/T]AC GAG	1529	N	Y	Single AA Change	-1.99	Neutral	132	30	0.036	Damaging	2.76	203		ENSG00000133454		GO:0001570, GO:0001701, GO:0048739, GO:0005634, GO:0005737, GO:0016459, GO:0030018, GO:0031941, GO:0000166, GO:0003774, GO:0005515, GO:0005524
123	22, 29876387, G, A	ENSP00000311997	1020	1	AGC [G/A]GC TTC	46	G	S	Single AA Change	-2.28	Neutral	161	30	0.009	Damaging	3.50	118		ENSG00000100285	NFH_HUMAN	GO:0000226, GO:0007399, GO:0008219, GO:0045110, GO:0060052, GO:0045104, GO:0005739, GO:0005883, GO:0030424, GO:0003674
123	22, 29876387, G, A	ENSP00000333119	971	1	AGC [G/A]GC TTC	46	G	S	Single AA Change	-1.85	Neutral	163	30	0.009	Damaging	3.45	122		ENSG00000100285		GO:0005882
124	22, 39441029, C, T	ENSP00000309749	373	1	TGT TT[C/T] CAG	85	F	F	Synonymous	0.00	Neutral	214	30	0.378	Tolerated	2.87	143		ENSG00000128394	ABC3F_HUMAN	GO:0002230, GO:0009615, GO:0009972, GO:0010529, GO:0016553, GO:0045071, GO:0045087, GO:0045869, GO:0048525, GO:0080111, GO:0005737, GO:0030895, GO:0003723, GO:0004126, GO:0008270, GO:0016787, GO:0016814, GO:0046872
125	X, 11196279, G, C	ENSP00000302312	771	-1	CTA [C/G]AG TTC	321	Q	E	Single AA Change	-0.63	Neutral	159	30	0.330	Tolerated	2.83	122		ENSG00000047648		GO:0007165, GO:0005622
125	X, 11196279, G, C	ENSP00000338967	974	-1	CTA [C/G]AG TTC	524	Q	E	Single AA Change	-0.58	Neutral	158	30	0.246	Tolerated	2.93	375		ENSG00000047648	RHG06_HUMAN	GO:0007015, GO:0007165, GO:0007202, GO:0007264, GO:0007266, GO:0010518, GO:0030041, GO:0032321, GO:0043087, GO:0051056, GO:0051497, GO:0051895, GO:0048041, GO:0043547, GO:0005622, GO:0005737, GO:0005829, GO:0005884, GO:0015629, GO:0005070, GO:0005096, GO:0005100, GO:0016004, GO:0017124, GO:0043274
125	X, 11196279, G, C	ENSP00000370093	601	-1	CTA [C/G]AG TTC	360	Q	E	Single AA Change	-0.60	Neutral	163	30	0.312	Tolerated	2.85	127		ENSG00000047648		GO:0007165, GO:0005622
125	X, 11196279, G, C	ENSP00000370094	765	-1	CTA [C/G]AG TTC	524	Q	E	Single AA Change	-0.63	Neutral	160	30	0.319	Tolerated	2.89	375		ENSG00000047648		GO:0007165, GO:0005622
125	X, 11196279, G, C	ENSP00000370108	690	-1	CTA [C/G]AG TTC	556	Q	E	Single AA Change	-0.60	Neutral	163	30	0.225	Tolerated	2.94	387		ENSG00000047648		GO:0007165, GO:0005622
125	X, 11196279, G, C	ENSP00000370112	771	-1	CTA [C/G]AG TTC	321	Q	E	Single AA Change	-0.63	Neutral	159	30	0.330	Tolerated	2.83	122		ENSG00000047648		GO:0007165, GO:0005622
125	X, 11196279, G, C	ENSP00000389394	467	-1	CTA [C/G]AG TTC	333	Q	E	Single AA Change	-0.63	Neutral	162	30	0.124	Tolerated	2.90	117		ENSG00000047648		GO:0007165, GO:0005622
125	X, 11196279, G, C	ENSP00000435767	690	-1	CTA [C/G]AG TTC	556	Q	E	Single AA Change	-0.60	Neutral	163	30	0.225	Tolerated	2.94	387		ENSG00000047648		GO:0007165, GO:0005622
125	X, 11196279, G, C	ENSP00000438135	604	-1	CTA [C/G]AG TTC	349	Q	E	Single AA Change	-0.60	Neutral	163	30	0.249	Tolerated	2.95	127		ENSG00000047648		GO:0007165, GO:0005622
126	X, 26213014, G, A	ENSP00000368320	407	1	AGT [G/A]AT CCT	351	D	N	Single AA Change	-4.35	Deleterious	104	30	0.028	Damaging	2.80	100		ENSG00000176746	MAGB6_HUMAN	GO:0008150, GO:0005575, GO:0003674
127	X, 43627933, C, G	ENSP00000367309	520	-1	GAG [G/C]AT GAA	460	D	H	Single AA Change	-1.32	Neutral	141	30	0.036	Damaging	3.26	101		ENSG00000069535	AOFB_HUMAN	GO:0006805, GO:0009636, GO:0010044, GO:0010269, GO:0014063, GO:0032496, GO:0042493, GO:0045471, GO:0045964, GO:0048545, GO:0051412, GO:0055114, GO:0005739, GO:0005740, GO:0005741, GO:0005743, GO:0016020, GO:0016021, GO:0008131, GO:0009055, GO:0016491, GO:0042803, GO:0050660
127	X, 43627933, C, G	ENSP00000431416	89	-1	GAG [G/C]AT GAA	29	D	H	Single AA Change	-1.34	Neutral	135	30	0.046	Damaging	2.97	114		ENSG00000069535		
127	X, 43627933, C, G	ENSP00000441613	504	-1	GAG [G/C]AT GAA	444	D	H	Single AA Change	-1.32	Neutral	141	30	0.036	Damaging	3.10	102		ENSG00000069535		GO:0009636, GO:0010044, GO:0010269, GO:0014063, GO:0032496, GO:0042493, GO:0045471, GO:0045964, GO:0048545, GO:0051412, GO:0055114, GO:0005739, GO:0005741, GO:0005743, GO:0016491, GO:0042803, GO:0050660
127	X, 43627933, C, G	ENSP00000442240	411	-1	AGA G[G/C]A 	411	G	A	Single AA Change	1.24	Neutral	141	30	0.000	Damaging	0.00	0		ENSG00000069535		GO:0055114, GO:0016491
128	X, 107412840, G, A	ENSP00000334733	1690	-1	AGT AT[C/T] ACC	1192	I	I	Synonymous	0.00	Neutral	118	30	0.360	Tolerated	2.94	71		ENSG00000197565		GO:0005581, GO:0005201
128	X, 107412840, G, A	ENSP00000361290	1691	-1	AGT AT[C/T] ACC	1193	I	I	Synonymous	0.00	Neutral	118	30	0.487	Tolerated	2.89	71		ENSG00000197565	CO4A6_HUMAN	GO:0007155, GO:0030198, GO:0071230, GO:0005576, GO:0005581, GO:0005587, GO:0005604, GO:0005201, GO:0005488, GO:0005198
128	X, 107412840, G, A	ENSP00000378340	1691	-1	AGT AT[C/T] ACC	1193	I	I	Synonymous	0.00	Neutral	118	30	0.473	Tolerated	2.86	78		ENSG00000197565		GO:0005581, GO:0005201, GO:0005488
128	X, 107412840, G, A	ENSP00000439760	1678	-1	AGT AT[C/T] ACC	1192	I	I	Synonymous	0.00	Neutral	117	30	0.376	Tolerated	2.90	71		ENSG00000197565		GO:0005581, GO:0005201, GO:0005488
128	X, 107412840, G, A	ENSP00000443707	1666	-1	AGT AT[C/T] ACC	1168	I	I	Synonymous	0.00	Neutral	118	30	1.000	Tolerated	2.86	69		ENSG00000197565		GO:0005581, GO:0005201, GO:0005488
128	X, 107412840, G, A	ENSP00000445236	1633	-1	AGT AT[C/T] ACC	1168	I	I	Synonymous	0.00	Neutral	118	30	1.000	Tolerated	2.93	65		ENSG00000197565		GO:0005581, GO:0005201, GO:0005488
129	X, 134993455, G, T	ENSP00000323191	904	1	TCA [G/T]GA GCT	704	G	*	Nonsense	NA	NA	141	30	NA	NA	NA	NA		ENSG00000181433	SAGE1_HUMAN	GO:0005634
129	X, 134993455, G, T	ENSP00000359743	904	1	TCA [G/T]GA GCT	704	G	*	Nonsense	NA	NA	141	30	NA	NA	NA	NA		ENSG00000181433	SAGE1_HUMAN	GO:0005634
129	X, 134993455, G, T	ENSP00000438276	528	1	TCA [G/T]GA GCT	328	G	*	Nonsense	NA	NA	109	30	NA	NA	NA	NA		ENSG00000181433		GO:0005634
129	X, 134993455, G, T	ENSP00000445959	904	1	TCA [G/T]GA GCT	704	G	*	Nonsense	NA	NA	141	30	NA	NA	NA	NA		ENSG00000181433		GO:0005634
130	X, 153052956, G, A	ENSP00000217901	393	-1	GGG [C/T]GC AAG	213	R	C	Single AA Change	-7.43	Deleterious	125	30	0.000	Damaging	2.85	241		ENSG00000067829	IDH3G_HUMAN	GO:0005975, GO:0006099, GO:0006102, GO:0006103, GO:0006734, GO:0045926, GO:0055114, GO:0005634, GO:0005730, GO:0005739, GO:0005759, GO:0000287, GO:0004449, GO:0005524, GO:0016491, GO:0016616, GO:0051287
130	X, 153052956, G, A	ENSP00000359110	380	-1	GGG [C/T]GC AAG	213	R	C	Single AA Change	-7.52	Deleterious	134	30	0.000	Damaging	2.84	331		ENSG00000067829		GO:0006099, GO:0006102, GO:0006103, GO:0006734, GO:0045926, GO:0055114, GO:0005634, GO:0005730, GO:0005739, GO:0000287, GO:0004449, GO:0016491, GO:0016616, GO:0051287
130	X, 153052956, G, A	ENSP00000359111	340	-1	GGG [C/T]GC AAG	213	R	C	Single AA Change	-7.51	Deleterious	195	30	0.000	Damaging	2.85	293		ENSG00000067829		GO:0006099, GO:0006102, GO:0006103, GO:0006734, GO:0045926, GO:0055114, GO:0005730, GO:0005739, GO:0000287, GO:0004449, GO:0016491, GO:0016616, GO:0051287
130	X, 153052956, G, A	ENSP00000377366	301	-1	GGG [C/T]GC AAG	109	R	C	Single AA Change	-7.54	Deleterious	132	30	0.000	Damaging	2.79	397		ENSG00000067829		GO:0006099, GO:0055114, GO:0005634, GO:0005730, GO:0005739, GO:0000287, GO:0004449, GO:0016491, GO:0016616, GO:0051287
130	X, 153052956, G, A	ENSP00000400115	211	-1	GGG [C/T]GC AAG	19	R	C	Single AA Change	-7.62	Deleterious	177	30	0.000	Damaging	2.86	309		ENSG00000067829		GO:0055114, GO:0016616
130	X, 153052956, G, A	ENSP00000401794	155	-1	GGG [C/T]GC AAG	24	R	C	Single AA Change	-6.92	Deleterious	217	30	0.000	Damaging	2.88	219		ENSG00000067829		GO:0055114, GO:0016616
130	X, 153052956, G, A	ENSP00000401862	285	-1	GGG [C/T]GC AAG	190	R	C	Single AA Change	-7.49	Deleterious	178	30	0.000	Damaging	2.89	394		ENSG00000067829		GO:0006099, GO:0055114, GO:0005730, GO:0005739, GO:0000287, GO:0004449, GO:0016491, GO:0016616, GO:0051287
130	X, 153052956, G, A	ENSP00000402747	199	-1	GGG [C/T]GC AAG	153	R	C	Single AA Change	-8.00	Deleterious	191	30	0.016	Damaging	2.80	399		ENSG00000067829		GO:0055114, GO:0016616
130	X, 153052956, G, A	ENSP00000408529	322	-1	GGG [C/T]GC AAG	155	R	C	Single AA Change	-7.51	Deleterious	179	30	0.000	Damaging	2.88	397		ENSG00000067829		GO:0006099, GO:0055114, GO:0000287, GO:0004449, GO:0016616, GO:0051287
