#ROW_NO.	INPUT	PROTEIN_ID	LENGTH	STRAND	CODON_CHANGE	POS	RESIDUE_REF	RESIDUE_ALT	TYPE	SCORE	PREDICTION (cutoff=-2.5)	#SEQ	#CLUSTER	SCORE	PREDICTION (cutoff=0.05)	MEDIAN_INFO	#SEQ	dbSNP_ID	GENE_ID	UNIPROT_ID	GO_TERM_ACCESSION
1	2, 160698818, C, T	ENSP00000263636	1722	-1	ACT G[G/A]G ACG	1073	G	E	Single AA Change	-7.29	Deleterious	167	30	0.000	Damaging	2.94	56		ENSG00000054219	LY75_HUMAN	GO:0006897, GO:0006954, GO:0006955, GO:0005887, GO:0016020, GO:0004872, GO:0005488, GO:0005529
1	2, 160698818, C, T	ENSP00000421035	1817	-1	ACT G[G/A]G ACG	1073	G	E	Single AA Change	-7.29	Deleterious	166	30	0.000	Damaging	2.94	60		ENSG00000248672		GO:0005488
1	2, 160698818, C, T	ENSP00000423463	1873	-1	ACT G[G/A]G ACG	1073	G	E	Single AA Change	-7.30	Deleterious	164	30	0.000	Damaging	2.88	60		ENSG00000248672		GO:0005488
1	2, 160698818, C, T	ENSP00000451446	1817	-1	ACT G[G/A]G ACG	1073	G	E	Single AA Change	-7.29	Deleterious	166	30	0.000	Damaging	2.94	60		ENSG00000054219		GO:0005488
1	2, 160698818, C, T	ENSP00000451511	1873	-1	ACT G[G/A]G ACG	1073	G	E	Single AA Change	-7.30	Deleterious	164	30	0.000	Damaging	2.88	60		ENSG00000054219		GO:0005488
2	2, 160729096, A, G	ENSP00000263636	1722	-1	TTC CA[T/C] GCA	661	H	H	Synonymous	0.00	Neutral	167	30	1.000	Tolerated	2.89	57		ENSG00000054219	LY75_HUMAN	GO:0006897, GO:0006954, GO:0006955, GO:0005887, GO:0016020, GO:0004872, GO:0005488, GO:0005529
2	2, 160729096, A, G	ENSP00000421035	1817	-1	TTC CA[T/C] GCA	661	H	H	Synonymous	0.00	Neutral	166	30	1.000	Tolerated	2.89	62		ENSG00000248672		GO:0005488
2	2, 160729096, A, G	ENSP00000423463	1873	-1	TTC CA[T/C] GCA	661	H	H	Synonymous	0.00	Neutral	164	30	1.000	Tolerated	2.84	61		ENSG00000248672		GO:0005488
2	2, 160729096, A, G	ENSP00000451446	1817	-1	TTC CA[T/C] GCA	661	H	H	Synonymous	0.00	Neutral	166	30	1.000	Tolerated	2.89	62		ENSG00000054219		GO:0005488
2	2, 160729096, A, G	ENSP00000451511	1873	-1	TTC CA[T/C] GCA	661	H	H	Synonymous	0.00	Neutral	164	30	1.000	Tolerated	2.84	61		ENSG00000054219		GO:0005488
3	2, 198267483, C, T	ENSP00000335321	1304	-1	GTC C[G/A]T AAC	625	R	H	Single AA Change	-4.86	Deleterious	205	30	0.000	Damaging	2.79	272		ENSG00000115524	SF3B1_HUMAN	GO:0000375, GO:0000398, GO:0008380, GO:0009952, GO:0010467, GO:0005634, GO:0005654, GO:0005681, GO:0005689, GO:0016607, GO:0071013, GO:0003682, GO:0005515
4	2, 220012390, G, A	ENSP00000349313	299	-1	GCT A[C/T]G CTG	173	T	M	Single AA Change	-1.78	Neutral	84	30	0.040	Damaging	2.96	55		ENSG00000187736	NHEJ1_HUMAN	GO:0006281, GO:0006302, GO:0006303, GO:0006310, GO:0007417, GO:0010212, GO:0030183, GO:0030217, GO:0051351, GO:0005634, GO:0070419, GO:0003677, GO:0005515
4	2, 220012390, G, A	ENSP00000387290	316	-1	GCT A[C/T]G CTG	173	T	M	Single AA Change	-1.78	Neutral	84	30	0.034	Damaging	2.87	63		ENSG00000187736		GO:0006281, GO:0006302, GO:0006310, GO:0005634, GO:0003677
4	2, 220012390, G, A	ENSP00000394896	224	-1	GCT A[C/T]G CTG	93	T	M	Single AA Change	-1.50	Neutral	83	30	0.048	Damaging	2.90	57		ENSG00000187736		GO:0006281, GO:0005634
4	2, 220012390, G, A	ENSP00000407201	229	-1	GCT A[C/T]G CTG	173	T	M	Single AA Change	-1.56	Neutral	84	30	0.049	Damaging	2.90	56		ENSG00000187736		GO:0006281, GO:0006302, GO:0006310, GO:0005634, GO:0003677
4	2, 220012390, G, A	ENSP00000408966	232	-1	GCT A[C/T]G CTG	173	T	M	Single AA Change	-1.90	Neutral	85	30	0.070	Tolerated	2.82	63		ENSG00000187736		GO:0006281, GO:0006302, GO:0006310, GO:0005634, GO:0003677
5	3, 138739132, C, T	ENSP00000328768	265	-1	GAA GT[G/A] GAC	124	V	V	Synonymous	0.00	Neutral	61	21	0.385	Tolerated	2.87	44		ENSG00000184814	PR23B_HUMAN	
6	5, 236556, T, G	ENSP00000264932	664	1	CAC G[T/G]G AAT	425	V	G	Single AA Change	-0.17	Neutral	393	30	0.367	Tolerated	3.49	391		ENSG00000073578	DHSA_HUMAN	GO:0006099, GO:0006105, GO:0006810, GO:0007399, GO:0022900, GO:0022904, GO:0055114, GO:0005739, GO:0005743, GO:0005749, GO:0016020, GO:0000104, GO:0005515, GO:0008177, GO:0009055, GO:0016491, GO:0016627, GO:0050660
6	5, 236556, T, G	ENSP00000329450	519	1	CAC G[T/G]G AAT	280	V	G	Single AA Change	-0.43	Neutral	331	30	0.372	Tolerated	3.74	390		ENSG00000073578		GO:0055114, GO:0009055, GO:0016491
6	5, 236556, T, G	ENSP00000426514	583	1	CAC G[T/G]G AAT	425	V	G	Single AA Change	0.02	Neutral	392	30	0.366	Tolerated	3.48	391		ENSG00000073578		GO:0006099, GO:0022900, GO:0055114, GO:0009055, GO:0016491, GO:0016627, GO:0050660
6	5, 236556, T, G	ENSP00000427703	616	1	CAC G[T/G]G AAT	377	V	G	Single AA Change	-0.38	Neutral	392	30	0.351	Tolerated	3.37	390		ENSG00000073578		GO:0006099, GO:0022900, GO:0055114, GO:0009055, GO:0016491, GO:0016627, GO:0050660
7	5, 33944942, G, A	ENSP00000296589	530	-1	AAC AG[C/T] GTG	468	S	S	Synonymous	0.00	Neutral	98	30	1.000	Tolerated	2.89	105	rs143577894	ENSG00000164175	S45A2_HUMAN	GO:0007601, GO:0042438, GO:0048066, GO:0050896, GO:0055085, GO:0016020, GO:0016021, GO:0033162
7	5, 33944942, G, A	ENSP00000341014	471	-1	AAC AG[C/T] GTG	409	S	S	Synonymous	0.00	Neutral	137	30	1.000	Tolerated	2.84	84	rs143577894	ENSG00000164175		
8	6, 17773814, C, T	ENSP00000259711	1805	-1	AAG [G/A]GT TGG	1407	G	S	Single AA Change	-1.50	Neutral	140	30	0.006	Damaging	3.49	77		ENSG00000137177	KI13A_HUMAN	GO:0000910, GO:0006886, GO:0007018, GO:0007049, GO:0008333, GO:0032438, GO:0035459, GO:0043001, GO:0072383, GO:0005622, GO:0005737, GO:0005768, GO:0005794, GO:0005813, GO:0005856, GO:0005874, GO:0010008, GO:0016020, GO:0030496, GO:0032588, GO:0000166, GO:0003777, GO:0005515, GO:0005524
8	6, 17773814, C, T	ENSP00000351150	889	-1	AAG [G/A]GT TGG	801	G	S	Single AA Change	-1.44	Neutral	139	30	0.009	Damaging	3.46	71		ENSG00000137177		
8	6, 17773814, C, T	ENSP00000368091	1749	-1	AAG [G/A]GT TGG	1394	G	S	Single AA Change	-1.47	Neutral	140	30	0.012	Damaging	3.43	73		ENSG00000137177		GO:0007018, GO:0003777, GO:0005515, GO:0005524
8	6, 17773814, C, T	ENSP00000368093	1770	-1	AAG [G/A]GT TGG	1407	G	S	Single AA Change	-1.47	Neutral	140	30	0.008	Damaging	3.43	75		ENSG00000137177		GO:0007018, GO:0005874, GO:0000166, GO:0003777, GO:0005515, GO:0005524
8	6, 17773814, C, T	ENSP00000368103	1770	-1	AAG [G/A]GT TGG	1407	G	S	Single AA Change	-1.47	Neutral	140	30	0.009	Damaging	3.43	75		ENSG00000137177		GO:0007018, GO:0003777, GO:0005515, GO:0005524
8	6, 17773814, C, T	ENSP00000368120	1757	-1	AAG [G/A]GT TGG	1394	G	S	Single AA Change	-1.47	Neutral	140	30	0.009	Damaging	3.43	73		ENSG00000137177		GO:0007018, GO:0003777, GO:0005515, GO:0005524
8	6, 17773814, C, T	ENSP00000425616	801	-1	AAG [G/A]GT TGG	411	G	S	Single AA Change	-1.53	Neutral	137	30	0.006	Damaging	3.36	86		ENSG00000137177		
8	6, 17773814, C, T	ENSP00000454813	1845	-1	AAG [G/A]GT TGG	1447	G	S	Single AA Change	-1.50	Neutral	140	30	0.005	Damaging	3.54	84		ENSG00000137177		GO:0007018, GO:0003777, GO:0005515, GO:0005524
9	8, 110587336, G, A	ENSP00000276646	663	-1	GGG GG[C/T] GTC	597	G	G	Synonymous	0.00	Neutral	151	30	0.808	Tolerated	3.07	104		ENSG00000147642	SYBU_HUMAN	GO:0000139, GO:0005737, GO:0005794, GO:0005856, GO:0016020, GO:0016021, GO:0016023, GO:0005515
9	8, 110587336, G, A	ENSP00000382019	660	-1	GGG GG[C/T] GTC	594	G	G	Synonymous	0.00	Neutral	151	30	0.823	Tolerated	3.07	104		ENSG00000147642		
9	8, 110587336, G, A	ENSP00000386154	663	-1	GGG GG[C/T] GTC	597	G	G	Synonymous	0.00	Neutral	151	30	0.808	Tolerated	3.07	104		ENSG00000147642	SYBU_HUMAN	GO:0000139, GO:0005737, GO:0005794, GO:0005856, GO:0016020, GO:0016021, GO:0016023, GO:0005515
9	8, 110587336, G, A	ENSP00000386196	544	-1	GGG GG[C/T] GTC	478	G	G	Synonymous	0.00	Neutral	151	30	0.740	Tolerated	2.99	105		ENSG00000147642		
9	8, 110587336, G, A	ENSP00000402652	662	-1	GGG GG[C/T] GTC	596	G	G	Synonymous	0.00	Neutral	151	30	0.822	Tolerated	3.08	104		ENSG00000147642		
9	8, 110587336, G, A	ENSP00000403544	663	-1	GGG GG[C/T] GTC	597	G	G	Synonymous	0.00	Neutral	151	30	0.808	Tolerated	3.07	104		ENSG00000147642	SYBU_HUMAN	GO:0000139, GO:0005737, GO:0005794, GO:0005856, GO:0016020, GO:0016021, GO:0016023, GO:0005515
9	8, 110587336, G, A	ENSP00000404369	663	-1	GGG GG[C/T] GTC	597	G	G	Synonymous	0.00	Neutral	151	30	0.808	Tolerated	3.07	104		ENSG00000147642	SYBU_HUMAN	GO:0000139, GO:0005737, GO:0005794, GO:0005856, GO:0016020, GO:0016021, GO:0016023, GO:0005515
9	8, 110587336, G, A	ENSP00000407118	663	-1	GGG GG[C/T] GTC	597	G	G	Synonymous	0.00	Neutral	151	30	0.808	Tolerated	3.07	104		ENSG00000147642	SYBU_HUMAN	GO:0000139, GO:0005737, GO:0005794, GO:0005856, GO:0016020, GO:0016021, GO:0016023, GO:0005515
9	8, 110587336, G, A	ENSP00000414748	662	-1	GGG GG[C/T] GTC	596	G	G	Synonymous	0.00	Neutral	151	30	0.822	Tolerated	3.08	104		ENSG00000147642	SYBU_HUMAN	GO:0000139, GO:0005737, GO:0005794, GO:0005856, GO:0016020, GO:0016021, GO:0016023, GO:0005515
9	8, 110587336, G, A	ENSP00000415654	668	-1	GGG GG[C/T] GTC	602	G	G	Synonymous	0.00	Neutral	150	29	0.851	Tolerated	3.09	107		ENSG00000147642		
9	8, 110587336, G, A	ENSP00000432501	662	-1	GGG GG[C/T] GTC	596	G	G	Synonymous	0.00	Neutral	151	30	0.822	Tolerated	3.08	104		ENSG00000147642		
9	8, 110587336, G, A	ENSP00000432962	544	-1	GGG GG[C/T] GTC	478	G	G	Synonymous	0.00	Neutral	151	30	0.740	Tolerated	2.99	105		ENSG00000147642		
9	8, 110587336, G, A	ENSP00000433446	662	-1	GGG GG[C/T] GTC	596	G	G	Synonymous	0.00	Neutral	151	30	0.822	Tolerated	3.08	104		ENSG00000147642		
9	8, 110587336, G, A	ENSP00000433941	533	-1	GGG GG[C/T] GTC	467	G	G	Synonymous	0.00	Neutral	151	30	0.820	Tolerated	3.03	105		ENSG00000147642		
9	8, 110587336, G, A	ENSP00000434679	663	-1	GGG GG[C/T] GTC	597	G	G	Synonymous	0.00	Neutral	151	30	0.808	Tolerated	3.07	104		ENSG00000147642		GO:0000139, GO:0005737, GO:0005794, GO:0005856, GO:0016020, GO:0016021, GO:0016023, GO:0005515
9	8, 110587336, G, A	ENSP00000434871	457	-1	GGG GG[C/T] GTC	391	G	G	Synonymous	0.00	Neutral	151	30	0.822	Tolerated	2.97	102		ENSG00000147642		
9	8, 110587336, G, A	ENSP00000436041	544	-1	GGG GG[C/T] GTC	478	G	G	Synonymous	0.00	Neutral	151	30	0.740	Tolerated	2.99	105		ENSG00000147642		
9	8, 110587336, G, A	ENSP00000436266	595	-1	GGG GG[C/T] GTC	529	G	G	Synonymous	0.00	Neutral	151	30	0.775	Tolerated	3.04	104		ENSG00000147642		
10	8, 144687956, C, T	ENSP00000220966	286	-1	CAC [G/A]CC CTG	259	A	T	Single AA Change	-1.04	Neutral	186	30	0.456	Tolerated	2.77	178		ENSG00000104524	P5CR3_HUMAN	GO:0006561, GO:0008652, GO:0055114, GO:0000166, GO:0004735, GO:0016491, GO:0016616, GO:0042802, GO:0005515
10	8, 144687956, C, T	ENSP00000366802	137	-1	CAC [G/A]CC CTG	110	A	T	Single AA Change	-1.53	Neutral	177	30	0.452	Tolerated	2.77	237		ENSG00000104524		GO:0006561, GO:0004735, GO:0016491, GO:0016616, GO:0042802
10	8, 144687956, C, T	ENSP00000404493	261	-1	CAC [G/A]CC CTG	234	A	T	Single AA Change	-1.22	Neutral	170	30	0.436	Tolerated	2.82	167		ENSG00000104524		GO:0006561, GO:0055114, GO:0004735, GO:0016491, GO:0016616, GO:0042802
11	9, 80409488, T, G	ENSP00000286548	359	-1	GGC C[A/C]A AGG	209	Q	P	Single AA Change	-5.78	Deleterious	281	30	0.001	Damaging	3.00	383	rs121913492	ENSG00000156052	GNAQ_HUMAN	GO:0001501, GO:0001508, GO:0006184, GO:0006469, GO:0006471, GO:0007186, GO:0007189, GO:0007202, GO:0007215, GO:0007507, GO:0007596, GO:0007610, GO:0009791, GO:0016322, GO:0021884, GO:0030168, GO:0035412, GO:0042733, GO:0043547, GO:0045634, GO:0048066, GO:0050821, GO:0060158, GO:0005624, GO:0005737, GO:0005834, GO:0005886, GO:0031234, GO:0000166, GO:0001664, GO:0003924, GO:0004629, GO:0004871, GO:0005085, GO:0005096, GO:0005515, GO:0005525, GO:0019001, GO:0031683, GO:0046872
11	9, 80409488, T, G	ENSP00000443197	157	-1	GGC C[A/C]A AGG	7	Q	P	Single AA Change	-5.51	Deleterious	275	30	0.004	Damaging	3.29	364	rs121913492	ENSG00000156052		GO:0006471, GO:0007186, GO:0004871, GO:0005525, GO:0019001
12	12, 266306, G, A	ENSP00000315662	1182	1	GAG [G/A]CC TTC	757	A	T	Single AA Change	-3.78	Deleterious	148	30	0.017	Damaging	3.06	388		ENSG00000120645	IQEC3_HUMAN	GO:0032012, GO:0005622, GO:0005634, GO:0005737, GO:0005086, GO:0005515
12	12, 266306, G, A	ENSP00000372292	759	1	GAG [G/A]CC TTC	454	A	T	Single AA Change	-3.78	Deleterious	150	30	0.038	Damaging	2.80	216		ENSG00000120645		GO:0032012, GO:0005622, GO:0005086, GO:0005515
12	12, 266306, G, A	ENSP00000437554	1182	1	GAG [G/A]CC TTC	757	A	T	Single AA Change	-3.78	Deleterious	148	30	0.017	Damaging	3.06	388		ENSG00000120645		GO:0032012, GO:0005622, GO:0005634, GO:0005737, GO:0045211, GO:0060077, GO:0005086, GO:0005515
13	12, 88542240, A, C	ENSP00000266712	914	1	AAA [A/C]CT TTA	50	T	P	Single AA Change	-1.37	Neutral	150	30	0.014	Damaging	2.91	64		ENSG00000139324	TMTC3_HUMAN	GO:0016020, GO:0016021, GO:0005488, GO:0005515
13	12, 88542240, A, C	ENSP00000447640	148	1	AAA [A/C]CT TTA	50	T	P	Single AA Change	-1.91	Neutral	96	30	0.023	Damaging	2.85	157		ENSG00000139324		
13	12, 88542240, A, C	ENSP00000448566	146	1	AAA [A/C]CT TTA	50	T	P	Single AA Change	-1.69	Neutral	136	30	0.031	Damaging	2.84	76		ENSG00000139324		
13	12, 88542240, A, C	ENSP00000448733	406	1	AAA [A/C]CT TTA	50	T	P	Single AA Change	-1.77	Neutral	150	30	0.014	Damaging	2.87	66		ENSG00000139324		
14	12, 109530411, G, A	ENSP00000343021	261	-1	ATT [C/T]GG GCT	61	R	W	Single AA Change	-2.76	Deleterious	80	30	0.004	Damaging	2.90	45		ENSG00000189046	ALKB2_HUMAN	GO:0006281, GO:0006307, GO:0035511, GO:0055114, GO:0070989, GO:0080111, GO:0005634, GO:0005654, GO:0008198, GO:0016491, GO:0016702, GO:0016706, GO:0043734, GO:0046872, GO:0051747
14	12, 109530411, G, A	ENSP00000398181	261	-1	ATT [C/T]GG GCT	61	R	W	Single AA Change	-2.76	Deleterious	80	30	0.004	Damaging	2.90	45		ENSG00000189046	ALKB2_HUMAN	GO:0006281, GO:0006307, GO:0035511, GO:0055114, GO:0070989, GO:0080111, GO:0005634, GO:0005654, GO:0008198, GO:0016491, GO:0016702, GO:0016706, GO:0043734, GO:0046872, GO:0051747
14	12, 109530411, G, A	ENSP00000398509	261	-1	ATT [C/T]GG GCT	61	R	W	Single AA Change	-2.76	Deleterious	80	30	0.004	Damaging	2.90	45		ENSG00000189046	ALKB2_HUMAN	GO:0006281, GO:0006307, GO:0035511, GO:0055114, GO:0070989, GO:0080111, GO:0005634, GO:0005654, GO:0008198, GO:0016491, GO:0016702, GO:0016706, GO:0043734, GO:0046872, GO:0051747
14	12, 109530411, G, A	ENSP00000399820	157	-1	ATT [C/T]GG GCT	61	R	W	Single AA Change	-5.71	Deleterious	52	14	0.001	Damaging	3.37	42		ENSG00000189046		
14	12, 109530411, G, A	ENSP00000443042	150	-1	ATT [C/T]GG GCT	61	R	W	Single AA Change	-3.17	Deleterious	75	30	0.001	Damaging	2.75	50		ENSG00000189046		GO:0080111, GO:0016706, GO:0051747
14	12, 109530411, G, A	ENSP00000443181	160	-1	ATT [C/T]GG GCT	61	R	W	Single AA Change	-3.24	Deleterious	75	30	0.002	Damaging	2.76	50		ENSG00000189046		GO:0080111, GO:0016706, GO:0051747
14	12, 109530411, G, A	ENSP00000444103	121	-1	ATT [C/T]GG GCT	61	R	W	Single AA Change	-3.72	Deleterious	62	23	0.002	Damaging	2.84	50		ENSG00000189046		GO:0080111, GO:0016706, GO:0051747
15	13, 21562241, T, C	ENSP00000372035	1088	-1	AAA [A/G]GC GCC	560	S	G	Single AA Change	-0.40	Neutral	124	30	0.282	Tolerated	3.17	72		ENSG00000150457	LATS2_HUMAN	GO:0000082, GO:0006468, GO:0007049, GO:0007067, GO:0007243, GO:0009755, GO:0030216, GO:0034613, GO:0035329, GO:0045736, GO:0046620, GO:0051301, GO:0090090, GO:0000922, GO:0005634, GO:0005737, GO:0005815, GO:0005856, GO:0000166, GO:0004672, GO:0004674, GO:0004713, GO:0005515, GO:0005524, GO:0046872
15	13, 21562241, T, C	ENSP00000441817	1088	-1	AAA [A/G]GC GCC	560	S	G	Single AA Change	-0.40	Neutral	124	30	0.282	Tolerated	3.17	72		ENSG00000150457		GO:0000082, GO:0006468, GO:0007049, GO:0007067, GO:0007243, GO:0009755, GO:0030216, GO:0034613, GO:0035329, GO:0045736, GO:0046620, GO:0051301, GO:0090090, GO:0000922, GO:0005634, GO:0005737, GO:0005815, GO:0005856, GO:0000166, GO:0004672, GO:0004674, GO:0004713, GO:0005515, GO:0005524, GO:0046872
16	17, 7578555, C, T	record not found																			
17	18, 67833368, A, C	ENSP00000255674	2226	-1	CTT C[T/G]C CAT	620	L	R	Single AA Change	-4.06	Deleterious	80	30	0.000	Damaging	2.88	44		ENSG00000176225	RTTN_HUMAN	GO:0007275, GO:0007368, GO:0005488
17	18, 67833368, A, C	ENSP00000399520	1593	-1	CTT C[T/G]C CAT	620	L	R	Single AA Change	-3.79	Deleterious	83	30	0.000	Damaging	2.82	44		ENSG00000176225		GO:0005488
17	18, 67833368, A, C	ENSP00000402352	879	-1	CTT C[T/G]C CAT	620	L	R	Single AA Change	-4.45	Deleterious	78	30	0.000	Damaging	2.78	45		ENSG00000176225		
18	19, 4033167, G, A	ENSP00000262971	510	1	ATC T[G/A]T CCG	326	C	Y	Single AA Change	-10.21	Deleterious	287	30	0.000	Damaging	2.85	254		ENSG00000105229	PIAS4_HUMAN	GO:0000122, GO:0016055, GO:0032088, GO:0033235, GO:0043065, GO:0045892, GO:0016925, GO:0005634, GO:0005737, GO:0016363, GO:0016605, GO:0003676, GO:0003677, GO:0003714, GO:0005515, GO:0008270, GO:0016874, GO:0019789, GO:0031625, GO:0046872
19	19, 11141492, C, T	ENSP00000343896	1647	1	ACC [C/T]GG GCT	1157	R	W	Single AA Change	-7.01	Deleterious	207	30	0.000	Damaging	2.91	224		ENSG00000127616	SMCA4_HUMAN	GO:0000122, GO:0003407, GO:0006337, GO:0006338, GO:0006355, GO:0006357, GO:0007399, GO:0030308, GO:0043923, GO:0045749, GO:0045892, GO:0045893, GO:0045944, GO:0051091, GO:0060766, GO:0030900, GO:0030902, GO:0035116, GO:0035887, GO:0043388, GO:0043966, GO:0048562, GO:0048730, GO:0060318, GO:0060347, GO:0030198, GO:0030216, GO:0019827, GO:0010424, GO:0006346, GO:0007403, GO:0007507, GO:0000902, GO:0001570, GO:0001701, GO:0001832, GO:0001835, GO:0001889, GO:0000790, GO:0005634, GO:0016514, GO:0071564, GO:0071565, GO:0071778, GO:0005625, GO:0005719, GO:0005726, GO:0000792, GO:0000166, GO:0002039, GO:0003676, GO:0003677, GO:0003713, GO:0003714, GO:0004386, GO:0005515, GO:0005524, GO:0008094, GO:0016817, GO:0016818, GO:0030957, GO:0047485, GO:0050681, GO:0070577, GO:0008134, GO:0000977, GO:0003682
19	19, 11141492, C, T	ENSP00000350720	1679	1	ACC [C/T]GG GCT	1157	R	W	Single AA Change	-7.28	Deleterious	200	30	0.000	Damaging	2.93	230		ENSG00000127616		GO:0006355, GO:0005634, GO:0003676, GO:0003677, GO:0004386, GO:0005515, GO:0005524, GO:0016817, GO:0016818
19	19, 11141492, C, T	ENSP00000392837	1613	1	ACC [C/T]GG GCT	1157	R	W	Single AA Change	-7.01	Deleterious	206	30	0.000	Damaging	2.91	188		ENSG00000127616		GO:0006355, GO:0005634, GO:0003676, GO:0003677, GO:0004386, GO:0005515, GO:0005524, GO:0016817, GO:0016818
19	19, 11141492, C, T	ENSP00000395654	1647	1	ACC [C/T]GG GCT	1157	R	W	Single AA Change	-7.01	Deleterious	207	30	0.000	Damaging	2.91	224		ENSG00000127616	SMCA4_HUMAN	GO:0000122, GO:0003407, GO:0006337, GO:0006338, GO:0006355, GO:0006357, GO:0007399, GO:0030308, GO:0043923, GO:0045749, GO:0045892, GO:0045893, GO:0045944, GO:0051091, GO:0060766, GO:0000790, GO:0005634, GO:0016514, GO:0071564, GO:0071565, GO:0071778, GO:0000166, GO:0002039, GO:0003676, GO:0003677, GO:0003713, GO:0003714, GO:0004386, GO:0005515, GO:0005524, GO:0008094, GO:0016817, GO:0016818, GO:0030957, GO:0047485, GO:0050681, GO:0070577
19	19, 11141492, C, T	ENSP00000397783	1616	1	ACC [C/T]GG GCT	1157	R	W	Single AA Change	-7.01	Deleterious	206	30	0.000	Damaging	2.91	191		ENSG00000127616		GO:0006355, GO:0005634, GO:0003676, GO:0003677, GO:0004386, GO:0005515, GO:0005524, GO:0016817, GO:0016818
19	19, 11141492, C, T	ENSP00000403803	1681	1	ACC [C/T]GG GCT	1221	R	W	Single AA Change	-7.46	Deleterious	200	30	0.000	Damaging	2.94	193		ENSG00000127616		GO:0006355, GO:0005634, GO:0003676, GO:0003677, GO:0004386, GO:0005515, GO:0005524, GO:0016817, GO:0016818
19	19, 11141492, C, T	ENSP00000414727	1617	1	ACC [C/T]GG GCT	1157	R	W	Single AA Change	-7.01	Deleterious	206	30	0.000	Damaging	2.90	191		ENSG00000127616		GO:0006355, GO:0005634, GO:0003676, GO:0003677, GO:0004386, GO:0005515, GO:0005524, GO:0016817, GO:0016818
19	19, 11141492, C, T	ENSP00000445036	1614	1	ACC [C/T]GG GCT	1157	R	W	Single AA Change	-7.01	Deleterious	206	30	0.000	Damaging	2.90	196		ENSG00000127616		GO:0006355, GO:0005634, GO:0003676, GO:0003677, GO:0004386, GO:0005515, GO:0005524, GO:0016817, GO:0016818
20	19, 33698008, C, T	ENSP00000253193	770	1	CAC [C/T]GG CCG	614	R	W	Single AA Change	-2.05	Neutral	166	30	0.032	Damaging	3.34	75		ENSG00000130881	LRP3_HUMAN	GO:0006898, GO:0005905, GO:0016020, GO:0016021, GO:0004872, GO:0005515
21	19, 39805824, G, A	ENSP00000248668	771	-1	CTG TG[C/T] GCC	51	C	C	Synonymous	0.00	Neutral	199	30	1.000	Tolerated	2.87	164		ENSG00000128011	LRFN1_HUMAN	GO:0005886, GO:0014069, GO:0016021, GO:0030054, GO:0045202, GO:0045211, GO:0005515
22	X, 102968623, C, T	ENSP00000316940	168	1	ACG AT[C/T] AAC	68	I	I	Synonymous	0.00	Neutral	10	5	1.000	Tolerated	3.80	7		ENSG00000179363	TMM31_HUMAN	GO:0016020, GO:0016021
