#ROW_NO.	INPUT	PROTEIN_ID	LENGTH	STRAND	CODON_CHANGE	POS	RESIDUE_REF	RESIDUE_ALT	TYPE	SCORE	PREDICTION (cutoff=-2.5)	#SEQ	#CLUSTER	SCORE	PREDICTION (cutoff=0.05)	MEDIAN_INFO	#SEQ	dbSNP_ID	GENE_ID	UNIPROT_ID	GO_TERM_ACCESSION
1	1, 149879333, C, T	ENSP00000358141	682	-1	GAA [G/A]AG TGT	533	E	K	Single AA Change	-0.80	Neutral	174	30	0.355	Tolerated	2.93	129		ENSG00000159164		GO:0006810, GO:0055085, GO:0016020, GO:0016021, GO:0005215, GO:0022857
1	1, 149879333, C, T	ENSP00000358142	742	-1	GAA [G/A]AG TGT	533	E	K	Single AA Change	-0.73	Neutral	172	30	0.374	Tolerated	2.90	132		ENSG00000159164	SV2A_HUMAN	GO:0006810, GO:0006836, GO:0006874, GO:0055085, GO:0005737, GO:0005783, GO:0005911, GO:0016020, GO:0016021, GO:0030672, GO:0031410, GO:0031594, GO:0008021, GO:0019717, GO:0048786, GO:0045202, GO:0004872, GO:0005215, GO:0022857, GO:0005515
2	1, 171556889, C, T	ENSP00000343629	2817	1	TTC [C/T]GG GCT	2689	R	W	Single AA Change	-4.16	Deleterious	121	30	0.000	Damaging	3.28	77		ENSG00000117523		
2	1, 171556889, C, T	ENSP00000356716	2819	1	TTC [C/T]GG GCT	2691	R	W	Single AA Change	-4.43	Deleterious	121	30	0.000	Damaging	3.28	77		ENSG00000117523		
2	1, 171556889, C, T	ENSP00000375928	2898	1	TTC [C/T]GG GCT	2691	R	W	Single AA Change	-4.30	Deleterious	120	30	0.000	Damaging	3.29	80		ENSG00000117523		GO:0008022
2	1, 171556889, C, T	ENSP00000375930	2653	1	TTC [C/T]GG GCT	2446	R	W	Single AA Change	-5.83	Deleterious	112	30	NA	NA	NA	NA		ENSG00000117523	PRC2C_HUMAN	GO:0008022
2	1, 171556889, C, T	ENSP00000401960	2850	1	TTC [C/T]GG GCT	2643	R	W	Single AA Change	-4.66	Deleterious	121	30	0.000	Damaging	3.29	84		ENSG00000117523		
2	1, 171556889, C, T	ENSP00000410219	2752	1	TTC [C/T]GG GCT	2624	R	W	Single AA Change	-4.80	Deleterious	121	30	0.000	Damaging	3.32	36		ENSG00000117523		
2	1, 171556889, C, T	ENSP00000420382	1300	1	TTC [C/T]GG GCT	1172	R	W	Single AA Change	-6.12	Deleterious	112	30	0.000	Damaging	3.39	31		ENSG00000117523		
3	1, 186355167, T, C	ENSP00000287859	454	1	TTT AT[T/C] ATT	94	I	I	Synonymous	0.00	Neutral	102	30	1.000	Tolerated	2.88	59		ENSG00000157181	ODR4_HUMAN	GO:0016020, GO:0016021, GO:0008270, GO:0016491
3	1, 186355167, T, C	ENSP00000356440	431	1	TTT AT[T/C] ATT	94	I	I	Synonymous	0.00	Neutral	102	30	1.000	Tolerated	2.84	56		ENSG00000157181		
3	1, 186355167, T, C	ENSP00000402029	335	1	TTT AT[T/C] ATT	94	I	I	Synonymous	0.00	Neutral	102	30	1.000	Tolerated	2.80	61		ENSG00000157181		GO:0008270, GO:0016491
4	1, 225270376, G, C	ENSP00000332424	1008	1	CAG [G/C]AG ATT	166	E	Q	Single AA Change	-0.62	Neutral	64	30	0.555	Tolerated	2.80	85		ENSG00000185842		
4	1, 225270376, G, C	ENSP00000392061	4515	1	CAG [G/C]AG ATT	1088	E	Q	Single AA Change	-0.44	Neutral	103	30	0.282	Tolerated	2.80	23		ENSG00000185842		GO:0007018, GO:0030286, GO:0000166, GO:0003777, GO:0017111
4	1, 225270376, G, C	ENSP00000414402	4515	1	CAG [G/C]AG ATT	1088	E	Q	Single AA Change	-0.44	Neutral	103	30	0.282	Tolerated	2.80	23		ENSG00000185842		GO:0007018, GO:0030286, GO:0000166, GO:0003777, GO:0017111
5	1, 228465224, T, C	ENSP00000457560	166	1	ATC G[T/C]G AGG	52	V	A	Single AA Change	-1.67	Neutral	51	30	0.122	Tolerated	2.88	43		ENSG00000154358		GO:0005515
6	2, 25972887, T, C	ENSP00000272341	918	-1	TAT A[A/G]C AAA	253	N	S	Single AA Change	-0.45	Neutral	158	30	0.179	Tolerated	3.35	48		ENSG00000143970		
6	2, 25972887, T, C	ENSP00000337250	1407	-1	TAT A[A/G]C AAA	485	N	S	Single AA Change	-0.26	Neutral	159	30	0.206	Tolerated	3.64	47		ENSG00000143970		
6	2, 25972887, T, C	ENSP00000383920	918	-1	TAT A[A/G]C AAA	253	N	S	Single AA Change	-0.45	Neutral	158	30	0.179	Tolerated	3.35	48		ENSG00000143970		
6	2, 25972887, T, C	ENSP00000391447	1435	-1	TAT A[A/G]C AAA	513	N	S	Single AA Change	-0.23	Neutral	159	30	0.160	Tolerated	3.75	46		ENSG00000143970	ASXL2_HUMAN	GO:0006355, GO:0005634, GO:0046872
7	2, 74733184, T, C	ENSP00000233630	259	-1	GAA G[A/G]G CCA	142	E	G	Single AA Change	-2.02	Neutral	198	30	0.049	Damaging	2.91	136		ENSG00000115289	PCGF1_HUMAN	GO:0006355, GO:0035518, GO:0005634, GO:0031519, GO:0005515, GO:0008022, GO:0008270, GO:0046872
8	2, 212288947, T, C	ENSP00000342235	1308	-1	TTA TT[A/G] GAG	933	L	L	Synonymous	0.00	Neutral	304	30	1.000	Tolerated	2.86	191		ENSG00000178568	ERBB4_HUMAN	GO:0001755, GO:0001934, GO:0006468, GO:0006915, GO:0007165, GO:0007169, GO:0007399, GO:0007507, GO:0007595, GO:0008283, GO:0008284, GO:0008285, GO:0009880, GO:0016477, GO:0018108, GO:0021537, GO:0021551, GO:0021889, GO:0030334, GO:0030335, GO:0030879, GO:0032230, GO:0032570, GO:0042493, GO:0042523, GO:0042542, GO:0043066, GO:0043129, GO:0043552, GO:0045165, GO:0045768, GO:0045893, GO:0046326, GO:0046777, GO:0050679, GO:0060045, GO:0060074, GO:0060644, GO:0060749, GO:0061026, GO:0070374, GO:2000366, GO:0005634, GO:0005737, GO:0005739, GO:0005886, GO:0005901, GO:0014069, GO:0016020, GO:0016021, GO:0016323, GO:0045121, GO:0000166, GO:0004672, GO:0004713, GO:0004714, GO:0004716, GO:0004872, GO:0005154, GO:0005515, GO:0005524, GO:0042803, GO:0044212
8	2, 212288947, T, C	ENSP00000385565	1298	-1	TTA TT[A/G] GAG	923	L	L	Synonymous	0.00	Neutral	305	30	1.000	Tolerated	2.85	194		ENSG00000178568	ERBB4_HUMAN	GO:0001755, GO:0001934, GO:0006468, GO:0006915, GO:0007165, GO:0007169, GO:0007399, GO:0007507, GO:0007595, GO:0008283, GO:0008284, GO:0008285, GO:0009880, GO:0016477, GO:0018108, GO:0021537, GO:0021551, GO:0021889, GO:0030334, GO:0030335, GO:0030879, GO:0032230, GO:0032570, GO:0042493, GO:0042523, GO:0042542, GO:0043066, GO:0043129, GO:0043552, GO:0045165, GO:0045768, GO:0045893, GO:0046326, GO:0046777, GO:0050679, GO:0060045, GO:0060074, GO:0060644, GO:0060749, GO:0061026, GO:0070374, GO:2000366, GO:0005634, GO:0005737, GO:0005739, GO:0005886, GO:0005901, GO:0014069, GO:0016020, GO:0016021, GO:0016323, GO:0000166, GO:0004672, GO:0004713, GO:0004714, GO:0004716, GO:0004872, GO:0005154, GO:0005515, GO:0005524, GO:0042803, GO:0044212
8	2, 212288947, T, C	ENSP00000403204	1292	-1	TTA TT[A/G] GAG	933	L	L	Synonymous	0.00	Neutral	306	30	1.000	Tolerated	2.80	192		ENSG00000178568	ERBB4_HUMAN	GO:0001755, GO:0001934, GO:0006468, GO:0006915, GO:0007165, GO:0007169, GO:0007399, GO:0007507, GO:0007595, GO:0008283, GO:0008284, GO:0008285, GO:0009880, GO:0016477, GO:0018108, GO:0021537, GO:0021551, GO:0021889, GO:0030334, GO:0030335, GO:0030879, GO:0032230, GO:0032570, GO:0042493, GO:0042523, GO:0042542, GO:0043066, GO:0043129, GO:0043552, GO:0045165, GO:0045768, GO:0045893, GO:0046326, GO:0046777, GO:0050679, GO:0060045, GO:0060074, GO:0060644, GO:0060749, GO:0061026, GO:0070374, GO:2000366, GO:0005634, GO:0005737, GO:0005739, GO:0005886, GO:0005901, GO:0014069, GO:0016020, GO:0016021, GO:0016323, GO:0000166, GO:0004672, GO:0004713, GO:0004714, GO:0004716, GO:0004872, GO:0005154, GO:0005515, GO:0005524, GO:0042803, GO:0044212
9	3, 12183454, C, T	record not found																			
10	3, 38888869, T, C	ENSP00000307599	1791	-1	TCA AA[A/G] GAA	1564	K	K	Synonymous	0.00	Neutral	253	30	1.000	Tolerated	3.18	390		ENSG00000168356	SCNBA_HUMAN	GO:0006811, GO:0006814, GO:0042493, GO:0055085, GO:0001518, GO:0005886, GO:0016020, GO:0016021, GO:0044299, GO:0030424, GO:0005216, GO:0005244, GO:0005248, GO:0005515
10	3, 38888869, T, C	ENSP00000400945	1791	-1	TCA AA[A/G] GAA	1564	K	K	Synonymous	0.00	Neutral	253	30	1.000	Tolerated	3.18	390		ENSG00000168356	SCNBA_HUMAN	GO:0006811, GO:0006814, GO:0042493, GO:0055085, GO:0001518, GO:0005886, GO:0016020, GO:0016021, GO:0044299, GO:0005216, GO:0005244, GO:0005248
10	3, 38888869, T, C	ENSP00000416757	1753	-1	TCA AA[A/G] GAA	1526	K	K	Synonymous	0.00	Neutral	201	30	1.000	Tolerated	3.23	390		ENSG00000168356		GO:0006811, GO:0006814, GO:0055085, GO:0001518, GO:0016020, GO:0005216, GO:0005248
11	3, 100489709, G, A	ENSP00000284322	1075	-1	GCC A[C/T]A GAG	829	T	I	Single AA Change	-2.55	Deleterious	82	30	0.207	Tolerated	3.26	98		ENSG00000154175	TARSH_HUMAN	GO:0010811, GO:0030198, GO:0005576, GO:0005614, GO:0005615, GO:0031012, GO:0005515, GO:0005518, GO:0008201, GO:0005539
11	3, 100489709, G, A	ENSP00000373189	1029	-1	GCC A[C/T]A GAG	783	T	I	Single AA Change	-2.75	Deleterious	90	30	0.111	Tolerated	3.70	94		ENSG00000154175		GO:0005515
11	3, 100489709, G, A	ENSP00000373190	784	-1	GCC A[C/T]A GAG	538	T	I	Single AA Change	-2.92	Deleterious	90	30	0.209	Tolerated	3.11	96		ENSG00000154175		GO:0005515
11	3, 100489709, G, A	ENSP00000399645	486	-1	GCC A[C/T]A GAG	240	T	I	Single AA Change	-2.96	Deleterious	73	30	0.223	Tolerated	3.39	98		ENSG00000154175		GO:0005515
11	3, 100489709, G, A	ENSP00000418817	1131	-1	GCC A[C/T]A GAG	885	T	I	Single AA Change	-2.75	Deleterious	89	30	0.108	Tolerated	3.68	95		ENSG00000154175		GO:0005515
11	3, 100489709, G, A	ENSP00000420524	1777	-1	GCC A[C/T]A GAG	1531	T	I	Single AA Change	-2.92	Deleterious	86	30	0.141	Tolerated	3.48	95		ENSG00000154175		GO:0005515
12	3, 127358359, C, A	ENSP00000304498	530	1	GGA CC[C/A] ACT	114	P	P	Synonymous	0.00	Neutral	68	30	1.000	Tolerated	3.63	26		ENSG00000114631		
12	3, 127358359, C, A	ENSP00000345359	605	1	GGA CC[C/A] ACT	114	P	P	Synonymous	0.00	Neutral	70	30	1.000	Tolerated	3.37	29		ENSG00000114631	PDXL2_HUMAN	GO:0007155, GO:0050901, GO:0005887, GO:0016020, GO:0005515, GO:0005539
13	3, 171453285, C, T	ENSP00000339936	597	-1	ACT A[G/A]A AGA	144	R	K	Single AA Change	0.47	Neutral	149	30	0.974	Tolerated	2.85	137		ENSG00000075651		GO:0006654, GO:0007154, GO:0008152, GO:0008654, GO:0009395, GO:0030335, GO:0043434, GO:0050830, GO:0005792, GO:0030027, GO:0031982, GO:0031985, GO:0003824, GO:0004630, GO:0005515, GO:0035091
13	3, 171453285, C, T	ENSP00000340326	971	-1	ACT A[G/A]A AGA	144	R	K	Single AA Change	0.57	Neutral	151	30	1.000	Tolerated	2.86	110		ENSG00000075651		GO:0006654, GO:0007154, GO:0008152, GO:0008654, GO:0009395, GO:0030335, GO:0043434, GO:0050830, GO:0005792, GO:0030027, GO:0031982, GO:0031985, GO:0003824, GO:0004630, GO:0005515, GO:0035091
13	3, 171453285, C, T	ENSP00000342793	1074	-1	ACT A[G/A]A AGA	144	R	K	Single AA Change	0.57	Neutral	149	30	1.000	Tolerated	2.89	106		ENSG00000075651	PLD1_HUMAN	GO:0006654, GO:0006935, GO:0007154, GO:0007264, GO:0007265, GO:0008152, GO:0008654, GO:0009395, GO:0016042, GO:0030335, GO:0043434, GO:0050830, GO:0000139, GO:0005737, GO:0005768, GO:0005783, GO:0005789, GO:0005792, GO:0005794, GO:0016020, GO:0030027, GO:0031902, GO:0031982, GO:0031985, GO:0048471, GO:0003824, GO:0004630, GO:0005515, GO:0016787, GO:0035091, GO:0070290
13	3, 171453285, C, T	ENSP00000348681	1036	-1	ACT A[G/A]A AGA	144	R	K	Single AA Change	0.55	Neutral	152	30	1.000	Tolerated	2.88	120		ENSG00000075651		GO:0006654, GO:0007154, GO:0008152, GO:0008654, GO:0009395, GO:0030335, GO:0043434, GO:0050830, GO:0005792, GO:0030027, GO:0031982, GO:0031985, GO:0003824, GO:0004630, GO:0005515, GO:0035091
14	3, 197559146, T, C	ENSP00000334375	712	1	CAG [T/C]AC CAA	354	Y	H	Single AA Change	-0.91	Neutral	215	30	0.438	Tolerated	3.11	79		ENSG00000186001		GO:0005515
14	3, 197559146, T, C	ENSP00000393579	777	1	CAG [T/C]AC CAA	354	Y	H	Single AA Change	-0.97	Neutral	214	30	0.454	Tolerated	3.11	84		ENSG00000186001	LRCH3_HUMAN	GO:0005576, GO:0005515
14	3, 197559146, T, C	ENSP00000394609	623	1	CAG [T/C]AC CAA	228	Y	H	Single AA Change	-0.91	Neutral	210	30	0.187	Tolerated	3.13	76		ENSG00000186001		GO:0005515
14	3, 197559146, T, C	ENSP00000394965	725	1	CAG [T/C]AC CAA	354	Y	H	Single AA Change	-0.77	Neutral	219	30	0.400	Tolerated	2.91	80		ENSG00000186001		GO:0005515
14	3, 197559146, T, C	ENSP00000399751	803	1	CAG [T/C]AC CAA	354	Y	H	Single AA Change	-0.95	Neutral	213	30	0.460	Tolerated	3.10	82		ENSG00000186001		GO:0005515
15	4, 1991508, A, C	ENSP00000372335	539	-1	CTC AC[T/G] CCC	168	T	T	Synonymous	0.00	Neutral	93	30	0.674	Tolerated	2.83	74		ENSG00000185049	NELFA_HUMAN	GO:0006355, GO:0006366, GO:0006368, GO:0007275, GO:0010467, GO:0016032, GO:0050434, GO:0005634, GO:0005654, GO:0003746
15	4, 1991508, A, C	ENSP00000387647	532	-1	CTC AC[T/G] CCC	161	T	T	Synonymous	0.00	Neutral	92	30	1.000	Tolerated	2.87	77		ENSG00000185049		GO:0003746
15	4, 1991508, A, C	ENSP00000395761	294	-1	CTC AC[T/G] CCC	173	T	T	Synonymous	0.00	Neutral	92	30	0.520	Tolerated	2.89	85		ENSG00000185049		
15	4, 1991508, A, C	ENSP00000396996	187	-1	CTC AC[T/G] CCC	141	T	T	Synonymous	0.00	Neutral	92	30	0.921	Tolerated	2.90	88		ENSG00000185049		
15	4, 1991508, A, C	ENSP00000399165	528	-1	CTC AC[T/G] CCC	157	T	T	Synonymous	0.00	Neutral	93	30	0.740	Tolerated	2.92	71		ENSG00000185049	NELFA_HUMAN	GO:0006355, GO:0006366, GO:0006368, GO:0007275, GO:0010467, GO:0016032, GO:0050434, GO:0005634, GO:0005654, GO:0003746
15	4, 1991508, A, C	ENSP00000405119	246	-1	CTC AC[T/G] CCC	58	T	T	Synonymous	0.00	Neutral	92	30	0.797	Tolerated	2.84	73		ENSG00000185049		
15	4, 1991508, A, C	ENSP00000410154	208	-1	CTC AC[T/G] CCC	87	T	T	Synonymous	0.00	Neutral	92	30	0.665	Tolerated	2.87	74		ENSG00000185049		
15	4, 1991508, A, C	ENSP00000445757	393	-1	CTC AC[T/G] CCC	22	T	T	Synonymous	0.00	Neutral	92	30	1.000	Tolerated	2.85	55		ENSG00000185049		GO:0003746
16	4, 71892433, T, C	ENSP00000286648	260	1	GTT AA[T/C] GAA	239	N	N	Synonymous	0.00	Neutral	152	30	1.000	Tolerated	2.83	109		ENSG00000156136	DCK_HUMAN	GO:0006139, GO:0006144, GO:0006206, GO:0006220, GO:0009165, GO:0017144, GO:0043097, GO:0043101, GO:0046092, GO:0055086, GO:0005634, GO:0005829, GO:0000166, GO:0000287, GO:0004137, GO:0005524, GO:0008144, GO:0016301, GO:0016740, GO:0016773, GO:0019206, GO:0032548, GO:0042803
16	4, 71892433, T, C	ENSP00000421508	317	1	GTT AA[T/C] GAA	239	N	N	Synonymous	0.00	Neutral	151	30	1.000	Tolerated	2.82	209		ENSG00000156136		GO:0006139, GO:0005524, GO:0016773
17	4, 88577653, C, T	ENSP00000282479	497	1	AAG AT[C/T] AGC	3	I	I	Synonymous	0.00	Neutral	366	30	0.287	Tolerated	3.47	41		ENSG00000152592		GO:0001503, GO:0030198
17	4, 88577653, C, T	ENSP00000340935	513	1	AAG AT[C/T] AGC	3	I	I	Synonymous	0.00	Neutral	365	30	0.307	Tolerated	3.47	43		ENSG00000152592	DMP1_HUMAN	GO:0001503, GO:0010811, GO:0030198, GO:0031214, GO:0005576, GO:0005578, GO:0005634, GO:0005730, GO:0005737, GO:0043231, GO:0005178, GO:0005509, GO:0050840
18	4, 162421245, C, T	ENSP00000305334	847	-1	GAT [G/A]GA ATC	461	G	R	Single AA Change	-7.52	Deleterious	136	30	0.000	Damaging	2.87	109		ENSG00000168843	FSTL5_HUMAN	GO:0005576, GO:0005509, GO:0005515
18	4, 162421245, C, T	ENSP00000368462	846	-1	GAT [G/A]GA ATC	460	G	R	Single AA Change	-7.52	Deleterious	136	30	0.000	Damaging	2.88	109		ENSG00000168843		GO:0005509, GO:0005515
18	4, 162421245, C, T	ENSP00000389270	837	-1	GAT [G/A]GA ATC	451	G	R	Single AA Change	-7.55	Deleterious	136	30	0.000	Damaging	2.87	108		ENSG00000168843		GO:0005509, GO:0005515
18	4, 162421245, C, T	ENSP00000440409	846	-1	GAT [G/A]GA ATC	460	G	R	Single AA Change	-7.52	Deleterious	136	30	0.000	Damaging	2.88	109		ENSG00000168843		GO:0005509, GO:0005515
19	5, 32057804, G, A	ENSP00000282493	2839	1	GGC TT[G/A] ACA	648	L	L	Synonymous	0.00	Neutral	79	30	1.000	Tolerated	2.96	349		ENSG00000133401	PDZD2_HUMAN	GO:0007155, GO:0005576, GO:0005634, GO:0005737, GO:0005783, GO:0005911, GO:0005515
19	5, 32057804, G, A	ENSP00000371596	2640	1	GGC TT[G/A] ACA	467	L	L	Synonymous	0.00	Neutral	80	30	NA	NA	NA	NA		ENSG00000133401		GO:0005515
19	5, 32057804, G, A	ENSP00000402033	2839	1	GGC TT[G/A] ACA	648	L	L	Synonymous	0.00	Neutral	79	30	1.000	Tolerated	2.96	349		ENSG00000133401	PDZD2_HUMAN	GO:0007155, GO:0005576, GO:0005634, GO:0005737, GO:0005783, GO:0005911, GO:0005515
20	5, 32417843, G, A	ENSP00000265069	1074	-1	AAG [C/T]AA TAC	159	Q	*	Nonsense	NA	NA	121	30	NA	NA	NA	NA		ENSG00000056097	ZFR_HUMAN	GO:0007275, GO:0005622, GO:0005634, GO:0005694, GO:0005737, GO:0003676, GO:0003677, GO:0003723, GO:0005515, GO:0008270
20	5, 32417843, G, A	ENSP00000371560	1056	-1	AAG [C/T]AA TAC	137	Q	*	Nonsense	NA	NA	121	30	NA	NA	NA	NA		ENSG00000056097		GO:0005622, GO:0005634, GO:0003676, GO:0008270
20	5, 32417843, G, A	ENSP00000393243	189	-1	AAG [C/T]AA TAC	159	Q	*	Nonsense	NA	NA	68	14	NA	NA	NA	NA		ENSG00000056097		
21	5, 33630940, G, A	ENSP00000422554	1594	-1	GGT A[C/T]C CCT	656	T	I	Single AA Change	-5.49	Deleterious	95	30	0.000	Damaging	2.78	73		ENSG00000151388		GO:0006508, GO:0005576, GO:0005578, GO:0031012, GO:0004222, GO:0008233, GO:0008270, GO:0046872
22	5, 131923361, A, G	ENSP00000265335	1312	1	AGT GA[A/G] CTG	288	E	E	Synonymous	0.00	Neutral	107	30	1.000	Tolerated	2.99	58		ENSG00000113522	RAD50_HUMAN	GO:0000019, GO:0000723, GO:0000724, GO:0006281, GO:0006302, GO:0006310, GO:0007004, GO:0007049, GO:0007126, GO:0007131, GO:0031954, GO:0032508, GO:0033674, GO:0000784, GO:0005654, GO:0005694, GO:0030870, GO:0045120, GO:0005634, GO:0000014, GO:0000166, GO:0003677, GO:0004003, GO:0004518, GO:0005515, GO:0005524, GO:0008270, GO:0008408, GO:0016787, GO:0030674, GO:0046872
22	5, 131923361, A, G	ENSP00000368100	1173	1	AGT GA[A/G] CTG	149	E	E	Synonymous	0.00	Neutral	104	30	1.000	Tolerated	3.10	47		ENSG00000113522		GO:0006281, GO:0030870, GO:0004518, GO:0005524, GO:0008270
22	5, 131923361, A, G	ENSP00000390971	551	1	AGT GA[A/G] CTG	288	E	E	Synonymous	0.00	Neutral	107	30	1.000	Tolerated	2.82	68		ENSG00000113522		GO:0006281, GO:0030870, GO:0045120, GO:0005524
22	5, 131923361, A, G	ENSP00000400049	660	1	AGT GA[A/G] CTG	288	E	E	Synonymous	0.00	Neutral	108	30	1.000	Tolerated	2.87	67		ENSG00000113522		GO:0006281, GO:0030870, GO:0045120, GO:0004518, GO:0005524, GO:0008270
23	5, 141005624, G, A	ENSP00000302967	428	-1	ACA T[C/T]G CTG	312	S	L	Single AA Change	-3.69	Deleterious	337	30	0.016	Damaging	3.16	384		ENSG00000171720	HDAC3_HUMAN	GO:0000122, GO:0006476, GO:0006916, GO:0007346, GO:0016568, GO:0016575, GO:0032922, GO:0040014, GO:0042493, GO:0044255, GO:0045786, GO:0045892, GO:0046329, GO:0048011, GO:0051225, GO:0000118, GO:0000785, GO:0005634, GO:0005654, GO:0005737, GO:0005876, GO:0017053, GO:0003677, GO:0003682, GO:0003714, GO:0004407, GO:0005515, GO:0008134, GO:0016787, GO:0032041, GO:0033558, GO:0034739, GO:0042826, GO:0046969, GO:0046970, GO:0031490
23	5, 141005624, G, A	ENSP00000430667	128	-1	ACA T[C/T]G CTG	118	S	L	Single AA Change	-4.11	Deleterious	332	30	0.037	Damaging	3.32	117		ENSG00000171720		GO:0004407
24	6, 17626131, A, G	ENSP00000262077	1475	-1	GCT G[T/C]C ACC	1270	V	A	Single AA Change	0.57	Neutral	102	30	0.577	Tolerated	2.96	55		ENSG00000124789	NU153_HUMAN	GO:0005975, GO:0008645, GO:0010827, GO:0015031, GO:0015758, GO:0016032, GO:0044419, GO:0051028, GO:0055085, GO:0005622, GO:0005634, GO:0005643, GO:0005654, GO:0005730, GO:0005737, GO:0031965, GO:0043234, GO:0003677, GO:0005215, GO:0005515, GO:0008270, GO:0008536, GO:0046872
24	6, 17626131, A, G	ENSP00000402009	1455	-1	GCT G[T/C]C ACC	1250	V	A	Single AA Change	0.38	Neutral	102	30	0.619	Tolerated	2.94	55		ENSG00000124789		GO:0005622, GO:0008270
24	6, 17626131, A, G	ENSP00000444029	1506	-1	GCT G[T/C]C ACC	1301	V	A	Single AA Change	0.58	Neutral	102	30	0.699	Tolerated	2.89	61		ENSG00000124789		GO:0005622, GO:0005730, GO:0005737, GO:0031965, GO:0008270
25	6, 25727357, G, A	ENSP00000274764	127	1	GAG C[G/A]T ATA	74	R	H	Single AA Change	-4.45	Deleterious	718	30	0.047	Damaging	3.87	398		ENSG00000146047	H2B1A_HUMAN	GO:0006334, GO:0006954, GO:0031639, GO:0051099, GO:0071229, GO:0071674, GO:0000786, GO:0005622, GO:0005634, GO:0005694, GO:0019897, GO:0003677, GO:0043565
26	6, 26107709, A, G	ENSP00000341214	207	-1	ACA [T/C]CT AAG	205	S	P	Single AA Change	1.38	Neutral	275	30	0.005	Damaging	3.54	17		ENSG00000187475	H1T_HUMAN	GO:0006334, GO:0007275, GO:0007283, GO:0007339, GO:0030154, GO:0030317, GO:0000786, GO:0000794, GO:0005622, GO:0005634, GO:0005694, GO:0003677
27	6, 155500228, A, G	ENSP00000327315	1701	1	GAT G[A/G]C AAT	860	D	G	Single AA Change	-2.98	Deleterious	140	30	0.099	Tolerated	3.06	113		ENSG00000146426	TIAM2_HUMAN	GO:0006915, GO:0007165, GO:0007264, GO:0008624, GO:0035023, GO:0035556, GO:0044255, GO:0048011, GO:0051056, GO:0005622, GO:0005624, GO:0005737, GO:0005829, GO:0030027, GO:0030175, GO:0030426, GO:0005057, GO:0005085, GO:0005089, GO:0005096, GO:0005515
27	6, 155500228, A, G	ENSP00000353528	1725	1	GAT G[A/G]C AAT	884	D	G	Single AA Change	-2.96	Deleterious	139	30	0.053	Tolerated	3.06	119		ENSG00000146426		GO:0007165, GO:0035023, GO:0005622, GO:0005624, GO:0005737, GO:0005057, GO:0005085, GO:0005089, GO:0005096, GO:0005515
27	6, 155500228, A, G	ENSP00000356142	1077	1	GAT G[A/G]C AAT	236	D	G	Single AA Change	-2.82	Deleterious	135	30	0.140	Tolerated	2.91	118		ENSG00000146426		GO:0007165, GO:0035023, GO:0005622, GO:0005057, GO:0005089, GO:0005515
27	6, 155500228, A, G	ENSP00000407183	1013	1	GAT G[A/G]C AAT	172	D	G	Single AA Change	-2.42	Neutral	128	30	0.146	Tolerated	2.89	111		ENSG00000146426		GO:0007165, GO:0035023, GO:0005622, GO:0005057, GO:0005089, GO:0005515
27	6, 155500228, A, G	ENSP00000407746	1730	1	GAT G[A/G]C AAT	860	D	G	Single AA Change	-2.98	Deleterious	140	30	0.104	Tolerated	3.11	123		ENSG00000146426	TIAM2_HUMAN	GO:0006915, GO:0007165, GO:0007264, GO:0008624, GO:0035023, GO:0044255, GO:0048011, GO:0051056, GO:0005622, GO:0005624, GO:0005737, GO:0005829, GO:0030027, GO:0030175, GO:0030426, GO:0005057, GO:0005085, GO:0005089, GO:0005096, GO:0005515
27	6, 155500228, A, G	ENSP00000431402	1947	1	GAT G[A/G]C AAT	1106	D	G	Single AA Change	-2.78	Deleterious	181	30	0.098	Tolerated	3.25	113		ENSG00000146426		GO:0006915, GO:0007165, GO:0007264, GO:0008624, GO:0035023, GO:0035556, GO:0044255, GO:0048011, GO:0051056, GO:0005622, GO:0005624, GO:0005737, GO:0005829, GO:0030027, GO:0030175, GO:0030426, GO:0005057, GO:0005085, GO:0005089, GO:0005096, GO:0005515
27	6, 155500228, A, G	ENSP00000433348	1730	1	GAT G[A/G]C AAT	860	D	G	Single AA Change	-2.98	Deleterious	140	30	0.104	Tolerated	3.11	123		ENSG00000146426		GO:0007165, GO:0035023, GO:0005622, GO:0005624, GO:0005737, GO:0005057, GO:0005085, GO:0005089, GO:0005096, GO:0005515
27	6, 155500228, A, G	ENSP00000434901	1367	1	GAT G[A/G]C AAT	860	D	G	Single AA Change	-2.87	Deleterious	135	30	0.106	Tolerated	3.04	113		ENSG00000146426		GO:0007165, GO:0035023, GO:0035556, GO:0005622, GO:0005624, GO:0005737, GO:0005057, GO:0005085, GO:0005089, GO:0005096, GO:0005515
27	6, 155500228, A, G	ENSP00000435335	1045	1	GAT G[A/G]C AAT	196	D	G	Single AA Change	-2.32	Neutral	131	30	0.146	Tolerated	2.88	119		ENSG00000146426		GO:0007165, GO:0035023, GO:0035556, GO:0005622, GO:0005057, GO:0005085, GO:0005089, GO:0005515
27	6, 155500228, A, G	ENSP00000437188	1701	1	GAT G[A/G]C AAT	860	D	G	Single AA Change	-2.98	Deleterious	140	30	0.099	Tolerated	3.06	113		ENSG00000146426		GO:0006915, GO:0007165, GO:0007264, GO:0008624, GO:0035023, GO:0035556, GO:0044255, GO:0048011, GO:0051056, GO:0005622, GO:0005624, GO:0005737, GO:0005829, GO:0030027, GO:0030175, GO:0030426, GO:0005057, GO:0005085, GO:0005089, GO:0005096, GO:0005515
28	7, 18066935, C, T	ENSP00000424595	318	-1	AGG GA[G/A] AAT	157	E	E	Synonymous	0.00	Neutral	364	30	1.000	Tolerated	3.04	395		ENSG00000229937		GO:0009116, GO:0009165, GO:0000287, GO:0004749
29	7, 37780472, G, T	ENSP00000334540	305	1	CAT GA[G/T] GAA	159	E	D	Single AA Change	-0.47	Neutral	171	30	0.548	Tolerated	2.82	48		ENSG00000187037	GP141_HUMAN	GO:0007186, GO:0005886, GO:0016021, GO:0004871, GO:0004872, GO:0004930
29	7, 37780472, G, T	ENSP00000390410	305	1	CAT GA[G/T] GAA	159	E	D	Single AA Change	-0.47	Neutral	171	30	0.548	Tolerated	2.82	48		ENSG00000187037	GP141_HUMAN	GO:0007186, GO:0005886, GO:0016021, GO:0004871, GO:0004872, GO:0004930
30	7, 39726359, T, C	ENSP00000005257	206	1	CTG AC[T/C] CTA	31	T	T	Synonymous	0.00	Neutral	399	30	1.000	Tolerated	2.80	383		ENSG00000006451	RALA_HUMAN	GO:0000910, GO:0006184, GO:0006886, GO:0006913, GO:0006935, GO:0007049, GO:0007165, GO:0007264, GO:0007265, GO:0015031, GO:0017157, GO:0031532, GO:0044419, GO:0048011, GO:0051491, GO:0051665, GO:0005622, GO:0005829, GO:0005886, GO:0009986, GO:0016020, GO:0030139, GO:0030496, GO:0032154, GO:0000166, GO:0003924, GO:0005515, GO:0005525, GO:0031755
30	7, 39726359, T, C	ENSP00000388975	101	1	CTG AC[T/C] CTA	31	T	T	Synonymous	0.00	Neutral	154	30	1.000	Tolerated	2.99	383		ENSG00000006451		GO:0006184, GO:0007165, GO:0007264, GO:0015031, GO:0017157, GO:0051665, GO:0005622, GO:0016020, GO:0000166, GO:0003924, GO:0005525
30	7, 39726359, T, C	ENSP00000413227	164	1	CTG AC[T/C] CTA	25	T	T	Synonymous	0.00	Neutral	277	30	1.000	Tolerated	2.98	385		ENSG00000006451		GO:0006184, GO:0007165, GO:0007264, GO:0015031, GO:0005622, GO:0016020, GO:0003924, GO:0005525
31	7, 57528795, G, A	ENSP00000387687	483	1	AGG [G/A]AG AAG	198	E	K	Single AA Change	-3.30	Deleterious	249	30	0.061	Tolerated	3.27	398		ENSG00000182111	ZN716_HUMAN	GO:0006355, GO:0005622, GO:0005634, GO:0003676, GO:0003677, GO:0008270, GO:0046872
31	7, 57528795, G, A	ENSP00000394248	495	1	AGG [G/A]AG AAG	210	E	K	Single AA Change	-3.14	Deleterious	240	30	0.059	Tolerated	3.27	398		ENSG00000182111	ZN716_HUMAN	GO:0006355, GO:0005622, GO:0005634, GO:0003676, GO:0003677, GO:0008270, GO:0046872
32	7, 73245758, A, C	ENSP00000342445	209	1	CAG G[A/C]C CTG	76	D	A	Single AA Change	-7.69	Deleterious	158	30	0.001	Damaging	2.87	240		ENSG00000189143	CLD4_HUMAN	GO:0007565, GO:0016338, GO:0032570, GO:0005886, GO:0005887, GO:0005923, GO:0009925, GO:0016020, GO:0016324, GO:0016327, GO:0016328, GO:0030054, GO:0004888, GO:0005198, GO:0042802
32	7, 73245758, A, C	ENSP00000388639	209	1	CAG G[A/C]C CTG	76	D	A	Single AA Change	-7.69	Deleterious	158	30	0.001	Damaging	2.87	240		ENSG00000189143	CLD4_HUMAN	GO:0007565, GO:0016338, GO:0032570, GO:0005886, GO:0005887, GO:0005923, GO:0009925, GO:0016020, GO:0016324, GO:0016327, GO:0016328, GO:0030054, GO:0004888, GO:0005198, GO:0042802
32	7, 73245758, A, C	ENSP00000409544	209	1	CAG G[A/C]C CTG	76	D	A	Single AA Change	-7.69	Deleterious	158	30	0.001	Damaging	2.87	240		ENSG00000189143	CLD4_HUMAN	GO:0007565, GO:0016338, GO:0032570, GO:0005886, GO:0005887, GO:0005923, GO:0009925, GO:0016020, GO:0016324, GO:0016327, GO:0016328, GO:0030054, GO:0004888, GO:0005198, GO:0042802, GO:0005515
32	7, 73245758, A, C	ENSP00000442292	196	1	CAG G[A/C]C CTG	63	D	A	Single AA Change	-7.69	Deleterious	154	30	0.001	Damaging	2.89	233		ENSG00000189143		GO:0005923, GO:0016020, GO:0016021, GO:0005198
33	7, 98574684, C, T	ENSP00000347733	3830	1	CAG CA[C/T] GGG	2765	H	H	Synonymous	0.00	Neutral	103	30	0.628	Tolerated	2.82	70	rs56045389	ENSG00000196367		GO:0006355, GO:0007093, GO:0005667, GO:0003713, GO:0005515, GO:0016773
33	7, 98574684, C, T	ENSP00000352925	3859	1	CAG CA[C/T] GGG	2783	H	H	Synonymous	0.00	Neutral	103	30	0.656	Tolerated	2.83	79	rs56045389	ENSG00000196367	TRRAP_HUMAN	GO:0006355, GO:0007093, GO:0016568, GO:0016573, GO:0016578, GO:0043967, GO:0043968, GO:0000125, GO:0005634, GO:0005667, GO:0030914, GO:0033276, GO:0035267, GO:0003712, GO:0003713, GO:0005515, GO:0016773
33	7, 98574684, C, T	ENSP00000394645	3588	1	CAG CA[C/T] GGG	2505	H	H	Synonymous	0.00	Neutral	101	30	0.721	Tolerated	3.00	85	rs56045389	ENSG00000196367		GO:0005515, GO:0016773
33	7, 98574684, C, T	ENSP00000403708	3847	1	CAG CA[C/T] GGG	2764	H	H	Synonymous	0.00	Neutral	103	30	0.728	Tolerated	2.99	84	rs56045389	ENSG00000196367		GO:0006355, GO:0007093, GO:0005634, GO:0005667, GO:0003713, GO:0005488, GO:0005515, GO:0016773
34	7, 100552607, C, A	ENSP00000324834	876	1	CTC C[C/A]G ACC	453	P	Q	Single AA Change	-2.29	Neutral	68	30	0.251	Tolerated	3.55	13		ENSG00000169894	MUC3B_HUMAN, MUC3A_HUMAN	GO:0007586, GO:0030277, GO:0005576, GO:0016020, GO:0016021, GO:0005201, GO:0005515, GO:0030197
35	7, 149133711, A, G	ENSP00000247930	831	-1	GAG [T/C]TC AGC	432	F	L	Single AA Change	-1.29	Neutral	166	30	0.204	Tolerated	2.77	213		ENSG00000196453	ZN777_HUMAN	GO:0006355, GO:0008150, GO:0005575, GO:0005622, GO:0005634, GO:0003674, GO:0003676, GO:0003677, GO:0008270, GO:0046872
35	7, 149133711, A, G	ENSP00000323730	524	-1	GAG [T/C]TC AGC	175	F	L	Single AA Change	-1.88	Neutral	196	30	0.122	Tolerated	2.98	61		ENSG00000196453		GO:0006355, GO:0005622, GO:0003676, GO:0008270, GO:0046872
36	7, 149522129, G, A	record not found																			
37	8, 108334123, C, T	record not found																			
38	9, 97887371, C, T	ENSP00000289081	558	-1	AGC AA[G/A] CAG	331	K	K	Synonymous	0.00	Neutral	62	15	1.000	Tolerated	2.90	52		ENSG00000158169	FANCC_HUMAN	GO:0002262, GO:0006281, GO:0006289, GO:0006461, GO:0007281, GO:0019430, GO:0007276, GO:0000785, GO:0005634, GO:0005654, GO:0005737, GO:0005829, GO:0043240, GO:0005515
38	9, 97887371, C, T	ENSP00000364454	558	-1	AGC AA[G/A] CAG	331	K	K	Synonymous	0.00	Neutral	62	15	1.000	Tolerated	2.90	52		ENSG00000158169	FANCC_HUMAN	GO:0002262, GO:0006281, GO:0006289, GO:0006461, GO:0007281, GO:0019430, GO:0000785, GO:0005634, GO:0005654, GO:0005737, GO:0005829, GO:0043240, GO:0005515
39	10, 23728590, C, A	ENSP00000365678	481	1	GTC CC[C/A] GCC	68	P	P	Synonymous	0.00	Neutral	104	30	1.000	Tolerated	3.69	11		ENSG00000165312	OTUD1_HUMAN	
40	10, 33510704, C, T	ENSP00000265371	923	-1	CCT [G/A]CA ACT	409	A	T	Single AA Change	0.30	Neutral	303	30	0.472	Tolerated	2.91	346		ENSG00000099250	NRP1_HUMAN	GO:0001569, GO:0001938, GO:0007155, GO:0007165, GO:0007267, GO:0007275, GO:0007399, GO:0007411, GO:0007413, GO:0007507, GO:0009611, GO:0009887, GO:0010595, GO:0014911, GO:0016358, GO:0016477, GO:0021636, GO:0030154, GO:0035729, GO:0035767, GO:0048008, GO:0048010, GO:0048012, GO:0048485, GO:0048843, GO:0050731, GO:0060301, GO:0060627, GO:0060666, GO:0071526, GO:0002116, GO:0005576, GO:0005829, GO:0005883, GO:0005886, GO:0009986, GO:0016020, GO:0016021, GO:0030424, GO:0030426, GO:0031410, GO:0043025, GO:0043235, GO:0004872, GO:0005021, GO:0008201, GO:0015026, GO:0017154, GO:0019838, GO:0019955, GO:0046872
40	10, 33510704, C, T	ENSP00000363949	641	-1	CCT [G/A]CA ACT	409	A	T	Single AA Change	0.31	Neutral	314	30	0.463	Tolerated	3.00	347		ENSG00000099250		GO:0007155
40	10, 33510704, C, T	ENSP00000363954	609	-1	CCT [G/A]CA ACT	409	A	T	Single AA Change	0.16	Neutral	308	30	0.460	Tolerated	2.96	344		ENSG00000099250		GO:0007155
40	10, 33510704, C, T	ENSP00000363955	644	-1	CCT [G/A]CA ACT	409	A	T	Single AA Change	0.31	Neutral	308	30	0.450	Tolerated	2.96	350		ENSG00000099250		GO:0007155, GO:0001569, GO:0001525, GO:0007507, GO:0007413, GO:0007411, GO:0016477, GO:0016358, GO:0021636, GO:0030517, GO:0071526, GO:0060666, GO:0048843, GO:0048841, GO:0048485, GO:0048010, GO:0009611, GO:0005883, GO:0030424, GO:0043025, GO:0009986, GO:0030426, GO:0005515, GO:0017154, GO:0005021
40	10, 33510704, C, T	ENSP00000363956	704	-1	CCT [G/A]CA ACT	409	A	T	Single AA Change	0.31	Neutral	310	30	0.441	Tolerated	3.14	353		ENSG00000099250		GO:0007155
40	10, 33510704, C, T	ENSP00000364001	923	-1	CCT [G/A]CA ACT	409	A	T	Single AA Change	0.30	Neutral	303	30	0.472	Tolerated	2.91	346		ENSG00000099250	NRP1_HUMAN	GO:0001569, GO:0001938, GO:0007155, GO:0007165, GO:0007267, GO:0007275, GO:0007399, GO:0007411, GO:0007413, GO:0007507, GO:0009611, GO:0009887, GO:0010595, GO:0014911, GO:0016358, GO:0016477, GO:0021636, GO:0030154, GO:0035729, GO:0035767, GO:0048008, GO:0048010, GO:0048012, GO:0048485, GO:0048843, GO:0050731, GO:0060301, GO:0060627, GO:0060666, GO:0071526, GO:0002116, GO:0005576, GO:0005829, GO:0005883, GO:0005886, GO:0009986, GO:0016020, GO:0016021, GO:0030424, GO:0030426, GO:0031410, GO:0043025, GO:0043235, GO:0004872, GO:0005021, GO:0008201, GO:0015026, GO:0017154, GO:0019838, GO:0019955, GO:0046872
40	10, 33510704, C, T	ENSP00000364009	735	-1	CCT [G/A]CA ACT	228	A	T	Single AA Change	0.15	Neutral	307	30	0.346	Tolerated	2.81	297		ENSG00000099250		GO:0007155, GO:0016020
40	10, 33510704, C, T	ENSP00000379317	906	-1	CCT [G/A]CA ACT	409	A	T	Single AA Change	0.30	Neutral	303	30	0.485	Tolerated	2.91	346		ENSG00000099250		GO:0007155, GO:0016020
40	10, 33510704, C, T	ENSP00000408911	236	-1	CCT [G/A]CA ACT	82	A	T	Single AA Change	0.01	Neutral	309	30	0.718	Tolerated	2.80	232		ENSG00000099250		GO:0007155
41	10, 63759879, G, C	ENSP00000279873	1188	1	ATA [G/C]TT CTC	178	V	L	Single AA Change	-1.53	Neutral	103	30	0.002	Damaging	3.29	61		ENSG00000150347	ARI5B_HUMAN	GO:0001822, GO:0001889, GO:0006807, GO:0008584, GO:0008585, GO:0009791, GO:0010761, GO:0030325, GO:0035264, GO:0045444, GO:0045892, GO:0048008, GO:0048468, GO:0048644, GO:0048705, GO:0051091, GO:0060021, GO:0060325, GO:0060612, GO:0060613, GO:0005622, GO:0005634, GO:0003677, GO:0003713, GO:0005515, GO:0044212
42	10, 71332225, G, T	ENSP00000242462	214	-1	CGA C[C/A]C GGG	192	P	H	Single AA Change	-1.69	Neutral	113	30	0.114	Tolerated	3.78	26		ENSG00000122859	NGN3_HUMAN	GO:0007275, GO:0007399, GO:0007417, GO:0007422, GO:0030855, GO:0031018, GO:0045666, GO:0045944, GO:0051091, GO:0006355, GO:0045597, GO:0005634, GO:0005737, GO:0044424, GO:0003677, GO:0003690, GO:0003713, GO:0003700
43	11, 75507391, C, T	ENSP00000228027	388	1	AAC [C/T]TG CTG	150	L	L	Synonymous	0.00	Neutral	201	30	1.000	Tolerated	2.78	208		ENSG00000062282	DGAT2_HUMAN	GO:0006071, GO:0008610, GO:0019432, GO:0019915, GO:0034383, GO:0035336, GO:0035356, GO:0042632, GO:0044255, GO:0046339, GO:0055089, GO:0060613, GO:0071400, GO:0097006, GO:0005624, GO:0005739, GO:0005783, GO:0005789, GO:0005792, GO:0005811, GO:0016020, GO:0016021, GO:0030176, GO:0048471, GO:0003846, GO:0004144, GO:0016747, GO:0042803
43	11, 75507391, C, T	ENSP00000365438	345	1	AAC [C/T]TG CTG	107	L	L	Synonymous	0.00	Neutral	198	30	1.000	Tolerated	2.78	157		ENSG00000062282		GO:0019432, GO:0005624, GO:0005792, GO:0016021, GO:0003846, GO:0004144, GO:0016747
43	11, 75507391, C, T	ENSP00000431462	160	1	AAC [C/T]TG CTG	59	L	L	Synonymous	0.00	Neutral	164	30	1.000	Tolerated	2.75	134		ENSG00000062282		GO:0019432, GO:0005624, GO:0005792, GO:0016021, GO:0003846, GO:0004144, GO:0016747
43	11, 75507391, C, T	ENSP00000431561	295	1	AAC [C/T]TG CTG	104	L	L	Synonymous	0.00	Neutral	167	30	1.000	Tolerated	2.78	163		ENSG00000062282		GO:0019432, GO:0005624, GO:0005792, GO:0016021, GO:0003846, GO:0004144, GO:0016747
43	11, 75507391, C, T	ENSP00000435690	112	1	AAC [C/T]TG CTG	59	L	L	Synonymous	0.00	Neutral	154	30	1.000	Tolerated	2.87	169		ENSG00000062282		GO:0019432, GO:0005624, GO:0005792, GO:0016021, GO:0003846, GO:0004144, GO:0016747
43	11, 75507391, C, T	ENSP00000436593	113	1	AAC [C/T]TG CTG	59	L	L	Synonymous	0.00	Neutral	154	30	1.000	Tolerated	2.88	169		ENSG00000062282		GO:0019432, GO:0005624, GO:0005792, GO:0016021, GO:0003846, GO:0004144, GO:0016747
44	14, 75516326, G, A	ENSP00000238662	1429	-1	CAA GC[C/T] AAA	11	A	A	Synonymous	0.00	Neutral	71	30	1.000	Tolerated	2.84	65		ENSG00000119684		GO:0006298, GO:0007144, GO:0007140, GO:0007130, GO:0006974, GO:0008104, GO:0001673, GO:0000795, GO:0000793, GO:0005712, GO:0005524, GO:0030983, GO:0003682, GO:0019237
44	14, 75516326, G, A	ENSP00000348020	1453	-1	CAA GC[C/T] AAA	11	A	A	Synonymous	0.00	Neutral	70	30	1.000	Tolerated	2.87	65		ENSG00000119684	MLH3_HUMAN	GO:0006200, GO:0006298, GO:0007130, GO:0007131, GO:0007140, GO:0007144, GO:0008104, GO:0000793, GO:0000795, GO:0001673, GO:0005634, GO:0005712, GO:0032390, GO:0003682, GO:0003696, GO:0005515, GO:0005524, GO:0016887, GO:0019237, GO:0030983
44	14, 75516326, G, A	ENSP00000451095	106	-1	CAA GC[C/T] AAA	11	A	A	Synonymous	0.00	Neutral	70	30	0.979	Tolerated	2.84	61		ENSG00000119684		GO:0006298, GO:0005524, GO:0030983
44	14, 75516326, G, A	ENSP00000451192	162	-1	CAA GC[C/T] AAA	11	A	A	Synonymous	0.00	Neutral	70	30	1.000	Tolerated	2.82	60		ENSG00000119684		GO:0006298, GO:0005524, GO:0030983
44	14, 75516326, G, A	ENSP00000451540	1275	-1	CAA GC[C/T] AAA	11	A	A	Synonymous	0.00	Neutral	73	30	1.000	Tolerated	2.80	57		ENSG00000119684		GO:0006298, GO:0005524, GO:0030983
44	14, 75516326, G, A	ENSP00000452316	1453	-1	CAA GC[C/T] AAA	11	A	A	Synonymous	0.00	Neutral	70	30	1.000	Tolerated	2.87	65		ENSG00000119684		GO:0006200, GO:0006298, GO:0007130, GO:0007131, GO:0007140, GO:0007144, GO:0008104, GO:0000793, GO:0000795, GO:0001673, GO:0005634, GO:0005712, GO:0032390, GO:0003682, GO:0003696, GO:0005515, GO:0005524, GO:0016887, GO:0019237, GO:0030983
45	15, 48787698, C, T	ENSP00000325527	2871	-1	GAA A[G/A]T ACT	836	S	N	Single AA Change	-2.14	Neutral	147	30	0.055	Tolerated	2.87	113		ENSG00000166147	FBN1_HUMAN	GO:0001501, GO:0007507, GO:0035582, GO:0035583, GO:0001527, GO:0005576, GO:0005578, GO:0005604, GO:0005615, GO:0031012, GO:0005201, GO:0005488, GO:0005509, GO:0005515
46	15, 59350682, A, G	ENSP00000288199	986	1	AGC CA[A/G] CCT	433	Q	Q	Synonymous	0.00	Neutral	138	30	1.000	Tolerated	3.92	52		ENSG00000157450		GO:0031398, GO:0045893, GO:0030511, GO:0030579, GO:0007389, GO:0000209, GO:0043234, GO:0005634, GO:0005737, GO:0005515, GO:0008270, GO:0004842, GO:0046332
46	15, 59350682, A, G	ENSP00000393641	1003	1	AGC CA[A/G] CCT	433	Q	Q	Synonymous	0.00	Neutral	136	30	1.000	Tolerated	3.94	62		ENSG00000157450		GO:0005515, GO:0008270
46	15, 59350682, A, G	ENSP00000452732	994	1	AGC CA[A/G] CCT	433	Q	Q	Synonymous	0.00	Neutral	137	30	1.000	Tolerated	3.93	59		ENSG00000157450	RN111_HUMAN	GO:0007275, GO:0016567, GO:0045893, GO:0005634, GO:0005730, GO:0005737, GO:0004842, GO:0005515, GO:0008270, GO:0016874, GO:0046872
46	15, 59350682, A, G	ENSP00000453015	1003	1	AGC CA[A/G] CCT	433	Q	Q	Synonymous	0.00	Neutral	136	30	1.000	Tolerated	3.94	62		ENSG00000157450		GO:0005515, GO:0008270
46	15, 59350682, A, G	ENSP00000453248	190	1	AGC CA[A/G] CCT	166	Q	Q	Synonymous	0.00	Neutral	126	11	1.000	Tolerated	3.98	52		ENSG00000157450		
46	15, 59350682, A, G	ENSP00000453872	995	1	AGC CA[A/G] CCT	433	Q	Q	Synonymous	0.00	Neutral	136	30	1.000	Tolerated	3.93	60		ENSG00000157450		GO:0005515, GO:0008270
47	17, 18648057, T, C	ENSP00000306937	999	1	AAT A[T/C]C TCA	167	I	T	Single AA Change	-0.85	Neutral	60	30	0.227	Tolerated	3.26	30		ENSG00000171931		GO:0005515
47	17, 18648057, T, C	ENSP00000310382	1061	1	AAT A[T/C]C TCA	167	I	T	Single AA Change	-0.70	Neutral	59	30	0.344	Tolerated	3.28	37		ENSG00000171931		GO:0005515
47	17, 18648057, T, C	ENSP00000379025	1052	1	AAT A[T/C]C TCA	167	I	T	Single AA Change	-0.80	Neutral	59	30	0.383	Tolerated	3.22	34		ENSG00000171931	FBW10_HUMAN	GO:0005515
47	17, 18648057, T, C	ENSP00000379026	1051	1	AAT A[T/C]C TCA	167	I	T	Single AA Change	-0.80	Neutral	59	30	0.376	Tolerated	3.23	35		ENSG00000171931		GO:0005515
48	17, 42980152, G, T	ENSP00000350420	237	1	CTC CT[G/T] CAG	232	L	L	Synonymous	0.00	Neutral	78	30	1.000	Tolerated	4.32	5		ENSG00000167131		
48	17, 42980152, G, T	ENSP00000387252	242	1	CTC CT[G/T] CAG	232	L	L	Synonymous	0.00	Neutral	78	30	1.000	Tolerated	3.52	21		ENSG00000167131	CC103_HUMAN	
48	17, 42980152, G, T	ENSP00000391692	242	1	CTC CT[G/T] CAG	232	L	L	Synonymous	0.00	Neutral	78	30	1.000	Tolerated	3.52	21		ENSG00000167131	CC103_HUMAN	
49	18, 65180524, C, T	ENSP00000310565	1222	-1	CTG G[G/A]G GGA	451	G	E	Single AA Change	-3.57	Deleterious	143	30	0.027	Damaging	2.89	83		ENSG00000171451	DSEL_HUMAN	GO:0016020, GO:0016021, GO:0008146, GO:0016853
49	18, 65180524, C, T	ENSP00000381055	1212	-1	CTG G[G/A]G GGA	441	G	E	Single AA Change	-3.57	Deleterious	143	30	0.027	Damaging	2.88	83		ENSG00000171451	DSEL_HUMAN	GO:0016020, GO:0016021, GO:0008146, GO:0016853
50	19, 6495858, T, C	ENSP00000264071	444	-1	CTG [A/G]CC ACC	218	T	A	Single AA Change	-1.64	Neutral	3978	30	NA	NA	NA	NA		ENSG00000104833	TBB4A_HUMAN	GO:0000086, GO:0000278, GO:0006184, GO:0006457, GO:0007018, GO:0044267, GO:0051084, GO:0051258, GO:0005737, GO:0005829, GO:0005856, GO:0005874, GO:0005929, GO:0033269, GO:0043025, GO:0043209, GO:0043234, GO:0042995, GO:0000166, GO:0003924, GO:0005198, GO:0005515, GO:0005525
50	19, 6495858, T, C	ENSP00000412541	362	-1	CTG [A/G]CC ACC	136	T	A	Single AA Change	-2.42	Neutral	3871	30	0.054	Tolerated	4.08	399		ENSG00000104833		GO:0006184, GO:0007018, GO:0051258, GO:0005737, GO:0005856, GO:0005874, GO:0043234, GO:0000166, GO:0003924, GO:0005198, GO:0005525
50	19, 6495858, T, C	ENSP00000443590	444	-1	CTG [A/G]CC ACC	218	T	A	Single AA Change	-1.64	Neutral	3978	30	NA	NA	NA	NA		ENSG00000104833		GO:0000086, GO:0000278, GO:0006184, GO:0006457, GO:0007018, GO:0044267, GO:0051084, GO:0051258, GO:0005737, GO:0005829, GO:0005856, GO:0005874, GO:0005929, GO:0033269, GO:0043025, GO:0043209, GO:0043234, GO:0000166, GO:0003924, GO:0005198, GO:0005515, GO:0005525
51	19, 11474435, G, A	ENSP00000251473	343	1	GGC C[G/A]A AGG	296	R	Q	Single AA Change	0.44	Neutral	220	30	0.541	Tolerated	2.93	124	rs140179357	ENSG00000105520	LPPR2_HUMAN	GO:0016020, GO:0016021, GO:0003824, GO:0008195, GO:0016787
52	19, 12767494, A, G	ENSP00000221363	1010	-1	CAG G[T/C]C ATC	511	V	A	Single AA Change	-3.39	Deleterious	82	30	0.068	Tolerated	2.77	72		ENSG00000104774		GO:0005975, GO:0006013, GO:0003824, GO:0004553, GO:0004559, GO:0008270, GO:0015923, GO:0030246, GO:0043169
52	19, 12767494, A, G	ENSP00000390583	187	-1	CAG G[T/C]C ATC	48	V	A	Single AA Change	-3.21	Deleterious	85	30	0.058	Tolerated	2.84	42		ENSG00000104774		GO:0006013, GO:0015923
52	19, 12767494, A, G	ENSP00000395473	1011	-1	CAG G[T/C]C ATC	512	V	A	Single AA Change	-3.39	Deleterious	82	30	0.067	Tolerated	2.79	72		ENSG00000104774	MA2B1_HUMAN	GO:0005975, GO:0006013, GO:0006464, GO:0006517, GO:0007611, GO:0005625, GO:0005764, GO:0003824, GO:0004553, GO:0004559, GO:0005537, GO:0008270, GO:0015923, GO:0030246, GO:0043169, GO:0046872
52	19, 12767494, A, G	ENSP00000438266	950	-1	CAG G[T/C]C ATC	451	V	A	Single AA Change	-3.25	Deleterious	83	30	0.070	Tolerated	2.78	73		ENSG00000104774		GO:0005975, GO:0006013, GO:0007611, GO:0005625, GO:0005764, GO:0003824, GO:0004553, GO:0004559, GO:0005537, GO:0008270, GO:0015923, GO:0030246, GO:0043169
53	19, 32845036, G, A	ENSP00000312277	953	1	ATT [G/A]GG CGC	434	G	R	Single AA Change	-0.43	Neutral	111	30	0.727	Tolerated	3.21	60		ENSG00000168813	ZN507_HUMAN	GO:0006355, GO:0005622, GO:0005634, GO:0003677, GO:0008270, GO:0046872
53	19, 32845036, G, A	ENSP00000348162	953	1	ATT [G/A]GG CGC	434	G	R	Single AA Change	-0.43	Neutral	111	30	0.727	Tolerated	3.21	60		ENSG00000168813	ZN507_HUMAN	GO:0006355, GO:0005622, GO:0005634, GO:0003677, GO:0008270, GO:0046872
53	19, 32845036, G, A	ENSP00000441549	957	1	ATT [G/A]GG CGC	434	G	R	Single AA Change	-0.40	Neutral	111	30	0.709	Tolerated	3.23	62		ENSG00000168813		GO:0005622, GO:0003676, GO:0008270
54	19, 56196843, C, T	ENSP00000085079	550	1	GTG [C/T]AG ACG	104	Q	*	Nonsense	NA	NA	181	30	NA	NA	NA	NA		ENSG00000063245		GO:0005543
54	19, 56196843, C, T	ENSP00000270460	576	1	GTG [C/T]AG ACG	104	Q	*	Nonsense	NA	NA	181	30	NA	NA	NA	NA		ENSG00000063245		GO:0006897, GO:0007173, GO:0042059, GO:0005634, GO:0005737, GO:0005886, GO:0005905, GO:0005543, GO:0008134, GO:0008289
54	19, 56196843, C, T	ENSP00000406209	662	1	GTG [C/T]AG ACG	215	Q	*	Nonsense	NA	NA	171	30	NA	NA	NA	NA		ENSG00000063245	EPN1_HUMAN	GO:0006897, GO:0007173, GO:0042059, GO:0005634, GO:0005737, GO:0005886, GO:0005905, GO:0005543, GO:0008134, GO:0008289
54	19, 56196843, C, T	ENSP00000441512	536	1	GTG [C/T]AG ACG	65	Q	*	Nonsense	NA	NA	190	30	NA	NA	NA	NA		ENSG00000063245		
55	19, 58988921, G, A	ENSP00000336565	450	1	CTG TT[G/A] GGC	112	L	L	Synonymous	0.00	Neutral	175	30	1.000	Tolerated	2.82	50		ENSG00000083838	ZN446_HUMAN	GO:0006355, GO:0016032, GO:0005622, GO:0005634, GO:0003676, GO:0003677, GO:0003700, GO:0008270, GO:0046872
55	19, 58988921, G, A	ENSP00000443736	155	1	CTG TT[G/A] GGC	112	L	L	Synonymous	0.00	Neutral	173	30	0.902	Tolerated	2.85	252		ENSG00000083838		GO:0006355, GO:0016032, GO:0005634, GO:0003700
55	19, 58988921, G, A	ENSP00000445639	422	1	CTG TT[G/A] GGC	112	L	L	Synonymous	0.00	Neutral	195	30	1.000	Tolerated	2.85	52		ENSG00000083838		GO:0006355, GO:0016032, GO:0005622, GO:0005634, GO:0003676, GO:0003700, GO:0008270, GO:0046872
56	20, 39725933, T, C	ENSP00000354522	765	1	GAA TA[T/C] ACT	268	Y	Y	Synonymous	0.00	Neutral	472	30	1.000	Tolerated	2.84	270		ENSG00000198900	TOP1_HUMAN	GO:0006260, GO:0006265, GO:0012501, GO:0016310, GO:0040016, GO:0042493, GO:0044419, GO:0000228, GO:0005634, GO:0005654, GO:0005694, GO:0005730, GO:0005737, GO:0043204, GO:0000166, GO:0003677, GO:0003682, GO:0003917, GO:0003918, GO:0005515, GO:0005524, GO:0031490
57	20, 62197583, C, T	ENSP00000393257	2080	-1	CCA GG[G/A] CGG	295	G	G	Synonymous	0.00	Neutral	58	30	1.000	Tolerated	2.86	33		ENSG00000130589		GO:0003723, GO:0004540
57	20, 62197583, C, T	ENSP00000417401	2649	-1	CCA GG[G/A] CGG	864	G	G	Synonymous	0.00	Neutral	58	30	1.000	Tolerated	2.92	33		ENSG00000130589	PR285_HUMAN	GO:0006355, GO:0044255, GO:0005622, GO:0005634, GO:0005654, GO:0000166, GO:0003677, GO:0003713, GO:0003723, GO:0004386, GO:0004540, GO:0005524, GO:0008270, GO:0016787, GO:0046872
58	21, 31933512, G, A	ENSP00000334696	63	-1	TTC [C/T]GC AGA	33	R	C	Single AA Change	-1.75	Neutral	9	4	NA	NA	NA	NA		ENSG00000244362	KR197_HUMAN	GO:0005882
59	22, 50636351, G, C	ENSP00000305664	376	1	GTC TC[G/C] GAG	257	S	S	Synonymous	0.00	Neutral	100	30	1.000	Tolerated	2.81	89		ENSG00000170638	TRABD_HUMAN	
59	22, 50636351, G, C	ENSP00000370295	376	1	GTC TC[G/C] GAG	257	S	S	Synonymous	0.00	Neutral	100	30	1.000	Tolerated	2.81	89		ENSG00000170638	TRABD_HUMAN	
59	22, 50636351, G, C	ENSP00000379171	376	1	GTC TC[G/C] GAG	257	S	S	Synonymous	0.00	Neutral	100	30	1.000	Tolerated	2.81	89		ENSG00000170638	TRABD_HUMAN	
59	22, 50636351, G, C	ENSP00000379173	379	1	GTC TC[G/C] GAG	257	S	S	Synonymous	0.00	Neutral	100	30	1.000	Tolerated	2.78	91		ENSG00000170638	TRABD_HUMAN	
60	22, 51064643, C, T	ENSP00000216124	509	-1	GGA AC[G/A] ACC	306	T	T	Synonymous	0.00	Neutral	82	30	1.000	Tolerated	2.74	58		ENSG00000100299	ARSA_HUMAN	GO:0007339, GO:0008152, GO:0000299, GO:0005764, GO:0005886, GO:0003824, GO:0004065, GO:0004098, GO:0005509, GO:0008484, GO:0016787
60	22, 51064643, C, T	ENSP00000348406	509	-1	GGA AC[G/A] ACC	306	T	T	Synonymous	0.00	Neutral	82	30	1.000	Tolerated	2.74	58		ENSG00000100299	ARSA_HUMAN	GO:0007339, GO:0008152, GO:0000299, GO:0005764, GO:0005886, GO:0003824, GO:0004065, GO:0004098, GO:0005509, GO:0008484, GO:0016787
60	22, 51064643, C, T	ENSP00000378981	509	-1	GGA AC[G/A] ACC	306	T	T	Synonymous	0.00	Neutral	82	30	1.000	Tolerated	2.74	58		ENSG00000100299	ARSA_HUMAN	GO:0007339, GO:0008152, GO:0000299, GO:0005764, GO:0005886, GO:0003824, GO:0004065, GO:0004098, GO:0005509, GO:0008484, GO:0016787
60	22, 51064643, C, T	ENSP00000378983	509	-1	GGA AC[G/A] ACC	306	T	T	Synonymous	0.00	Neutral	82	30	1.000	Tolerated	2.74	58		ENSG00000100299	ARSA_HUMAN	GO:0007339, GO:0008152, GO:0000299, GO:0005764, GO:0005886, GO:0003824, GO:0004065, GO:0004098, GO:0005509, GO:0008484, GO:0016787
60	22, 51064643, C, T	ENSP00000412542	423	-1	GGA AC[G/A] ACC	220	T	T	Synonymous	0.00	Neutral	83	30	1.000	Tolerated	2.80	55		ENSG00000100299		GO:0007339, GO:0008152, GO:0000299, GO:0005886, GO:0003824, GO:0008484
60	22, 51064643, C, T	ENSP00000448440	507	-1	GGA AC[G/A] ACC	304	T	T	Synonymous	0.00	Neutral	82	30	1.000	Tolerated	2.75	58		ENSG00000100299		GO:0007339, GO:0008152, GO:0000299, GO:0005764, GO:0005886, GO:0003824, GO:0004065, GO:0004098, GO:0005509, GO:0008484, GO:0016787
60	22, 51064643, C, T	ENSP00000448932	507	-1	GGA AC[G/A] ACC	304	T	T	Synonymous	0.00	Neutral	82	30	1.000	Tolerated	2.75	58		ENSG00000100299		GO:0007339, GO:0008152, GO:0000299, GO:0005764, GO:0005886, GO:0003824, GO:0004065, GO:0004098, GO:0005509, GO:0008484, GO:0016787
61	X, 136649312, C, A	ENSP00000287538	467	1	ATC CC[C/A] GAG	154	P	P	Synonymous	0.00	Neutral	721	30	0.487	Tolerated	3.31	309		ENSG00000156925	ZIC3_HUMAN	GO:0001947, GO:0007368, GO:0007389, GO:0009952, GO:0030154, GO:0035545, GO:0045893, GO:0045944, GO:0005622, GO:0005634, GO:0005737, GO:0003700, GO:0005515, GO:0008270, GO:0043565, GO:0046872
61	X, 136649312, C, A	ENSP00000359638	457	1	ATC CC[C/A] GAG	154	P	P	Synonymous	0.00	Neutral	722	30	0.558	Tolerated	3.47	319		ENSG00000156925		GO:0005622, GO:0003676, GO:0008270
