#ROW_NO.	INPUT	PROTEIN_ID	LENGTH	STRAND	CODON_CHANGE	POS	RESIDUE_REF	RESIDUE_ALT	TYPE	SCORE	PREDICTION (cutoff=-2.5)	#SEQ	#CLUSTER	SCORE	PREDICTION (cutoff=0.05)	MEDIAN_INFO	#SEQ	dbSNP_ID	GENE_ID	UNIPROT_ID	GO_TERM_ACCESSION
1	1, 16342187, G, T	ENSP00000310111	170	-1	GAC C[C/A]G ACG	134	P	Q	Single AA Change	-7.60	Deleterious	121	30	0.002	Damaging	2.85	108		ENSG00000173641	HSPB7_HUMAN	GO:0006986, GO:0008016, GO:0009408, GO:0005634, GO:0005737, GO:0005739, GO:0015030, GO:0005515, GO:0008022
1	1, 16342187, G, T	ENSP00000364866	263	-1	GAC C[C/A]G ACG	227	P	Q	Single AA Change	-7.57	Deleterious	123	30	0.009	Damaging	3.40	267		ENSG00000173641	HSPB7_HUMAN	GO:0006986, GO:0008016, GO:0009408, GO:0005634, GO:0005737, GO:0005739, GO:0015030, GO:0005515, GO:0008022
1	1, 16342187, G, T	ENSP00000364870	245	-1	GAC C[C/A]G ACG	209	P	Q	Single AA Change	-7.60	Deleterious	126	30	0.003	Damaging	3.55	292		ENSG00000173641		GO:0006950, GO:0009408, GO:0005739
1	1, 16342187, G, T	ENSP00000385472	174	-1	GAC C[C/A]G ACG	138	P	Q	Single AA Change	-7.60	Deleterious	129	30	0.002	Damaging	2.92	118		ENSG00000173641		
1	1, 16342187, G, T	ENSP00000391578	165	-1	GAC C[C/A]G ACG	129	P	Q	Single AA Change	-7.30	Deleterious	168	30	0.002	Damaging	2.87	95		ENSG00000173641		
1	1, 16342187, G, T	ENSP00000417966	124	-1	GAC C[C/A]G ACG	88	P	Q	Single AA Change	-7.30	Deleterious	159	30	0.013	Damaging	2.91	64		ENSG00000173641		
1	1, 16342187, G, T	ENSP00000419477	175	-1	GAC C[C/A]G ACG	139	P	Q	Single AA Change	-7.27	Deleterious	125	30	0.018	Damaging	2.88	260		ENSG00000173641		
2	1, 27088682, C, T	ENSP00000320485	2285	1	AGT T[C/T]C CCC	764	S	F	Single AA Change	-4.22	Deleterious	129	30	0.006	Damaging	3.71	89		ENSG00000117713	ARI1A_HUMAN	GO:0006325, GO:0006337, GO:0006338, GO:0006357, GO:0007399, GO:0030520, GO:0030521, GO:0042766, GO:0042921, GO:0045893, GO:0048096, GO:0000790, GO:0005622, GO:0005625, GO:0005634, GO:0016514, GO:0071564, GO:0071565, GO:0003677, GO:0003713, GO:0005488, GO:0005515, GO:0016922
2	1, 27088682, C, T	ENSP00000363267	1902	1	AGT T[C/T]C CCC	381	S	F	Single AA Change	-3.95	Deleterious	130	30	0.006	Damaging	3.62	89		ENSG00000117713		GO:0006325, GO:0005622, GO:0005625, GO:0016514, GO:0071564, GO:0071565, GO:0003677, GO:0005488
2	1, 27088682, C, T	ENSP00000387636	2068	1	AGT T[C/T]C CCC	764	S	F	Single AA Change	-4.02	Deleterious	129	30	0.004	Damaging	3.67	89		ENSG00000117713		GO:0006325, GO:0005622, GO:0005625, GO:0016514, GO:0071564, GO:0071565, GO:0003677, GO:0005488
3	1, 27440761, G, A	ENSP00000263980	815	-1	ATC CC[C/T] ACT	123	P	P	Synonymous	0.00	Neutral	180	30	0.880	Tolerated	2.83	165		ENSG00000090020	SL9A1_HUMAN	GO:0001101, GO:0006811, GO:0006812, GO:0006814, GO:0006885, GO:0007243, GO:0010447, GO:0014070, GO:0015992, GO:0016049, GO:0030154, GO:0042493, GO:0045768, GO:0055085, GO:0071436, GO:0005624, GO:0005886, GO:0016021, GO:0016323, GO:0045121, GO:0005515, GO:0008134, GO:0015297, GO:0015299, GO:0015385
3	1, 27440761, G, A	ENSP00000363197	135	-1	CCC [C/T]AC TAT	124	H	Y	Single AA Change	-2.82	Deleterious	157	30	0.000	Damaging	4.32	4		ENSG00000090020		GO:0006812, GO:0006814, GO:0006885, GO:0016021, GO:0015299, GO:0015385
3	1, 27440761, G, A	ENSP00000363199	555	-1	ATC CC[C/T] ACT	123	P	P	Synonymous	0.00	Neutral	179	30	1.000	Tolerated	2.83	308		ENSG00000090020		GO:0006812, GO:0006814, GO:0006885, GO:0055085, GO:0016021, GO:0015299, GO:0015385
4	1, 33330333, C, T	ENSP00000362570	137	-1	AAG [G/A]AA AAA	114	E	K	Single AA Change	-2.16	Neutral	97	22	0.004	Damaging	3.44	68		ENSG00000160097	FNDC5_HUMAN	GO:0005777, GO:0005778, GO:0016020, GO:0016021, GO:0005515
5	1, 82408808, G, A	ENSP00000271029	1431	1	ATA [G/A]AA TAT	185	E	K	Single AA Change	-3.12	Deleterious	272	30	0.002	Damaging	3.28	216		ENSG00000117114		GO:0007166, GO:0007186, GO:0007218, GO:0005886, GO:0016020, GO:0016021, GO:0004871, GO:0004872, GO:0004888, GO:0004930, GO:0005515, GO:0005529
5	1, 82408808, G, A	ENSP00000322270	1403	1	ATA [G/A]AA TAT	185	E	K	Single AA Change	-3.12	Deleterious	272	30	0.002	Damaging	3.28	204		ENSG00000117114		GO:0007166, GO:0007186, GO:0007218, GO:0007420, GO:0016020, GO:0016021, GO:0019717, GO:0004888, GO:0004930, GO:0005515, GO:0005529, GO:0030165
5	1, 82408808, G, A	ENSP00000337306	1416	1	ATA [G/A]AA TAT	185	E	K	Single AA Change	-3.12	Deleterious	272	30	0.002	Damaging	3.27	214		ENSG00000117114	LPHN2_HUMAN	GO:0007166, GO:0007186, GO:0007218, GO:0005886, GO:0016020, GO:0016021, GO:0004871, GO:0004872, GO:0004888, GO:0004930, GO:0005515, GO:0005529, GO:0016524
5	1, 82408808, G, A	ENSP00000353006	1403	1	ATA [G/A]AA TAT	185	E	K	Single AA Change	-3.12	Deleterious	272	30	0.002	Damaging	3.28	204		ENSG00000117114		GO:0007166, GO:0007186, GO:0007218, GO:0016020, GO:0016021, GO:0004888, GO:0004930, GO:0005515, GO:0005529
5	1, 82408808, G, A	ENSP00000359748	1123	1	ATA [G/A]AA TAT	185	E	K	Single AA Change	-3.12	Deleterious	274	30	0.002	Damaging	3.33	200		ENSG00000117114		GO:0007166, GO:0007186, GO:0007218, GO:0016020, GO:0016021, GO:0004888, GO:0004930, GO:0005515, GO:0005529
5	1, 82408808, G, A	ENSP00000359750	1177	1	ATA [G/A]AA TAT	185	E	K	Single AA Change	-3.12	Deleterious	274	30	0.002	Damaging	3.36	208		ENSG00000117114		GO:0007166, GO:0007186, GO:0007218, GO:0005886, GO:0016020, GO:0016021, GO:0004871, GO:0004872, GO:0004888, GO:0004930, GO:0005515, GO:0005529
5	1, 82408808, G, A	ENSP00000359752	1474	1	ATA [G/A]AA TAT	185	E	K	Single AA Change	-3.12	Deleterious	272	30	0.002	Damaging	3.29	215		ENSG00000117114		GO:0007166, GO:0007186, GO:0007218, GO:0005886, GO:0016020, GO:0016021, GO:0004871, GO:0004872, GO:0004888, GO:0004930, GO:0005515, GO:0005529
5	1, 82408808, G, A	ENSP00000359756	1384	1	ATA [G/A]AA TAT	189	E	K	Single AA Change	-3.12	Deleterious	272	30	0.000	Damaging	3.39	79		ENSG00000117114		GO:0007166, GO:0007186, GO:0007218, GO:0005886, GO:0016020, GO:0016021, GO:0004871, GO:0004872, GO:0004888, GO:0004930, GO:0005515, GO:0005529
5	1, 82408808, G, A	ENSP00000359758	1461	1	ATA [G/A]AA TAT	185	E	K	Single AA Change	-3.12	Deleterious	272	30	0.002	Damaging	3.30	214		ENSG00000117114		GO:0007166, GO:0007186, GO:0007218, GO:0005886, GO:0016020, GO:0016021, GO:0004871, GO:0004872, GO:0004888, GO:0004930, GO:0005515, GO:0005529
5	1, 82408808, G, A	ENSP00000359760	1474	1	ATA [G/A]AA TAT	185	E	K	Single AA Change	-3.12	Deleterious	272	30	0.002	Damaging	3.29	215		ENSG00000117114		GO:0007166, GO:0007186, GO:0007218, GO:0005886, GO:0016020, GO:0016021, GO:0004871, GO:0004872, GO:0004888, GO:0004930, GO:0005515, GO:0005529
5	1, 82408808, G, A	ENSP00000359762	1431	1	ATA [G/A]AA TAT	185	E	K	Single AA Change	-3.12	Deleterious	272	30	0.002	Damaging	3.28	216		ENSG00000117114		GO:0007166, GO:0007186, GO:0007218, GO:0005886, GO:0016020, GO:0016021, GO:0004871, GO:0004872, GO:0004888, GO:0004930, GO:0005515, GO:0005529
5	1, 82408808, G, A	ENSP00000359763	1459	1	ATA [G/A]AA TAT	185	E	K	Single AA Change	-3.12	Deleterious	272	30	0.002	Damaging	3.27	214		ENSG00000117114	LPHN2_HUMAN	GO:0007166, GO:0007186, GO:0007218, GO:0005886, GO:0016020, GO:0016021, GO:0004871, GO:0004872, GO:0004888, GO:0004930, GO:0005515, GO:0005529, GO:0016524
5	1, 82408808, G, A	ENSP00000359765	1416	1	ATA [G/A]AA TAT	185	E	K	Single AA Change	-3.12	Deleterious	272	30	0.002	Damaging	3.27	214		ENSG00000117114		GO:0007166, GO:0007186, GO:0007218, GO:0005886, GO:0016020, GO:0016021, GO:0004871, GO:0004872, GO:0004888, GO:0004930, GO:0005515, GO:0005529
5	1, 82408808, G, A	ENSP00000378344	1461	1	ATA [G/A]AA TAT	185	E	K	Single AA Change	-3.12	Deleterious	272	30	0.002	Damaging	3.30	214		ENSG00000117114		GO:0007166, GO:0007186, GO:0007218, GO:0005886, GO:0016020, GO:0016021, GO:0004871, GO:0004872, GO:0004888, GO:0004930, GO:0005515, GO:0005529
5	1, 82408808, G, A	ENSP00000397740	1351	1	ATA [G/A]AA TAT	53	E	K	Single AA Change	-2.98	Deleterious	271	30	0.000	Damaging	3.42	209		ENSG00000117114		GO:0007166, GO:0007186, GO:0007218, GO:0016020, GO:0016021, GO:0004888, GO:0004930, GO:0005515
6	1, 101005265, C, A	ENSP00000314223	384	1	TTC C[C/A]G GGC	248	P	Q	Single AA Change	-0.36	Neutral	54	30	0.069	Tolerated	3.07	16		ENSG00000181656	GPR88_HUMAN	GO:0007186, GO:0005575, GO:0005886, GO:0016021, GO:0004871, GO:0004872, GO:0004930
7	1, 149761707, G, A	ENSP00000358165	374	1	TTG CA[G/A] AGG	219	Q	Q	Synonymous	0.00	Neutral	193	30	1.000	Tolerated	2.83	111		ENSG00000150337	FCGR1_HUMAN	GO:0006911, GO:0006955, GO:0007165, GO:0019221, GO:0045087, GO:0060333, GO:0005886, GO:0016021, GO:0004872, GO:0005057, GO:0005515, GO:0019864
7	1, 149761707, G, A	ENSP00000394279	240	1	TTG CA[G/A] AGG	127	Q	Q	Synonymous	0.00	Neutral	175	30	1.000	Tolerated	2.81	102		ENSG00000150337		GO:0005515
8	1, 152883638, G, A	ENSP00000357753	585	1	GAG CA[G/A] CAG	455	Q	Q	Synonymous	0.00	Neutral	57	30	1.000	Tolerated	3.89	18		ENSG00000163207	INVO_HUMAN	GO:0010224, GO:0018149, GO:0018153, GO:0030216, GO:0031424, GO:0001533, GO:0005737, GO:0005198, GO:0030674
8	1, 152883638, G, A	ENSP00000376435	439	1	GAG CA[G/A] CAG	309	Q	Q	Synonymous	0.00	Neutral	66	30	1.000	Tolerated	3.46	21		ENSG00000163207	INVO_HUMAN	GO:0010224, GO:0018149, GO:0018153, GO:0030216, GO:0031424, GO:0001533, GO:0005737, GO:0005198, GO:0030674
9	1, 157512925, G, A	ENSP00000349434	977	-1	ATC [C/T]CT GCA	283	P	S	Single AA Change	-1.98	Neutral	110	30	0.096	Tolerated	2.80	80		ENSG00000143297		GO:0005515
9	1, 157512925, G, A	ENSP00000354691	977	-1	ATC [C/T]CT GCA	283	P	S	Single AA Change	-1.98	Neutral	110	30	0.099	Tolerated	2.78	72		ENSG00000143297	FCRL5_HUMAN	GO:0005886, GO:0016021, GO:0004872, GO:0005515
9	1, 157512925, G, A	ENSP00000357172	592	-1	ATC [C/T]CT GCA	283	P	S	Single AA Change	-6.21	Deleterious	112	30	0.071	Tolerated	2.84	75		ENSG00000143297		GO:0005515
9	1, 157512925, G, A	ENSP00000357173	759	-1	ATC [C/T]CT GCA	283	P	S	Single AA Change	-2.64	Deleterious	110	30	0.084	Tolerated	2.79	57		ENSG00000143297		GO:0005515
9	1, 157512925, G, A	ENSP00000357174	674	-1	ATC [C/T]CT GCA	198	P	S	Single AA Change	-2.71	Deleterious	107	30	0.091	Tolerated	2.85	65		ENSG00000143297		GO:0005515
10	1, 173516885, G, A	ENSP00000356687	1124	-1	GAA TC[C/T] ACA	500	S	S	Synonymous	0.00	Neutral	75	30	1.000	Tolerated	2.86	54		ENSG00000162753	S9A11_HUMAN	GO:0006812, GO:0006814, GO:0055085, GO:0016020, GO:0016021, GO:0005216, GO:0015297, GO:0015299
10	1, 173516885, G, A	ENSP00000445437	450	-1	GAA TC[C/T] ACA	398	S	S	Synonymous	0.00	Neutral	72	30	1.000	Tolerated	2.82	53		ENSG00000162753		GO:0006812, GO:0006814, GO:0055085, GO:0016021, GO:0015299
11	1, 225564998, C, T	ENSP00000392061	4515	1	CAG TC[C/T] TTA	4090	S	S	Synonymous	0.00	Neutral	103	30	1.000	Tolerated	2.84	22		ENSG00000185842		GO:0007018, GO:0030286, GO:0000166, GO:0003777, GO:0017111
11	1, 225564998, C, T	ENSP00000409472	3507	1	CAG TC[C/T] TTA	3082	S	S	Synonymous	0.00	Neutral	70	30	1.000	Tolerated	2.82	124		ENSG00000185842	DYH14_HUMAN	GO:0007018, GO:0005737, GO:0005856, GO:0005874, GO:0005929, GO:0030286, GO:0035085, GO:0000166, GO:0003777, GO:0005524
11	1, 225564998, C, T	ENSP00000414402	4515	1	CAG TC[C/T] TTA	4090	S	S	Synonymous	0.00	Neutral	103	30	1.000	Tolerated	2.84	22		ENSG00000185842		GO:0007018, GO:0030286, GO:0000166, GO:0003777, GO:0017111
12	2, 84777086, T, C	ENSP00000237449	4158	1	CTT [T/C]TG AAC	464	L	L	Synonymous	0.00	Neutral	71	30	1.000	Tolerated	2.81	52		ENSG00000115423	DYH6_HUMAN	GO:0007018, GO:0005737, GO:0005856, GO:0005874, GO:0005929, GO:0030286, GO:0035085, GO:0000166, GO:0003777, GO:0005524, GO:0016887, GO:0017111
12	2, 84777086, T, C	ENSP00000374045	4158	1	CTT [T/C]TG AAC	464	L	L	Synonymous	0.00	Neutral	71	30	1.000	Tolerated	2.81	52		ENSG00000115423	DYH6_HUMAN	GO:0007018, GO:0005737, GO:0005856, GO:0005874, GO:0005929, GO:0030286, GO:0035085, GO:0000166, GO:0003777, GO:0005524, GO:0016887, GO:0017111
12	2, 84777086, T, C	ENSP00000381326	2530	1	CTT [T/C]TG AAC	464	L	L	Synonymous	0.00	Neutral	63	30	1.000	Tolerated	2.81	58		ENSG00000115423		GO:0000166, GO:0005524, GO:0016887, GO:0017111
13	2, 135741275, C, T	ENSP00000351140	1215	-1	GGT [G/A]AG ATT	952	E	K	Single AA Change	-2.72	Deleterious	71	30	0.085	Tolerated	3.23	389		ENSG00000176601		GO:0006468, GO:0004672, GO:0004713, GO:0005524
13	2, 135741275, C, T	ENSP00000365004	510	-1	GGT [G/A]AG ATT	247	E	K	Single AA Change	-2.55	Deleterious	67	30	0.424	Tolerated	2.97	387		ENSG00000176601		GO:0006468, GO:0004672, GO:0004713, GO:0005524
13	2, 135741275, C, T	ENSP00000365005	1328	-1	GGT [G/A]AG ATT	1065	E	K	Single AA Change	-2.70	Deleterious	70	30	0.076	Tolerated	3.22	388		ENSG00000176601	YSK4_HUMAN	GO:0006468, GO:0000166, GO:0004672, GO:0004674, GO:0004713, GO:0005524
13	2, 135741275, C, T	ENSP00000376647	1152	-1	GGT [G/A]AG ATT	1082	E	K	Single AA Change	-3.06	Deleterious	48	17	0.005	Damaging	3.29	36		ENSG00000176601		
13	2, 135741275, C, T	ENSP00000392827	697	-1	GGT [G/A]AG ATT	455	E	K	Single AA Change	-2.75	Deleterious	72	30	0.181	Tolerated	2.95	387		ENSG00000176601		GO:0006468, GO:0004672, GO:0004713, GO:0005524
14	2, 220085932, C, T	ENSP00000355173	839	-1	GAA GG[G/A] GGA	746	G	G	Synonymous	0.00	Neutral	128	30	0.834	Tolerated	3.46	34		ENSG00000198925	ATG9A_HUMAN	GO:0000045, GO:0006914, GO:0015031, GO:0000421, GO:0005737, GO:0005770, GO:0005776, GO:0005794, GO:0016020, GO:0016021, GO:0031410, GO:0031902
14	2, 220085932, C, T	ENSP00000379983	839	-1	GAA GG[G/A] GGA	746	G	G	Synonymous	0.00	Neutral	128	30	0.834	Tolerated	3.46	34		ENSG00000198925	ATG9A_HUMAN	GO:0000045, GO:0006914, GO:0015031, GO:0000421, GO:0005737, GO:0005770, GO:0005776, GO:0005794, GO:0016020, GO:0016021, GO:0031410, GO:0031902
14	2, 220085932, C, T	ENSP00000386535	778	-1	GAA GG[G/A] GGA	685	G	G	Synonymous	0.00	Neutral	128	30	0.868	Tolerated	3.45	35		ENSG00000198925		GO:0006914, GO:0005737, GO:0005770, GO:0005776
14	2, 220085932, C, T	ENSP00000386710	839	-1	GAA GG[G/A] GGA	746	G	G	Synonymous	0.00	Neutral	128	30	0.834	Tolerated	3.46	34		ENSG00000198925	ATG9A_HUMAN	GO:0000045, GO:0006914, GO:0015031, GO:0000421, GO:0005737, GO:0005770, GO:0005776, GO:0005794, GO:0016020, GO:0016021, GO:0031410, GO:0031902
14	2, 220085932, C, T	ENSP00000398528	255	-1	GAA GG[G/A] GGA	162	G	G	Synonymous	0.00	Neutral	53	6	0.780	Tolerated	3.73	31		ENSG00000198925		
15	3, 9032298, C, T	ENSP00000353587	1075	-1	GAC AA[G/A] AAG	904	K	K	Synonymous	0.00	Neutral	231	30	1.000	Tolerated	3.39	108		ENSG00000196220		GO:0007165, GO:0005622, GO:0005515
15	3, 9032298, C, T	ENSP00000373347	1099	-1	GAC AA[G/A] AAG	928	K	K	Synonymous	0.00	Neutral	231	30	1.000	Tolerated	3.39	114		ENSG00000196220	SRGP2_HUMAN	GO:0007165, GO:0007264, GO:0051056, GO:0005622, GO:0005829, GO:0005096, GO:0005515
16	3, 35732412, C, T	ENSP00000187397	812	1	CAT [C/T]GA GTG	201	R	*	Nonsense	NA	NA	213	30	NA	NA	NA	NA		ENSG00000172995	ARP21_HUMAN	GO:0008150, GO:0034605, GO:0005575, GO:0005737, GO:0003674, GO:0003676
16	3, 35732412, C, T	ENSP00000337792	793	1	CAT [C/T]GA GTG	201	R	*	Nonsense	NA	NA	210	30	NA	NA	NA	NA		ENSG00000172995		GO:0034605, GO:0003676
16	3, 35732412, C, T	ENSP00000396116	124	1	CAT [C/T]GA GTG	42	R	*	Nonsense	NA	NA	200	30	NA	NA	NA	NA		ENSG00000172995		GO:0003676
16	3, 35732412, C, T	ENSP00000399482	145	1	CAT [C/T]GA GTG	64	R	*	Nonsense	NA	NA	200	30	NA	NA	NA	NA		ENSG00000172995		GO:0003676
16	3, 35732412, C, T	ENSP00000405276	793	1	CAT [C/T]GA GTG	201	R	*	Nonsense	NA	NA	210	30	NA	NA	NA	NA		ENSG00000172995		GO:0034605, GO:0003676
16	3, 35732412, C, T	ENSP00000408271	261	1	CAT [C/T]GA GTG	43	R	*	Nonsense	NA	NA	204	30	NA	NA	NA	NA		ENSG00000172995		GO:0003676
16	3, 35732412, C, T	ENSP00000412326	813	1	CAT [C/T]GA GTG	201	R	*	Nonsense	NA	NA	209	30	NA	NA	NA	NA		ENSG00000172995		GO:0034605, GO:0003676
16	3, 35732412, C, T	ENSP00000414351	813	1	CAT [C/T]GA GTG	201	R	*	Nonsense	NA	NA	209	30	NA	NA	NA	NA		ENSG00000172995		GO:0034605, GO:0003676
17	3, 48622366, A, G	ENSP00000332371	2944	-1	GGG [T/C]TG CCT	1330	L	L	Synonymous	0.00	Neutral	80	30	0.806	Tolerated	2.96	79		ENSG00000114270	CO7A1_HUMAN	GO:0007155, GO:0008544, GO:0005576, GO:0005581, GO:0005590, GO:0005604, GO:0004867, GO:0005515, GO:0030414
17	3, 48622366, A, G	ENSP00000412569	2912	-1	GGG [T/C]TG CCT	1330	L	L	Synonymous	0.00	Neutral	79	30	0.718	Tolerated	2.96	58		ENSG00000114270		GO:0004867, GO:0005515
18	3, 58109101, C, T	ENSP00000232447	2561	1	AAA GT[C/T] GTG	1136	V	V	Synonymous	0.00	Neutral	264	30	1.000	Tolerated	2.94	235		ENSG00000136068		GO:0005515
18	3, 58109101, C, T	ENSP00000295956	2602	1	AAA GT[C/T] GTG	1136	V	V	Synonymous	0.00	Neutral	262	30	1.000	Tolerated	2.93	235		ENSG00000136068	FLNB_HUMAN	GO:0007016, GO:0007165, GO:0007275, GO:0007517, GO:0030036, GO:0030154, GO:0005634, GO:0005737, GO:0005886, GO:0005938, GO:0015629, GO:0016021, GO:0030018, GO:0003779, GO:0005515, GO:0042802
18	3, 58109101, C, T	ENSP00000349819	2150	1	AAA GT[C/T] GTG	1136	V	V	Synonymous	0.00	Neutral	264	30	1.000	Tolerated	2.92	232		ENSG00000136068		GO:0005515
18	3, 58109101, C, T	ENSP00000351339	2578	1	AAA GT[C/T] GTG	1136	V	V	Synonymous	0.00	Neutral	264	30	1.000	Tolerated	2.93	224		ENSG00000136068		GO:0005515
18	3, 58109101, C, T	ENSP00000414532	2422	1	AAA GT[C/T] GTG	967	V	V	Synonymous	0.00	Neutral	264	30	1.000	Tolerated	2.91	233		ENSG00000136068	FLNB_HUMAN	GO:0007016, GO:0007165, GO:0007275, GO:0007517, GO:0030036, GO:0030154, GO:0005634, GO:0005737, GO:0005886, GO:0005938, GO:0015629, GO:0016021, GO:0030018, GO:0003779, GO:0005515, GO:0042802
18	3, 58109101, C, T	ENSP00000415599	2591	1	AAA GT[C/T] GTG	1136	V	V	Synonymous	0.00	Neutral	264	30	1.000	Tolerated	2.91	234		ENSG00000136068		GO:0005634, GO:0005737, GO:0005886, GO:0003779, GO:0005515
18	3, 58109101, C, T	ENSP00000418510	2409	1	AAA GT[C/T] GTG	967	V	V	Synonymous	0.00	Neutral	264	30	1.000	Tolerated	2.91	224		ENSG00000136068		GO:0005634, GO:0005737, GO:0005886, GO:0005515
18	3, 58109101, C, T	ENSP00000420213	2633	1	AAA GT[C/T] GTG	1136	V	V	Synonymous	0.00	Neutral	262	30	1.000	Tolerated	2.92	244		ENSG00000136068		GO:0007519, GO:0001725, GO:0005634, GO:0005737, GO:0005886, GO:0005925, GO:0003779, GO:0005515
19	3, 63898426, C, A	ENSP00000295900	892	1	CAC C[C/A]G CCA	51	P	Q	Single AA Change	0.28	Neutral	169	30	0.000	Damaging	4.32	4		ENSG00000163635	ATX7_HUMAN	GO:0006355, GO:0006997, GO:0007601, GO:0008219, GO:0016578, GO:0042326, GO:0043569, GO:0045944, GO:0005622, GO:0005634, GO:0005737, GO:0016363, GO:0003682, GO:0005515, GO:0008270
19	3, 63898426, C, A	ENSP00000381590	945	1	CAC C[C/A]G CCA	51	P	Q	Single AA Change	0.28	Neutral	169	30	0.000	Damaging	4.32	4		ENSG00000163635		GO:0042326, GO:0043569, GO:0045944, GO:0005634, GO:0005737, GO:0003682
19	3, 63898426, C, A	ENSP00000420234	892	1	CAC C[C/A]G CCA	51	P	Q	Single AA Change	0.28	Neutral	169	30	0.000	Damaging	4.32	4		ENSG00000163635	ATX7_HUMAN	GO:0006355, GO:0006997, GO:0007601, GO:0008219, GO:0016578, GO:0042326, GO:0043569, GO:0045944, GO:0005622, GO:0005634, GO:0005737, GO:0016363, GO:0003682, GO:0005515, GO:0008270
19	3, 63898426, C, A	ENSP00000439585	945	1	CAC C[C/A]G CCA	51	P	Q	Single AA Change	0.28	Neutral	169	30	0.000	Damaging	4.32	4		ENSG00000163635		GO:0042326, GO:0043569, GO:0045944, GO:0005634, GO:0005737, GO:0003682
19	3, 63898426, C, A	ENSP00000445161	130	1	CAC C[C/A]G CCA	51	P	Q	Single AA Change	0.07	Neutral	56	13	0.000	Damaging	4.32	7		ENSG00000163635		GO:0042326, GO:0043569, GO:0045944, GO:0005634, GO:0005737, GO:0003682
20	3, 79638998, G, A	ENSP00000381450	1655	-1	CAC [C/T]TG TTT	22	L	L	Synonymous	0.00	Neutral	174	30	0.479	Tolerated	3.69	13		ENSG00000169855		GO:0007417, GO:0048814, GO:0021510, GO:0007411, GO:0016199, GO:0008285, GO:0060763, GO:0030424, GO:0043025, GO:0030673, GO:0005515, GO:0008046, GO:0046982
20	3, 79638998, G, A	ENSP00000419915	41	-1	CAC [C/T]TG TTT	22	L	L	Synonymous	0.00	Neutral	10	3	1.000	Tolerated	4.32	5		ENSG00000169855		
20	3, 79638998, G, A	ENSP00000420321	1651	-1	CAC [C/T]TG TTT	22	L	L	Synonymous	0.00	Neutral	174	30	0.489	Tolerated	3.70	13		ENSG00000169855	ROBO1_HUMAN	GO:0002042, GO:0006919, GO:0007155, GO:0007156, GO:0007275, GO:0007399, GO:0007411, GO:0008285, GO:0016199, GO:0021510, GO:0021836, GO:0021891, GO:0030154, GO:0033600, GO:0035385, GO:0048814, GO:0050772, GO:0050925, GO:0060763, GO:0070100, GO:0005737, GO:0005886, GO:0005887, GO:0009986, GO:0030424, GO:0030673, GO:0043025, GO:0004872, GO:0005515, GO:0008046, GO:0030275, GO:0042802, GO:0046982
21	3, 169644888, G, A	ENSP00000334668	446	1	AAA [G/A]AG GAG	280	E	K	Single AA Change	-1.32	Neutral	85	30	0.246	Tolerated	2.85	33		ENSG00000187033	SAMD7_HUMAN	GO:0005515
21	3, 169644888, G, A	ENSP00000391299	446	1	AAA [G/A]AG GAG	280	E	K	Single AA Change	-1.32	Neutral	85	30	0.246	Tolerated	2.85	33		ENSG00000187033	SAMD7_HUMAN	GO:0005515
22	3, 170198608, G, A	ENSP00000231706	771	-1	CCA T[C/T]C TTG	488	S	F	Single AA Change	-1.83	Neutral	173	30	0.019	Damaging	3.18	54		ENSG00000013293	S7A14_HUMAN	GO:0006810, GO:0010923, GO:0055085, GO:0016020, GO:0016021, GO:0015171
23	3, 183824116, C, T	ENSP00000335511	471	1	ACC [C/T]CC ACC	391	P	S	Single AA Change	-2.86	Deleterious	150	30	0.375	Tolerated	2.82	121		ENSG00000186038		GO:0006810, GO:0006811, GO:0016020, GO:0016021, GO:0045211, GO:0005216, GO:0005230
23	3, 183824116, C, T	ENSP00000395833	456	1	ACC [C/T]CC ACC	376	P	S	Single AA Change	-2.86	Deleterious	150	30	0.318	Tolerated	2.78	125		ENSG00000186038		GO:0006810, GO:0006811, GO:0016020, GO:0005230
23	3, 183824116, C, T	ENSP00000401444	456	1	ACC [C/T]CC ACC	376	P	S	Single AA Change	-2.86	Deleterious	150	30	0.658	Tolerated	2.79	111		ENSG00000186038	5HT3E_HUMAN	GO:0006810, GO:0006811, GO:0034220, GO:0055085, GO:0005886, GO:0016020, GO:0016021, GO:0045211, GO:0004872, GO:0005216, GO:0005230, GO:0005232
23	3, 183824116, C, T	ENSP00000401900	441	1	ACC [C/T]CC ACC	361	P	S	Single AA Change	-2.92	Deleterious	149	30	0.712	Tolerated	2.77	107		ENSG00000186038		GO:0006810, GO:0006811, GO:0016020, GO:0005230
23	3, 183824116, C, T	ENSP00000406050	482	1	ACC [C/T]CC ACC	402	P	S	Single AA Change	-2.92	Deleterious	149	30	0.260	Tolerated	2.89	131		ENSG00000186038		GO:0006810, GO:0006811, GO:0016020, GO:0016021, GO:0045211, GO:0005216, GO:0005230
24	3, 194117747, G, A	ENSP00000319286	560	-1	AAC T[C/T]C TGG	422	S	F	Single AA Change	-2.97	Deleterious	116	30	0.001	Damaging	2.81	52		ENSG00000178732	GPV_HUMAN	GO:0007155, GO:0007160, GO:0007596, GO:0007597, GO:0010544, GO:0030168, GO:0005886, GO:0005887, GO:0005515, GO:0005518
24	3, 194117747, G, A	ENSP00000383931	560	-1	AAC T[C/T]C TGG	422	S	F	Single AA Change	-2.97	Deleterious	116	30	0.001	Damaging	2.81	52		ENSG00000178732	GPV_HUMAN	GO:0007155, GO:0007160, GO:0007596, GO:0007597, GO:0010544, GO:0030168, GO:0005886, GO:0005887, GO:0005515, GO:0005518
25	4, 98902367, G, A	ENSP00000295268	459	-1	ATT [C/T]CA TTT	239	P	S	Single AA Change	-5.41	Deleterious	50	30	0.094	Tolerated	2.80	27		ENSG00000163116	CD037_HUMAN	
26	5, 70808171, C, T	ENSP00000351575	2624	1	TCT T[C/T]A CAG	1388	S	L	Single AA Change	-1.35	Neutral	55	30	0.748	Tolerated	3.54	24		ENSG00000145734	BDP1_HUMAN	GO:0006355, GO:0006383, GO:0005634, GO:0005654, GO:0003677
26	5, 70808171, C, T	ENSP00000392724	2132	1	TCT T[C/T]A CAG	968	S	L	Single AA Change	-1.72	Neutral	54	27	0.964	Tolerated	3.35	25		ENSG00000145734		
27	5, 137519794, G, A	ENSP00000378356	890	1	AAC C[G/A]G TCA	451	R	Q	Single AA Change	-1.21	Neutral	108	30	0.013	Damaging	2.88	80		ENSG00000112984	KI20A_HUMAN	GO:0000087, GO:0000278, GO:0000910, GO:0001578, GO:0007018, GO:0015031, GO:0016192, GO:0005654, GO:0005737, GO:0005794, GO:0005819, GO:0005856, GO:0005874, GO:0000166, GO:0003777, GO:0005215, GO:0005524, GO:0019901
27	5, 137519794, G, A	ENSP00000420880	872	1	AAC C[G/A]G TCA	433	R	Q	Single AA Change	-1.21	Neutral	108	30	0.012	Damaging	2.87	84		ENSG00000112984		GO:0007018, GO:0005874, GO:0000166, GO:0003777, GO:0005524
28	5, 140502334, G, A	ENSP00000194152	795	1	CTG [G/A]AA AAC	252	E	K	Single AA Change	-3.91	Deleterious	385	30	0.000	Damaging	3.13	395		ENSG00000081818	PCDB4_HUMAN	GO:0007155, GO:0007156, GO:0007268, GO:0007399, GO:0007416, GO:0016339, GO:0005737, GO:0005886, GO:0005887, GO:0016020, GO:0016021, GO:0045111, GO:0005509
29	5, 149001550, C, T	ENSP00000328083	675	1	CAG AT[C/T] ATG	420	I	I	Synonymous	0.00	Neutral	134	30	1.000	Tolerated	2.79	74		ENSG00000183111	ARH37_HUMAN	GO:0035023, GO:0005622, GO:0005737, GO:0005085, GO:0005089, GO:0005515
30	6, 36107085, G, A	ENSP00000211287	365	1	AAG [G/A]AG ATT	345	E	K	Single AA Change	-3.21	Deleterious	395	30	0.001	Damaging	2.99	371		ENSG00000156711	MK13_HUMAN	GO:0006468, GO:0006950, GO:0006970, GO:0007049, GO:0007243, GO:0007265, GO:0032755, GO:0048011, GO:0050729, GO:0005625, GO:0005829, GO:0000166, GO:0004672, GO:0004674, GO:0004707, GO:0004713, GO:0005515, GO:0005524
30	6, 36107085, G, A	ENSP00000362866	355	1	AAG [G/A]AG ATT	335	E	K	Single AA Change	-3.21	Deleterious	396	30	0.001	Damaging	2.97	370		ENSG00000156711		GO:0006468, GO:0000166, GO:0004672, GO:0004674, GO:0004707, GO:0004713, GO:0005524
30	6, 36107085, G, A	ENSP00000362875	310	1	AAG [G/A]AG ATT	290	E	K	Single AA Change	-3.31	Deleterious	392	30	0.001	Damaging	3.05	364		ENSG00000156711		GO:0006468, GO:0000166, GO:0004672, GO:0004674, GO:0004707, GO:0004713, GO:0005524
31	6, 46839624, C, T	ENSP00000265417	1346	-1	TAT G[G/A]A GCC	456	G	E	Single AA Change	-3.20	Deleterious	137	30	0.000	Damaging	3.08	38		ENSG00000069122	GP116_HUMAN	GO:0007166, GO:0007186, GO:0007218, GO:0005886, GO:0016020, GO:0016021, GO:0004871, GO:0004872, GO:0004888, GO:0004930, GO:0005515
31	6, 46839624, C, T	ENSP00000283296	1346	-1	TAT G[G/A]A GCC	456	G	E	Single AA Change	-3.20	Deleterious	137	30	0.000	Damaging	3.08	38		ENSG00000069122	GP116_HUMAN	GO:0007166, GO:0007186, GO:0007218, GO:0005886, GO:0016020, GO:0016021, GO:0004871, GO:0004872, GO:0004888, GO:0004930, GO:0005515
31	6, 46839624, C, T	ENSP00000354563	1326	-1	TAT G[G/A]A GCC	456	G	E	Single AA Change	-3.20	Deleterious	137	30	0.000	Damaging	3.04	37		ENSG00000069122		GO:0007166, GO:0007186, GO:0007218, GO:0005886, GO:0016020, GO:0016021, GO:0004888, GO:0004930, GO:0005515
31	6, 46839624, C, T	ENSP00000394590	1346	-1	TAT G[G/A]A GCC	456	G	E	Single AA Change	-3.20	Deleterious	137	30	0.000	Damaging	3.08	38		ENSG00000069122	GP116_HUMAN	GO:0007166, GO:0007186, GO:0007218, GO:0005886, GO:0016020, GO:0016021, GO:0004871, GO:0004872, GO:0004888, GO:0004930, GO:0005515
31	6, 46839624, C, T	ENSP00000412866	1204	-1	TAT G[G/A]A GCC	314	G	E	Single AA Change	-3.68	Deleterious	147	30	0.000	Damaging	3.20	37		ENSG00000069122	GP116_HUMAN	GO:0007166, GO:0007186, GO:0007218, GO:0005886, GO:0016020, GO:0016021, GO:0004871, GO:0004872, GO:0004888, GO:0004930, GO:0005515
32	6, 55933851, C, T	ENSP00000244728	957	-1	CAA G[G/A]A AAA	695	G	E	Single AA Change	-5.46	Deleterious	197	30	0.000	Damaging	2.91	35		ENSG00000124749	COLA1_HUMAN	GO:0007155, GO:0005576, GO:0005581, GO:0005737, GO:0031012, GO:0005198, GO:0005515
32	6, 55933851, C, T	ENSP00000359844	323	-1	CAA G[G/A]A AAA	95	G	E	Single AA Change	-7.30	Deleterious	121	30	0.047	Damaging	2.90	53		ENSG00000124749		
32	6, 55933851, C, T	ENSP00000359847	954	-1	CAA G[G/A]A AAA	692	G	E	Single AA Change	-5.50	Deleterious	181	30	0.000	Damaging	2.87	35		ENSG00000124749		GO:0007155, GO:0005581, GO:0005198, GO:0005515
32	6, 55933851, C, T	ENSP00000359855	954	-1	CAA G[G/A]A AAA	692	G	E	Single AA Change	-5.50	Deleterious	181	30	0.000	Damaging	2.87	35		ENSG00000124749		GO:0007155, GO:0005581, GO:0005198, GO:0005515
32	6, 55933851, C, T	ENSP00000444384	957	-1	CAA G[G/A]A AAA	695	G	E	Single AA Change	-5.20	Deleterious	161	30	0.000	Damaging	2.96	31		ENSG00000124749		GO:0007155, GO:0005581, GO:0005198, GO:0005515
33	6, 76631870, C, T	ENSP00000358966	797	-1	AAA A[G/A]A AAT	777	R	K	Single AA Change	-0.90	Neutral	87	30	0.000	Damaging	3.64	27		ENSG00000112706	IMPG1_HUMAN	GO:0007601, GO:0005576, GO:0005578, GO:0004872, GO:0005201, GO:0005515
33	6, 76631870, C, T	ENSP00000358968	158	-1	AAA A[G/A]A AAT	138	R	K	Single AA Change	-1.11	Neutral	82	30	0.000	Damaging	3.94	28		ENSG00000112706		GO:0005515
34	7, 82579466, C, T	ENSP00000334319	5142	-1	CAG [G/A]AT GAG	3480	D	N	Single AA Change	-3.17	Deleterious	98	30	0.045	Damaging	3.33	76		ENSG00000186472		GO:0007010, GO:0019933, GO:0017157, GO:0030073, GO:0045202, GO:0005515, GO:0046872, GO:0005522
34	7, 82579466, C, T	ENSP00000388393	4935	-1	CAG [G/A]AT GAG	3480	D	N	Single AA Change	-3.17	Deleterious	98	30	0.057	Tolerated	3.34	72		ENSG00000186472		GO:0045202, GO:0005515, GO:0046872
34	7, 82579466, C, T	ENSP00000393760	1217	-1	CAG [G/A]AT GAG	200	D	N	Single AA Change	-2.97	Deleterious	102	30	0.395	Tolerated	3.10	80		ENSG00000186472		
34	7, 82579466, C, T	ENSP00000403939	3635	-1	CAG [G/A]AT GAG	3411	D	N	Single AA Change	-3.17	Deleterious	98	30	0.067	Tolerated	3.35	69		ENSG00000186472		GO:0045202, GO:0046872
35	7, 93098038, G, A	ENSP00000352561	508	-1	ATT TT[C/T] GTG	188	F	F	Synonymous	0.00	Neutral	146	30	1.000	Tolerated	2.85	143		ENSG00000004948		GO:0007166, GO:0007186, GO:0007189, GO:0007204, GO:0030279, GO:0030316, GO:0043488, GO:0001669, GO:0005886, GO:0016020, GO:0016021, GO:0030424, GO:0043025, GO:0044442, GO:0004871, GO:0004872, GO:0004888, GO:0004930, GO:0032841
35	7, 93098038, G, A	ENSP00000353385	490	-1	ATT TT[C/T] GTG	170	F	F	Synonymous	0.00	Neutral	146	30	1.000	Tolerated	2.88	130		ENSG00000004948	CALCR_HUMAN	GO:0007166, GO:0007186, GO:0007189, GO:0007204, GO:0015031, GO:0030819, GO:0031623, GO:0045762, GO:0051384, GO:0072659, GO:0005886, GO:0005887, GO:0016020, GO:0016021, GO:0004871, GO:0004872, GO:0004888, GO:0004930, GO:0004948, GO:0005515, GO:0008565, GO:0032841
35	7, 93098038, G, A	ENSP00000377959	474	-1	ATT TT[C/T] GTG	170	F	F	Synonymous	0.00	Neutral	146	30	1.000	Tolerated	2.91	119		ENSG00000004948		GO:0007166, GO:0007186, GO:0007204, GO:0007189, GO:0030316, GO:0030279, GO:0043488, GO:0007188, GO:0005886, GO:0016020, GO:0016021, GO:0001669, GO:0044442, GO:0043025, GO:0030424, GO:0043005, GO:0004871, GO:0004872, GO:0004888, GO:0004930, GO:0004948, GO:0032841
35	7, 93098038, G, A	ENSP00000389295	474	-1	ATT TT[C/T] GTG	170	F	F	Synonymous	0.00	Neutral	146	30	1.000	Tolerated	2.91	119		ENSG00000004948		GO:0007166, GO:0007186, GO:0005886, GO:0016020, GO:0016021, GO:0004871, GO:0004872, GO:0004888, GO:0004930, GO:0004948
35	7, 93098038, G, A	ENSP00000391369	290	-1	ATT TT[C/T] GTG	170	F	F	Synonymous	0.00	Neutral	155	30	1.000	Tolerated	2.85	142		ENSG00000004948		GO:0007166, GO:0007186, GO:0005886, GO:0016020, GO:0016021, GO:0004871, GO:0004872, GO:0004888, GO:0004930, GO:0004948
35	7, 93098038, G, A	ENSP00000399552	490	-1	ATT TT[C/T] GTG	170	F	F	Synonymous	0.00	Neutral	146	30	1.000	Tolerated	2.88	130		ENSG00000004948	CALCR_HUMAN	GO:0007166, GO:0007186, GO:0007189, GO:0007204, GO:0015031, GO:0030819, GO:0031623, GO:0045762, GO:0051384, GO:0072659, GO:0005886, GO:0005887, GO:0016020, GO:0016021, GO:0004871, GO:0004872, GO:0004888, GO:0004930, GO:0004948, GO:0005515, GO:0008565, GO:0032841
35	7, 93098038, G, A	ENSP00000413179	274	-1	ATT TT[C/T] GTG	170	F	F	Synonymous	0.00	Neutral	155	30	1.000	Tolerated	2.84	124		ENSG00000004948		GO:0007166, GO:0007186, GO:0005886, GO:0016020, GO:0016021, GO:0004871, GO:0004872, GO:0004888, GO:0004930
36	7, 140453136, A, T	ENSP00000288602	766	-1	ACA G[T/A]G AAA	600	V	E	Single AA Change	-4.78	Deleterious	242	30	0.001	Damaging	2.88	204	rs113488022	ENSG00000157764	BRAF_HUMAN	GO:0000186, GO:0006468, GO:0006916, GO:0007165, GO:0007264, GO:0007268, GO:0009887, GO:0033138, GO:0035556, GO:0043066, GO:0043434, GO:0043524, GO:0048011, GO:0051591, GO:0070374, GO:0000165, GO:0005625, GO:0005634, GO:0005737, GO:0005829, GO:0005886, GO:0019717, GO:0005624, GO:0000166, GO:0004672, GO:0004674, GO:0004709, GO:0004713, GO:0005057, GO:0005515, GO:0005524, GO:0031434, GO:0046872, GO:0046982
36	7, 140453136, A, T	ENSP00000418033	102	-1	ACA G[T/A]G AAA	28	V	E	Single AA Change	-5.56	Deleterious	191	30	0.122	Tolerated	3.08	393	rs113488022	ENSG00000157764		GO:0006468, GO:0004672, GO:0005524
36	7, 140453136, A, T	ENSP00000419060	375	-1	ACA G[T/A]G AAA	208	V	E	Single AA Change	-5.29	Deleterious	235	30	0.007	Damaging	2.90	236	rs113488022	ENSG00000157764		GO:0006468, GO:0004672, GO:0004713, GO:0005524
37	7, 141726943, C, T	ENSP00000417515	2754	1	GCC AT[C/T] ACT	337	I	I	Synonymous	0.00	Neutral	101	30	0.941	Tolerated	2.76	57		ENSG00000257335		GO:0005975, GO:0003824, GO:0004553, GO:0004558, GO:0016160, GO:0030246
37	7, 141726943, C, T	ENSP00000447378	1857	1	GCC AT[C/T] ACT	337	I	I	Synonymous	0.00	Neutral	110	30	0.822	Tolerated	2.77	108		ENSG00000257335	MGA_HUMAN	GO:0005975, GO:0005983, GO:0044245, GO:0005886, GO:0016021, GO:0016324, GO:0003824, GO:0004339, GO:0004553, GO:0004558, GO:0016160, GO:0030246, GO:0032450
37	7, 141726943, C, T	ENSP00000449687	1662	1	GCC AT[C/T] ACT	214	I	I	Synonymous	0.00	Neutral	110	30	0.699	Tolerated	2.80	115		ENSG00000257335		GO:0005975, GO:0004553
38	7, 143098669, C, T	ENSP00000275815	976	-1	AAT GG[G/A] ACA	60	G	G	Synonymous	0.00	Neutral	599	30	0.338	Tolerated	2.87	348		ENSG00000146904	EPHA1_HUMAN	GO:0001954, GO:0006468, GO:0006469, GO:0007155, GO:0007166, GO:0007169, GO:0008284, GO:0018108, GO:0030335, GO:0030336, GO:0032314, GO:0032862, GO:0034446, GO:0045766, GO:0046777, GO:0051496, GO:0005886, GO:0005887, GO:0016020, GO:0000166, GO:0004672, GO:0004713, GO:0004872, GO:0005003, GO:0005005, GO:0005515, GO:0005524, GO:0019901
39	8, 3265568, C, T	ENSP00000320445	3426	-1	AAG [G/A]AT GAT	505	D	N	Single AA Change	-4.33	Deleterious	148	30	0.059	Tolerated	2.92	123		ENSG00000183117	CSMD1_HUMAN	GO:0016020, GO:0016021
39	8, 3265568, C, T	ENSP00000334828	2967	-1	AAG [G/A]AT GAT	123	D	N	Single AA Change	-4.17	Deleterious	148	30	0.048	Damaging	2.95	119		ENSG00000183117		
39	8, 3265568, C, T	ENSP00000383047	3388	-1	AAG [G/A]AT GAT	643	D	N	Single AA Change	-4.33	Deleterious	148	30	0.031	Damaging	2.97	120		ENSG00000183117		
39	8, 3265568, C, T	ENSP00000430733	3565	-1	AAG [G/A]AT GAT	643	D	N	Single AA Change	-4.42	Deleterious	147	30	0.058	Tolerated	2.92	121		ENSG00000183117		
39	8, 3265568, C, T	ENSP00000441462	3564	-1	AAG [G/A]AT GAT	642	D	N	Single AA Change	-4.42	Deleterious	147	30	0.058	Tolerated	2.92	121		ENSG00000183117		
39	8, 3265568, C, T	ENSP00000441675	2109	-1	AAG [G/A]AT GAT	642	D	N	Single AA Change	-4.42	Deleterious	148	30	0.064	Tolerated	2.88	114		ENSG00000183117		
39	8, 3265568, C, T	ENSP00000446243	3387	-1	AAG [G/A]AT GAT	642	D	N	Single AA Change	-4.33	Deleterious	148	30	0.034	Damaging	3.04	120		ENSG00000183117		
40	8, 55537796, C, T	ENSP00000220676	2156	1	ACA [C/T]CT GGA	452	P	S	Single AA Change	-3.26	Deleterious	69	30	0.000	Damaging	3.09	32		ENSG00000104237	RP1_HUMAN	GO:0007601, GO:0007603, GO:0030030, GO:0035082, GO:0035556, GO:0035845, GO:0042461, GO:0045494, GO:0046548, GO:0046549, GO:0050896, GO:0060042, GO:0071482, GO:0060041, GO:0001750, GO:0001917, GO:0005625, GO:0005737, GO:0005856, GO:0005874, GO:0005875, GO:0005929, GO:0032391, GO:0035085, GO:0008017
41	8, 101052211, G, A	ENSP00000354109	1264	-1	AAA TT[C/T] TGC	681	F	F	Synonymous	0.00	Neutral	60	30	1.000	Tolerated	2.93	36		ENSG00000132554	RGS22_HUMAN	GO:0009968, GO:0043547, GO:0038032, GO:0005737, GO:0005886, GO:0004871, GO:0005096
41	8, 101052211, G, A	ENSP00000389751	1251	-1	AAA TT[C/T] TGC	669	F	F	Synonymous	0.00	Neutral	60	30	1.000	Tolerated	2.94	42		ENSG00000132554		GO:0038032, GO:0004871
41	8, 101052211, G, A	ENSP00000428212	1252	-1	AAA TT[C/T] TGC	669	F	F	Synonymous	0.00	Neutral	60	30	1.000	Tolerated	2.92	35		ENSG00000132554		GO:0038032, GO:0004871
41	8, 101052211, G, A	ENSP00000429382	1083	-1	AAA TT[C/T] TGC	500	F	F	Synonymous	0.00	Neutral	60	30	1.000	Tolerated	2.91	34		ENSG00000132554		GO:0038032, GO:0004871
42	8, 105367186, T, C	ENSP00000297581	470	1	AAA [T/C]TC CTT	371	F	L	Single AA Change	1.03	Neutral	130	30	1.000	Tolerated	2.88	37		ENSG00000164935	TM7S4_HUMAN	GO:0030316, GO:0005886, GO:0009986, GO:0016021
43	8, 120795717, G, A	ENSP00000367406	1199	-1	AAA TT[C/T] CCT	672	F	F	Synonymous	0.00	Neutral	108	30	1.000	Tolerated	2.85	86		ENSG00000064313	TAF2_HUMAN	GO:0000086, GO:0006355, GO:0006367, GO:0014070, GO:0045944, GO:0005634, GO:0005669, GO:0033276, GO:0005515, GO:0008237, GO:0008270, GO:0044212
44	9, 113233684, G, A	ENSP00000304118	1549	-1	TCC CC[C/T] TTC	986	P	P	Synonymous	0.00	Neutral	73	30	0.143	Tolerated	3.14	36		ENSG00000165124		GO:0005737, GO:0005509, GO:0005515
44	9, 113233684, G, A	ENSP00000363593	3548	-1	TCC CC[C/T] TTC	963	P	P	Synonymous	0.00	Neutral	70	30	0.287	Tolerated	3.11	36		ENSG00000165124		GO:0005509, GO:0005515
44	9, 113233684, G, A	ENSP00000384917	3571	-1	TCC CC[C/T] TTC	986	P	P	Synonymous	0.00	Neutral	70	30	0.288	Tolerated	3.10	36		ENSG00000165124		GO:0007155, GO:0005576, GO:0005737, GO:0016020, GO:0005509, GO:0005515, GO:0003682
45	9, 127912080, G, A	ENSP00000362647	158	-1	TAT [C/T]GT TGT	117	R	C	Single AA Change	-7.82	Deleterious	367	30	0.000	Damaging	3.06	380		ENSG00000119414		GO:0006470, GO:0004722, GO:0016787
45	9, 127912080, G, A	ENSP00000362648	305	-1	TAT [C/T]GT TGT	264	R	C	Single AA Change	-7.62	Deleterious	352	30	0.000	Damaging	3.13	383		ENSG00000119414	PPP6_HUMAN	GO:0000082, GO:0006470, GO:0007049, GO:0005737, GO:0005829, GO:0004722, GO:0005515, GO:0016787, GO:0046872
45	9, 127912080, G, A	ENSP00000392147	342	-1	TAT [C/T]GT TGT	301	R	C	Single AA Change	-7.35	Deleterious	326	30	0.000	Damaging	3.22	395		ENSG00000119414		GO:0006470, GO:0004722, GO:0016787
45	9, 127912080, G, A	ENSP00000411744	283	-1	TAT [C/T]GT TGT	242	R	C	Single AA Change	-7.63	Deleterious	353	30	0.000	Damaging	3.19	381		ENSG00000119414		GO:0006470, GO:0004722, GO:0016787
46	9, 130496714, C, T	ENSP00000338317	242	-1	GGC T[G/A]G ACC	94	W	*	Nonsense	NA	NA	140	30	NA	NA	NA	NA		ENSG00000160404	TOR2X_HUMAN	GO:0051085, GO:0005576, GO:0000166, GO:0005179, GO:0005524
46	9, 130496714, C, T	ENSP00000362378	253	-1	GGC T[G/A]G ACC	94	W	*	Nonsense	NA	NA	139	30	NA	NA	NA	NA		ENSG00000160404		GO:0051085, GO:0005524
46	9, 130496714, C, T	ENSP00000362381	321	-1	GGC T[G/A]G ACC	94	W	*	Nonsense	NA	NA	143	30	NA	NA	NA	NA		ENSG00000160404	TOR2A_HUMAN	GO:0051085, GO:0005576, GO:0005783, GO:0000166, GO:0005524, GO:0017111
47	9, 132481653, G, A	ENSP00000361547	253	1	CGC [G/A]AG GAG	135	E	K	Single AA Change	-3.47	Deleterious	111	30	0.000	Damaging	2.80	210		ENSG00000167157	PRRX2_HUMAN	GO:0002053, GO:0006355, GO:0007275, GO:0030326, GO:0042472, GO:0042474, GO:0045880, GO:0048701, GO:0048844, GO:0051216, GO:0048704, GO:0000228, GO:0005634, GO:0003677, GO:0003700, GO:0043565, GO:0071837
47	9, 132481653, G, A	ENSP00000450512	166	1	CGC [G/A]AG GAG	50	E	K	Single AA Change	-3.47	Deleterious	113	30	0.000	Damaging	2.83	116		ENSG00000167157		GO:0006355, GO:0007275, GO:0005634, GO:0003677, GO:0003700, GO:0043565
48	10, 3207495, G, A	ENSP00000224949	1037	-1	AAT [C/T]CG AGC	189	P	S	Single AA Change	-3.30	Deleterious	107	30	0.060	Tolerated	2.85	80		ENSG00000107959	PREP_HUMAN	GO:0006508, GO:0043085, GO:0005634, GO:0005737, GO:0005739, GO:0005759, GO:0004222, GO:0008047, GO:0008233, GO:0008237, GO:0008270, GO:0046872
48	10, 3207495, G, A	ENSP00000370367	1030	-1	AAT [C/T]CG AGC	182	P	S	Single AA Change	-3.30	Deleterious	107	30	0.060	Tolerated	2.85	83		ENSG00000107959		GO:0006508, GO:0005634, GO:0005737, GO:0005739, GO:0003824, GO:0004222, GO:0008237, GO:0008270, GO:0046872
48	10, 3207495, G, A	ENSP00000370377	1038	-1	AAT [C/T]CG AGC	189	P	S	Single AA Change	-3.30	Deleterious	107	30	0.060	Tolerated	2.82	81		ENSG00000107959		GO:0006508, GO:0005634, GO:0005737, GO:0005739, GO:0003824, GO:0004222, GO:0008237, GO:0008270, GO:0046872
48	10, 3207495, G, A	ENSP00000401201	939	-1	AAT [C/T]CG AGC	157	P	S	Single AA Change	-2.66	Deleterious	110	30	0.062	Tolerated	2.88	72		ENSG00000107959		GO:0006508, GO:0005634, GO:0005737, GO:0005739, GO:0003824, GO:0004222, GO:0008237, GO:0008270, GO:0046872
49	10, 37507929, G, A	ENSP00000354432	1341	1	AAT [G/A]AA AAT	1041	E	K	Single AA Change	-2.42	Neutral	75	30	0.015	Damaging	2.88	147		ENSG00000148513	AN30A_HUMAN	GO:0006355, GO:0005634, GO:0003677, GO:0003700, GO:0005515
49	10, 37507929, G, A	ENSP00000363792	1460	1	AAT [G/A]AA AAT	1160	E	K	Single AA Change	-2.35	Neutral	74	30	0.017	Damaging	3.24	148		ENSG00000148513		GO:0005515
50	10, 49448473, C, T	ENSP00000307079	1284	-1	CTC AG[G/A] AAG	186	R	R	Synonymous	0.00	Neutral	102	30	1.000	Tolerated	2.92	86		ENSG00000170324		GO:0005856, GO:0005488, GO:0005515
50	10, 49448473, C, T	ENSP00000363317	1309	-1	CTC AG[G/A] AAG	210	R	R	Synonymous	0.00	Neutral	101	30	1.000	Tolerated	2.96	88		ENSG00000170324	FRPD2_HUMAN	GO:0070830, GO:0005737, GO:0005856, GO:0005886, GO:0005923, GO:0016323, GO:0030054, GO:0005515, GO:0005545
50	10, 49448473, C, T	ENSP00000384339	1277	-1	CTC AG[G/A] AAG	179	R	R	Synonymous	0.00	Neutral	102	30	1.000	Tolerated	2.92	86		ENSG00000170324		GO:0005856, GO:0005488, GO:0005515
51	11, 5565853, C, T	ENSP00000326259	320	-1	TAC [G/A]GA GTG	301	G	R	Single AA Change	-6.96	Deleterious	541	30	0.005	Damaging	3.03	393		ENSG00000181616	O52H1_HUMAN	GO:0007186, GO:0050896, GO:0005886, GO:0016021, GO:0004871, GO:0004872, GO:0004930, GO:0004984
52	11, 22382469, G, A	ENSP00000263160	582	1	CAT GG[G/A] ATA	200	G	G	Synonymous	0.00	Neutral	164	30	1.000	Tolerated	2.91	166		ENSG00000091664	VGLU2_HUMAN	GO:0006811, GO:0006814, GO:0006836, GO:0055085, GO:0015813, GO:0001504, GO:0005769, GO:0016020, GO:0016021, GO:0019717, GO:0030054, GO:0030672, GO:0031410, GO:0045202, GO:0008021, GO:0005313, GO:0015293
52	11, 22382469, G, A	ENSP00000440766	470	1	CAT GG[G/A] ATA	88	G	G	Synonymous	0.00	Neutral	166	30	1.000	Tolerated	2.85	173		ENSG00000091664		GO:0055085, GO:0016021
53	11, 33108579, G, C	ENSP00000315791	717	-1	AAA [C/G]CA GAC	584	P	A	Single AA Change	-7.33	Deleterious	111	30	0.000	Damaging	2.76	73		ENSG00000176102	CSTF3_HUMAN	GO:0000398, GO:0006366, GO:0006369, GO:0006378, GO:0006379, GO:0006396, GO:0006397, GO:0008380, GO:0010467, GO:0031124, GO:0005622, GO:0005634, GO:0005654, GO:0003723, GO:0005488
53	11, 33108579, G, C	ENSP00000439860	650	-1	AAA [C/G]CA GAC	517	P	A	Single AA Change	-6.64	Deleterious	113	30	0.000	Damaging	2.85	83		ENSG00000176102		GO:0006396, GO:0006397, GO:0005622, GO:0005634
54	11, 86518873, C, T	ENSP00000280258	383	1	TCT T[C/T]T TCA	63	S	F	Single AA Change	-2.20	Neutral	107	30	0.029	Damaging	2.91	78		ENSG00000150687	PRS23_HUMAN	GO:0006508, GO:0005576, GO:0005634, GO:0004252, GO:0008233
54	11, 86518873, C, T	ENSP00000435951	154	1	TCT T[C/T]T TCA	63	S	F	Single AA Change	-3.05	Deleterious	96	23	0.005	Damaging	2.81	65		ENSG00000150687		
55	11, 93097431, G, A	ENSP00000298050	604	1	TTT [G/A]AA CTG	135	E	K	Single AA Change	-2.16	Neutral	130	30	0.006	Damaging	2.83	81		ENSG00000165325	CCD67_HUMAN	
55	11, 93097431, G, A	ENSP00000431946	348	1	TTT [G/A]AA CTG	135	E	K	Single AA Change	-2.46	Neutral	130	30	0.008	Damaging	2.82	84		ENSG00000165325		
55	11, 93097431, G, A	ENSP00000432111	604	1	TTT [G/A]AA CTG	135	E	K	Single AA Change	-2.16	Neutral	130	30	0.006	Damaging	2.83	81		ENSG00000165325		
55	11, 93097431, G, A	ENSP00000433537	348	1	TTT [G/A]AA CTG	135	E	K	Single AA Change	-2.46	Neutral	130	30	0.008	Damaging	2.82	84		ENSG00000165325		
55	11, 93097431, G, A	ENSP00000434635	329	1	TTT [G/A]AA CTG	135	E	K	Single AA Change	-2.56	Deleterious	130	30	0.007	Damaging	2.84	84		ENSG00000165325		
55	11, 93097431, G, A	ENSP00000435527	502	1	TTT [G/A]AA CTG	135	E	K	Single AA Change	-2.33	Neutral	130	30	0.008	Damaging	2.90	83		ENSG00000165325		
56	11, 111941324, G, A	ENSP00000280350	315	-1	TGT [C/T]TG ATA	217	L	L	Synonymous	0.00	Neutral	81	30	1.000	Tolerated	2.85	41		ENSG00000150773	PIHD2_HUMAN	
56	11, 111941324, G, A	ENSP00000388209	288	-1	TGT [C/T]TG ATA	217	L	L	Synonymous	0.00	Neutral	83	30	1.000	Tolerated	2.85	42		ENSG00000150773		
56	11, 111941324, G, A	ENSP00000431147	273	-1	TGT [C/T]TG ATA	217	L	L	Synonymous	0.00	Neutral	83	30	1.000	Tolerated	2.82	41		ENSG00000150773		
56	11, 111941324, G, A	ENSP00000431336	252	-1	TGT [C/T]TG ATA	173	L	L	Synonymous	0.00	Neutral	82	30	1.000	Tolerated	2.81	40		ENSG00000150773		
56	11, 111941324, G, A	ENSP00000431841	315	-1	TGT [C/T]TG ATA	217	L	L	Synonymous	0.00	Neutral	81	30	1.000	Tolerated	2.85	41		ENSG00000150773		
56	11, 111941324, G, A	ENSP00000434275	288	-1	TGT [C/T]TG ATA	217	L	L	Synonymous	0.00	Neutral	83	30	1.000	Tolerated	2.85	42		ENSG00000150773		
57	12, 25232370, C, T	ENSP00000346442	499	1	TCA T[C/T]G ACA	37	S	L	Single AA Change	-2.90	Deleterious	117	30	0.000	Damaging	3.87	38		ENSG00000118308	LRMP_HUMAN	GO:0006903, GO:0006906, GO:0005737, GO:0005783, GO:0005789, GO:0005887, GO:0016020, GO:0016021
57	12, 25232370, C, T	ENSP00000354805	348	1	TCA T[C/T]G ACA	37	S	L	Single AA Change	-2.93	Deleterious	129	30	0.000	Damaging	3.87	40		ENSG00000118308		
57	12, 25232370, C, T	ENSP00000446496	499	1	TCA T[C/T]G ACA	37	S	L	Single AA Change	-2.90	Deleterious	117	30	0.000	Damaging	3.87	38		ENSG00000118308		GO:0006903, GO:0006906, GO:0005737, GO:0005783, GO:0005789, GO:0005887, GO:0016020, GO:0016021
57	12, 25232370, C, T	ENSP00000448534	118	1	TCA T[C/T]G ACA	37	S	L	Single AA Change	-5.93	Deleterious	50	15	0.000	Damaging	3.31	33		ENSG00000118308		
57	12, 25232370, C, T	ENSP00000450246	499	1	TCA T[C/T]G ACA	37	S	L	Single AA Change	-2.90	Deleterious	117	30	0.000	Damaging	3.87	38		ENSG00000118308		GO:0006903, GO:0006906, GO:0005737, GO:0005783, GO:0005789, GO:0005887, GO:0016020, GO:0016021
57	12, 25232370, C, T	ENSP00000450634	77	1	TCA T[C/T]G ACA	37	S	L	Single AA Change	-5.92	Deleterious	46	12	0.000	Damaging	3.48	32		ENSG00000118308		
57	12, 25232370, C, T	ENSP00000451159	62	1	TCA T[C/T]G ACA	37	S	L	Single AA Change	-6.00	Deleterious	23	6	0.000	Damaging	3.68	12		ENSG00000118308		
57	12, 25232370, C, T	ENSP00000452116	120	1	TCA T[C/T]G ACA	37	S	L	Single AA Change	-5.93	Deleterious	50	15	0.000	Damaging	3.33	33		ENSG00000118308		
58	12, 46211639, T, A	ENSP00000335044	1835	1	ACT T[T/A]A CTA	202	L	*	Nonsense	NA	NA	100	30	NA	NA	NA	NA		ENSG00000189079	ARID2_HUMAN	GO:0006337, GO:0006355, GO:0016568, GO:0005622, GO:0005634, GO:0003677, GO:0005515, GO:0008270, GO:0046872
58	12, 46211639, T, A	ENSP00000415650	1639	1	ACT T[T/A]A CTA	53	L	*	Nonsense	NA	NA	97	30	NA	NA	NA	NA		ENSG00000189079		GO:0006355, GO:0005622, GO:0003677, GO:0008270
59	12, 105515907, C, A	ENSP00000328062	1173	1	AAA T[C/A]T GTC	226	S	Y	Single AA Change	-3.68	Deleterious	93	30	0.150	Tolerated	2.93	51		ENSG00000136051	WASH7_HUMAN	GO:0016197, GO:0071203
60	12, 129189920, G, A	ENSP00000324458	724	1	AAC [G/A]AT GCT	419	D	N	Single AA Change	-2.74	Deleterious	153	30	0.079	Tolerated	2.88	123		ENSG00000181234		
60	12, 129189920, G, A	ENSP00000410852	1108	1	AAC [G/A]AT GCT	803	D	N	Single AA Change	-3.05	Deleterious	140	30	0.064	Tolerated	2.89	119		ENSG00000181234	T132C_HUMAN	GO:0008150, GO:0005575, GO:0016020, GO:0016021, GO:0003674
60	12, 129189920, G, A	ENSP00000438477	493	1	AAC [G/A]AT GCT	188	D	N	Single AA Change	-2.74	Deleterious	127	30	0.083	Tolerated	2.94	101		ENSG00000181234		
61	13, 61987470, A, G	ENSP00000386653	951	-1	CAT GG[T/C] ATG	254	G	G	Synonymous	0.00	Neutral	392	30	1.000	Tolerated	2.81	260		ENSG00000197991	PCD20_HUMAN	GO:0007155, GO:0007156, GO:0005886, GO:0016020, GO:0016021, GO:0005509
61	13, 61987470, A, G	ENSP00000387250	951	-1	CAT GG[T/C] ATG	254	G	G	Synonymous	0.00	Neutral	392	30	1.000	Tolerated	2.81	260		ENSG00000197991	PCD20_HUMAN	GO:0007155, GO:0007156, GO:0005886, GO:0016020, GO:0016021, GO:0005509
62	14, 31782355, T, C	ENSP00000374611	2040	-1	AGA CA[A/G] CCT	1414	Q	Q	Synonymous	0.00	Neutral	152	30	0.820	Tolerated	2.94	125		ENSG00000129493	HTR5A_HUMAN	GO:0005488
62	14, 31782355, T, C	ENSP00000405407	1965	-1	AGA CA[A/G] CCT	1414	Q	Q	Synonymous	0.00	Neutral	155	30	0.779	Tolerated	2.91	125		ENSG00000129493		
62	14, 31782355, T, C	ENSP00000408681	1753	-1	AGA CA[A/G] CCT	1127	Q	Q	Synonymous	0.00	Neutral	157	30	0.841	Tolerated	2.92	125		ENSG00000129493		GO:0005488
62	14, 31782355, T, C	ENSP00000437968	2046	-1	AGA CA[A/G] CCT	1420	Q	Q	Synonymous	0.00	Neutral	152	30	0.828	Tolerated	2.94	125		ENSG00000129493		GO:0005488
62	14, 31782355, T, C	ENSP00000439979	1599	-1	AGA CA[A/G] CCT	1048	Q	Q	Synonymous	0.00	Neutral	157	30	0.765	Tolerated	2.93	123		ENSG00000129493		
63	15, 40099768, C, T	record not found																			
64	15, 70344723, G, A	ENSP00000319233	760	-1	AAG TT[C/T] GCC	696	F	F	Synonymous	0.00	Neutral	397	30	1.000	Tolerated	3.32	367		ENSG00000140332	TLE3_HUMAN	GO:0006355, GO:0007165, GO:0009887, GO:0016055, GO:0005634, GO:0005515
64	15, 70344723, G, A	ENSP00000390007	764	-1	AAG TT[C/T] GCC	700	F	F	Synonymous	0.00	Neutral	393	30	1.000	Tolerated	3.36	381		ENSG00000140332		GO:0006355, GO:0005634, GO:0005515
64	15, 70344723, G, A	ENSP00000394717	769	-1	AAG TT[C/T] GCC	705	F	F	Synonymous	0.00	Neutral	392	30	1.000	Tolerated	3.34	373		ENSG00000140332		GO:0006355, GO:0005634, GO:0005515
64	15, 70344723, G, A	ENSP00000415057	762	-1	AAG TT[C/T] GCC	698	F	F	Synonymous	0.00	Neutral	393	30	1.000	Tolerated	3.32	373		ENSG00000140332		GO:0006355, GO:0005634, GO:0005515
64	15, 70344723, G, A	ENSP00000442594	699	-1	AAG TT[C/T] GCC	635	F	F	Synonymous	0.00	Neutral	394	30	1.000	Tolerated	3.28	385		ENSG00000140332		GO:0006355, GO:0005634, GO:0005515
64	15, 70344723, G, A	ENSP00000452871	772	-1	AAG TT[C/T] GCC	708	F	F	Synonymous	0.00	Neutral	392	30	1.000	Tolerated	3.38	383		ENSG00000140332		GO:0006355, GO:0007165, GO:0009887, GO:0016055, GO:0005634, GO:0005515
64	15, 70344723, G, A	ENSP00000452881	778	-1	AAG TT[C/T] GCC	714	F	F	Synonymous	0.00	Neutral	393	30	1.000	Tolerated	3.32	384		ENSG00000140332		GO:0005515
64	15, 70344723, G, A	ENSP00000452933	774	-1	AAG TT[C/T] GCC	710	F	F	Synonymous	0.00	Neutral	393	30	1.000	Tolerated	3.28	374		ENSG00000140332		GO:0006355, GO:0005634, GO:0005515
64	15, 70344723, G, A	ENSP00000453081	782	-1	AAG TT[C/T] GCC	718	F	F	Synonymous	0.00	Neutral	394	30	1.000	Tolerated	3.35	389		ENSG00000140332		GO:0005515
64	15, 70344723, G, A	ENSP00000453083	764	-1	AAG TT[C/T] GCC	700	F	F	Synonymous	0.00	Neutral	393	30	1.000	Tolerated	3.37	367		ENSG00000140332		GO:0005515
64	15, 70344723, G, A	ENSP00000453107	764	-1	AAG TT[C/T] GCC	700	F	F	Synonymous	0.00	Neutral	393	30	1.000	Tolerated	3.37	367		ENSG00000140332		GO:0005515
64	15, 70344723, G, A	ENSP00000453435	767	-1	AAG TT[C/T] GCC	703	F	F	Synonymous	0.00	Neutral	392	30	1.000	Tolerated	3.34	379		ENSG00000140332		GO:0005515
64	15, 70344723, G, A	ENSP00000453760	772	-1	AAG TT[C/T] GCC	708	F	F	Synonymous	0.00	Neutral	393	30	1.000	Tolerated	3.31	379		ENSG00000140332		GO:0005515
64	15, 70344723, G, A	ENSP00000454029	353	-1	AAG TT[C/T] GCC	289	F	F	Synonymous	0.00	Neutral	368	30	1.000	Tolerated	3.87	324		ENSG00000140332		GO:0005515
64	15, 70344723, G, A	ENSP00000454141	716	-1	AAG TT[C/T] GCC	652	F	F	Synonymous	0.00	Neutral	393	30	1.000	Tolerated	3.26	382		ENSG00000140332		GO:0005515
65	15, 73564877, C, T	ENSP00000261908	1461	1	CCT C[C/T]C TCC	980	P	L	Single AA Change	-9.07	Deleterious	135	30	0.000	Damaging	2.86	123		ENSG00000067141	NEO1_HUMAN	GO:0007155, GO:0007411, GO:0042692, GO:0051149, GO:0005886, GO:0005887, GO:0016021, GO:0005515
65	15, 73564877, C, T	ENSP00000341198	1461	1	CCT C[C/T]C TCC	980	P	L	Single AA Change	-9.07	Deleterious	135	30	0.000	Damaging	2.86	123		ENSG00000067141		GO:0007155, GO:0007411, GO:0042692, GO:0051149, GO:0005886, GO:0005887, GO:0016021, GO:0005515
65	15, 73564877, C, T	ENSP00000369171	1172	1	CCT C[C/T]C TCC	702	P	L	Single AA Change	-9.07	Deleterious	141	30	0.000	Damaging	2.85	116		ENSG00000067141		GO:0016021, GO:0005515
65	15, 73564877, C, T	ENSP00000453200	1450	1	CCT C[C/T]C TCC	980	P	L	Single AA Change	-9.07	Deleterious	135	30	0.000	Damaging	2.85	121		ENSG00000067141		GO:0016021, GO:0005515
65	15, 73564877, C, T	ENSP00000453317	1408	1	CCT C[C/T]C TCC	980	P	L	Single AA Change	-9.07	Deleterious	135	30	0.000	Damaging	2.88	105		ENSG00000067141		GO:0007520, GO:0006355, GO:0016021, GO:0005515, GO:0004872, GO:0045296
65	15, 73564877, C, T	ENSP00000454024	1130	1	CCT C[C/T]C TCC	660	P	L	Single AA Change	-9.24	Deleterious	144	30	0.000	Damaging	2.86	117		ENSG00000067141		GO:0016021, GO:0005515
66	15, 83518572, G, A	ENSP00000305632	354	-1	CAG CG[C/T] CAC	320	R	R	Synonymous	0.00	Neutral	197	30	0.552	Tolerated	2.86	140		ENSG00000103942	HOME2_HUMAN	GO:0007216, GO:0005737, GO:0005886, GO:0014069, GO:0030054, GO:0030425, GO:0043025, GO:0045202, GO:0045211, GO:0003779, GO:0005515, GO:0019904, GO:0030160, GO:0035256, GO:0042803, GO:0046982
66	15, 83518572, G, A	ENSP00000382119	288	-1	CAG CG[C/T] CAC	254	R	R	Synonymous	0.00	Neutral	191	30	0.553	Tolerated	2.97	130		ENSG00000103942		GO:0005515
66	15, 83518572, G, A	ENSP00000394293	299	-1	CAG CG[C/T] CAC	265	R	R	Synonymous	0.00	Neutral	191	30	0.549	Tolerated	2.94	128		ENSG00000103942		GO:0005737, GO:0005886, GO:0005515
66	15, 83518572, G, A	ENSP00000407634	343	-1	CAG CG[C/T] CAC	309	R	R	Synonymous	0.00	Neutral	191	30	0.567	Tolerated	2.87	140		ENSG00000103942		GO:0005515
67	15, 86807989, G, A	ENSP00000373949	793	1	AAG AT[G/A] ATG	214	M	I	Single AA Change	-1.52	Neutral	113	30	0.150	Tolerated	2.90	103		ENSG00000166748	CBPC4_HUMAN	GO:0006508, GO:0035609, GO:0035610, GO:0005737, GO:0005829, GO:0004181, GO:0005488, GO:0008233, GO:0008237, GO:0008270, GO:0015631, GO:0046872
67	15, 86807989, G, A	ENSP00000397173	1062	1	AAG AT[G/A] ATG	483	M	I	Single AA Change	-1.51	Neutral	114	30	0.081	Tolerated	2.86	95		ENSG00000166748	CBPC4_HUMAN	GO:0006508, GO:0035609, GO:0035610, GO:0005737, GO:0005829, GO:0004181, GO:0005488, GO:0008233, GO:0008237, GO:0008270, GO:0015631, GO:0046872
67	15, 86807989, G, A	ENSP00000413001	1066	1	AAG AT[G/A] ATG	483	M	I	Single AA Change	-1.51	Neutral	114	30	0.082	Tolerated	2.85	96		ENSG00000166748		GO:0006508, GO:0035609, GO:0035610, GO:0005737, GO:0005829, GO:0004181, GO:0005488, GO:0008233, GO:0008237, GO:0008270, GO:0015631, GO:0046872, GO:0005515
68	16, 24372924, C, T	ENSP00000005284	315	1	TAT [C/T]GA TTC	230	R	*	Nonsense	NA	NA	136	30	NA	NA	NA	NA		ENSG00000006116	CCG3_HUMAN	GO:0006811, GO:0006816, GO:0007268, GO:0051925, GO:2000311, GO:0005886, GO:0005891, GO:0016020, GO:0016021, GO:0030666, GO:0032281, GO:0005244, GO:0005245
69	16, 88500339, C, T	ENSP00000402343	3925	1	TCT C[C/T]G TCC	2126	P	L	Single AA Change	-0.96	Neutral	77	30	0.010	Damaging	3.34	9		ENSG00000225614	ZN469_HUMAN	GO:0006355, GO:0005622, GO:0005634, GO:0003677, GO:0008270, GO:0046872
69	16, 88500339, C, T	ENSP00000456500	3953	1	TCT C[C/T]G TCC	2154	P	L	Single AA Change	-0.96	Neutral	77	30	0.009	Damaging	3.36	10		ENSG00000225614		GO:0005622, GO:0008270
70	17, 19317435, G, A	ENSP00000454919	631	1	AAG [G/A]AT ACA	285	D	N	Single AA Change	-2.25	Neutral	150	30	0.032	Damaging	2.79	240		ENSG00000128482	RN112_HUMAN	GO:0005737, GO:0005634, GO:0003924, GO:0005515, GO:0005525, GO:0008270, GO:0046872
70	17, 19317435, G, A	ENSP00000457295	314	1	AAG [G/A]AT ACA	168	D	N	Single AA Change	-2.17	Neutral	158	30	0.016	Damaging	2.83	265		ENSG00000128482		GO:0003924, GO:0005515, GO:0005525, GO:0008270
71	18, 43224041, C, T	ENSP00000255226	920	1	CTC [C/T]CA CTC	423	P	S	Single AA Change	-1.15	Neutral	137	30	0.002	Damaging	2.83	137		ENSG00000132874	UT2_HUMAN	GO:0009414, GO:0015840, GO:0055085, GO:0071918, GO:0005624, GO:0005886, GO:0016021, GO:0016324, GO:0005515, GO:0015204
72	19, 1081917, C, T	ENSP00000316772	1136	1	GCC T[C/T]G CCC	825	S	L	Single AA Change	-3.41	Deleterious	119	30	0.119	Tolerated	2.79	113		ENSG00000180448	HMHA1_HUMAN	GO:0007165, GO:0007264, GO:0035556, GO:0051056, GO:0005622, GO:0005829, GO:0005096, GO:0046872
72	19, 1081917, C, T	ENSP00000411716	1130	1	GCC T[C/T]G CCC	819	S	L	Single AA Change	-3.41	Deleterious	119	30	0.127	Tolerated	2.81	108		ENSG00000180448		GO:0007165, GO:0035556, GO:0005622
72	19, 1081917, C, T	ENSP00000438979	1019	1	GCC T[C/T]G CCC	708	S	L	Single AA Change	-3.55	Deleterious	119	30	0.127	Tolerated	2.81	101		ENSG00000180448		GO:0007165, GO:0035556, GO:0005622, GO:0046872
72	19, 1081917, C, T	ENSP00000439601	1152	1	GCC T[C/T]G CCC	841	S	L	Single AA Change	-3.41	Deleterious	119	30	0.080	Tolerated	2.81	138		ENSG00000180448		GO:0007165, GO:0035556, GO:0005622, GO:0046872
72	19, 1081917, C, T	ENSP00000445109	1004	1	GCC T[C/T]G CCC	693	S	L	Single AA Change	-3.68	Deleterious	119	30	0.046	Damaging	2.84	102		ENSG00000180448		GO:0007165, GO:0035556, GO:0005622, GO:0046872
72	19, 1081917, C, T	ENSP00000446053	948	1	GCC T[C/T]G CCC	825	S	L	Single AA Change	-3.48	Deleterious	119	30	0.228	Tolerated	2.80	97		ENSG00000180448		GO:0007165, GO:0035556, GO:0005622, GO:0046872
73	19, 8976767, T, C	ENSP00000370334	1224	-1	TTC A[A/G]C TCC	918	N	S	Single AA Change	-2.30	Neutral	44	30	0.182	Tolerated	2.84	43		ENSG00000181143		
73	19, 8976767, T, C	ENSP00000370338	1148	-1	TTC A[A/G]C TCC	741	N	S	Single AA Change	-2.80	Deleterious	44	30	0.174	Tolerated	2.83	40		ENSG00000181143		
73	19, 8976767, T, C	ENSP00000381008	14507	-1	TTC A[A/G]C TCC	14100	N	S	Single AA Change	-2.48	Neutral	20	12	0.164	Tolerated	4.13	42		ENSG00000181143		
73	19, 8976767, T, C	ENSP00000444391	1330	-1	TTC A[A/G]C TCC	923	N	S	Single AA Change	-2.50	Deleterious	44	30	0.231	Tolerated	2.81	37		ENSG00000181143		
74	19, 9045827, G, A	ENSP00000381008	14507	-1	TTT T[C/T]C AGG	11935	S	F	Single AA Change	-3.42	Deleterious	20	12	0.006	Damaging	4.32	14		ENSG00000181143		
75	19, 13993648, G, A	ENSP00000254336	637	-1	AAT AT[C/T] CCT	627	I	I	Synonymous	0.00	Neutral	38	14	0.355	Tolerated	3.24	21		ENSG00000132016		
75	19, 13993648, G, A	ENSP00000404382	668	-1	AAT AT[C/T] CCT	658	I	I	Synonymous	0.00	Neutral	38	14	0.441	Tolerated	3.27	23		ENSG00000132016	CS057_HUMAN	GO:0007275, GO:0005575, GO:0003674, GO:0005515
76	19, 30502117, C, T	ENSP00000312530	495	1	CCG AC[C/T] ATC	344	T	T	Synonymous	0.00	Neutral	81	30	1.000	Tolerated	3.57	57		ENSG00000105176		GO:0006457, GO:0016272, GO:0051082
76	19, 30502117, C, T	ENSP00000353817	491	1	CCG AC[C/T] ATC	382	T	T	Synonymous	0.00	Neutral	81	30	1.000	Tolerated	3.58	56		ENSG00000105176		GO:0006457, GO:0016272, GO:0051082
76	19, 30502117, C, T	ENSP00000376097	459	1	CCG AC[C/T] ATC	308	T	T	Synonymous	0.00	Neutral	81	30	1.000	Tolerated	3.55	55		ENSG00000105176	RMP_HUMAN	GO:0000122, GO:0006357, GO:0006457, GO:0009615, GO:0010923, GO:0042981, GO:0071363, GO:0005634, GO:0005665, GO:0005737, GO:0016272, GO:0001106, GO:0003714, GO:0005515, GO:0051082
76	19, 30502117, C, T	ENSP00000442436	535	1	CCG AC[C/T] ATC	384	T	T	Synonymous	0.00	Neutral	81	30	1.000	Tolerated	3.56	55		ENSG00000105176		GO:0000122, GO:0006357, GO:0006457, GO:0009615, GO:0010923, GO:0042981, GO:0071363, GO:0005634, GO:0005665, GO:0005737, GO:0016272, GO:0001106, GO:0003714, GO:0005515, GO:0051082
77	19, 39990044, C, A	ENSP00000205143	618	1	CAG CC[C/A] GGA	94	P	P	Synonymous	0.00	Neutral	127	30	1.000	Tolerated	2.94	60		ENSG00000090932	DLL3_HUMAN	GO:0001501, GO:0001756, GO:0007219, GO:0007275, GO:0007386, GO:0007417, GO:0009888, GO:0030154, GO:0045746, GO:0048339, GO:0048712, GO:0050768, GO:0050769, GO:0016020, GO:0016021, GO:0005112, GO:0005509, GO:0005515
77	19, 39990044, C, A	ENSP00000348810	587	1	CAG CC[C/A] GGA	94	P	P	Synonymous	0.00	Neutral	127	30	1.000	Tolerated	2.92	60		ENSG00000090932		GO:0007219, GO:0007275, GO:0016021, GO:0005509, GO:0005515
78	19, 45017003, C, T	record not found																			
79	19, 49348651, G, A	ENSP00000263265	779	-1	CAC CT[C/T] CCT	573	L	L	Synonymous	0.00	Neutral	154	30	0.628	Tolerated	3.51	48		ENSG00000105559	PKHA4_HUMAN	GO:0008150, GO:0005575, GO:0005737, GO:0016020, GO:0005515, GO:0005545, GO:0008289
79	19, 49348651, G, A	ENSP00000347683	583	-1	CAC CT[C/T] CCT	548	L	L	Synonymous	0.00	Neutral	146	30	1.000	Tolerated	4.32	29		ENSG00000105559		GO:0005515
80	19, 56477719, C, T	ENSP00000291971	1048	1	AGA T[C/T]C CCC	785	S	F	Single AA Change	-0.89	Neutral	147	30	0.628	Tolerated	2.84	42		ENSG00000179709	NALP8_HUMAN	GO:0005737, GO:0000166, GO:0005524
81	22, 28195148, G, A	ENSP00000304956	1320	-1	TTT [C/T]CG GGC	462	P	S	Single AA Change	-5.00	Deleterious	34	19	0.016	Damaging	3.59	23		ENSG00000169184	MN1_HUMAN	GO:0001957, GO:0008150, GO:0005575, GO:0003674, GO:0005488
82	22, 29886233, G, A	ENSP00000311997	1020	1	AAG GA[G/A] GCT	868	E	E	Synonymous	0.00	Neutral	161	30	1.000	Tolerated	3.82	37		ENSG00000100285	NFH_HUMAN	GO:0000226, GO:0007399, GO:0008219, GO:0045110, GO:0060052, GO:0045104, GO:0005739, GO:0005883, GO:0030424, GO:0003674
82	22, 29886233, G, A	ENSP00000333119	971	1	AAG GA[G/A] GCT	819	E	E	Synonymous	0.00	Neutral	163	30	1.000	Tolerated	3.81	37		ENSG00000100285		GO:0005882
83	X, 15534284, C, T	ENSP00000308774	675	1	TTC TT[C/T] GTG	125	F	F	Synonymous	0.00	Neutral	222	30	0.302	Tolerated	2.78	154		ENSG00000102010	BMX_HUMAN	GO:0006468, GO:0006915, GO:0006921, GO:0006950, GO:0007155, GO:0007165, GO:0007498, GO:0035556, GO:0046777, GO:0005737, GO:0005829, GO:0032587, GO:0000166, GO:0004672, GO:0004713, GO:0004715, GO:0004871, GO:0005515, GO:0005524, GO:0046872
83	X, 15534284, C, T	ENSP00000340082	675	1	TTC TT[C/T] GTG	125	F	F	Synonymous	0.00	Neutral	222	30	0.302	Tolerated	2.78	154		ENSG00000102010	BMX_HUMAN	GO:0006468, GO:0006915, GO:0006921, GO:0006950, GO:0007155, GO:0007165, GO:0007498, GO:0035556, GO:0046777, GO:0005737, GO:0005829, GO:0032587, GO:0000166, GO:0004672, GO:0004713, GO:0004715, GO:0004871, GO:0005515, GO:0005524, GO:0046872
83	X, 15534284, C, T	ENSP00000350224	675	1	TTC TT[C/T] GTG	125	F	F	Synonymous	0.00	Neutral	222	30	0.302	Tolerated	2.78	154		ENSG00000102010	BMX_HUMAN	GO:0006468, GO:0006915, GO:0006921, GO:0006950, GO:0007155, GO:0007165, GO:0007498, GO:0035556, GO:0046777, GO:0005737, GO:0005829, GO:0032587, GO:0000166, GO:0004672, GO:0004713, GO:0004715, GO:0004871, GO:0005515, GO:0005524, GO:0046872
84	X, 50054190, C, T	ENSP00000276014	1395	1	GCA TT[C/T] CTC	1007	F	F	Synonymous	0.00	Neutral	50	30	0.416	Tolerated	3.17	14		ENSG00000147082	CCNB3_HUMAN	GO:0000079, GO:0007049, GO:0007126, GO:0010389, GO:0051301, GO:0005634, GO:0005515, GO:0019901
84	X, 50054190, C, T	ENSP00000365210	1395	1	GCA TT[C/T] CTC	1007	F	F	Synonymous	0.00	Neutral	50	30	0.416	Tolerated	3.17	14		ENSG00000147082	CCNB3_HUMAN	GO:0000079, GO:0007049, GO:0007126, GO:0010389, GO:0051301, GO:0005634, GO:0005515, GO:0019901
