#ROW_NO.	INPUT	PROTEIN_ID	LENGTH	STRAND	CODON_CHANGE	POS	RESIDUE_REF	RESIDUE_ALT	TYPE	SCORE	PREDICTION (cutoff=-2.5)	#SEQ	#CLUSTER	SCORE	PREDICTION (cutoff=0.05)	MEDIAN_INFO	#SEQ	dbSNP_ID	GENE_ID	UNIPROT_ID	GO_TERM_ACCESSION
1	1, 4772216, C, G	ENSP00000367432	411	1	ATG [C/G]CT CGA	96	P	A	Single AA Change	-2.12	Neutral	40	14	0.264	Tolerated	3.45	25		ENSG00000196581	AJAP1_HUMAN	GO:0007155, GO:0005886, GO:0005912, GO:0016021, GO:0016323, GO:0016324, GO:0030054
1	1, 4772216, C, G	ENSP00000367433	411	1	ATG [C/G]CT CGA	96	P	A	Single AA Change	-2.12	Neutral	40	14	0.264	Tolerated	3.45	25		ENSG00000196581	AJAP1_HUMAN	GO:0007155, GO:0005886, GO:0005912, GO:0016021, GO:0016323, GO:0016324, GO:0030054
2	1, 16535266, C, T	ENSP00000270747	802	-1	ATG C[G/A]G CCC	95	R	Q	Single AA Change	-0.35	Neutral	85	30	0.008	Damaging	3.76	26		ENSG00000142632	ARHGJ_HUMAN	GO:0032321, GO:0032956, GO:0035023, GO:0042060, GO:0005622, GO:0005085, GO:0005089, GO:0005096, GO:0005515
2	1, 16535266, C, T	ENSP00000364757	524	-1	ATG C[G/A]G CCC	95	R	Q	Single AA Change	-0.50	Neutral	90	30	0.003	Damaging	3.74	31		ENSG00000142632		GO:0035023, GO:0005622, GO:0005089
2	1, 16535266, C, T	ENSP00000396001	502	-1	ATG C[G/A]G CCC	95	R	Q	Single AA Change	-0.71	Neutral	90	30	0.003	Damaging	3.69	34		ENSG00000142632		GO:0035023, GO:0005622, GO:0005089
3	1, 32157045, G, A	ENSP00000271069	1604	-1	GGA CC[C/T] CCT	457	P	P	Synonymous	0.00	Neutral	94	30	1.000	Tolerated	2.97	58		ENSG00000084636		GO:0007155, GO:0005198
3	1, 32157045, G, A	ENSP00000362771	308	-1	GGA CC[C/T] CCT	176	P	P	Synonymous	0.00	Neutral	81	30	1.000	Tolerated	2.88	67		ENSG00000084636		
3	1, 32157045, G, A	ENSP00000362772	966	-1	GGA CC[C/T] CCT	457	P	P	Synonymous	0.00	Neutral	145	30	1.000	Tolerated	2.87	59		ENSG00000084636		GO:0007155, GO:0005198
3	1, 32157045, G, A	ENSP00000362776	1604	-1	GGA CC[C/T] CCT	457	P	P	Synonymous	0.00	Neutral	94	30	1.000	Tolerated	3.00	53		ENSG00000084636	COGA1_HUMAN	GO:0007155, GO:0007229, GO:0007565, GO:0071230, GO:0005576, GO:0005581, GO:0005597, GO:0005178, GO:0005198, GO:0005515
4	1, 44363953, G, A	ENSP00000262915	444	1	CGC CT[G/A] ACC	217	L	L	Synonymous	0.00	Neutral	287	30	1.000	Tolerated	2.78	228		ENSG00000126091		GO:0006486, GO:0030173, GO:0008373
4	1, 44363953, G, A	ENSP00000316999	413	1	CGC CT[G/A] ACC	186	L	L	Synonymous	0.00	Neutral	287	30	1.000	Tolerated	2.83	121		ENSG00000126091		GO:0006486, GO:0030173, GO:0008373
4	1, 44363953, G, A	ENSP00000317192	390	1	CGC CT[G/A] ACC	163	L	L	Synonymous	0.00	Neutral	288	30	1.000	Tolerated	2.77	184		ENSG00000126091		GO:0006486, GO:0030173, GO:0008373, GO:0003836
4	1, 44363953, G, A	ENSP00000329755	344	1	CGC CT[G/A] ACC	117	L	L	Synonymous	0.00	Neutral	292	30	1.000	Tolerated	2.89	124		ENSG00000126091		GO:0006486, GO:0030173, GO:0008373
4	1, 44363953, G, A	ENSP00000330463	277	1	CGC CT[G/A] ACC	148	L	L	Synonymous	0.00	Neutral	284	30	1.000	Tolerated	2.86	248		ENSG00000126091		GO:0006486, GO:0030173, GO:0008373
4	1, 44363953, G, A	ENSP00000335633	228	1	CGC CT[G/A] ACC	132	L	L	Synonymous	0.00	Neutral	275	30	1.000	Tolerated	2.81	242		ENSG00000126091		GO:0006486, GO:0030173, GO:0008373
4	1, 44363953, G, A	ENSP00000354657	444	1	CGC CT[G/A] ACC	217	L	L	Synonymous	0.00	Neutral	287	30	1.000	Tolerated	2.78	228		ENSG00000126091		GO:0006486, GO:0030173, GO:0008373
4	1, 44363953, G, A	ENSP00000354748	359	1	CGC CT[G/A] ACC	132	L	L	Synonymous	0.00	Neutral	289	30	1.000	Tolerated	2.87	118		ENSG00000126091		GO:0006486, GO:0030173, GO:0008373
4	1, 44363953, G, A	ENSP00000355341	375	1	CGC CT[G/A] ACC	148	L	L	Synonymous	0.00	Neutral	289	30	1.000	Tolerated	2.90	134		ENSG00000126091	SIAT6_HUMAN	GO:0006486, GO:0005576, GO:0005794, GO:0016020, GO:0016021, GO:0030173, GO:0032580, GO:0008118, GO:0008373
4	1, 44363953, G, A	ENSP00000361440	186	1	CGC CT[G/A] ACC	148	L	L	Synonymous	0.00	Neutral	274	30	1.000	Tolerated	2.85	165		ENSG00000126091		GO:0006486, GO:0030173, GO:0008373
4	1, 44363953, G, A	ENSP00000361441	185	1	CGC CT[G/A] ACC	147	L	L	Synonymous	0.00	Neutral	273	30	1.000	Tolerated	2.81	157		ENSG00000126091		GO:0006486, GO:0030173, GO:0008373
4	1, 44363953, G, A	ENSP00000361442	201	1	CGC CT[G/A] ACC	147	L	L	Synonymous	0.00	Neutral	274	30	1.000	Tolerated	2.89	189		ENSG00000126091		GO:0006486, GO:0030173, GO:0008373
4	1, 44363953, G, A	ENSP00000361443	429	1	CGC CT[G/A] ACC	202	L	L	Synonymous	0.00	Neutral	287	30	1.000	Tolerated	2.84	135		ENSG00000126091		GO:0006486, GO:0030173, GO:0008373
4	1, 44363953, G, A	ENSP00000361444	345	1	CGC CT[G/A] ACC	148	L	L	Synonymous	0.00	Neutral	292	30	1.000	Tolerated	2.87	140		ENSG00000126091		GO:0006486, GO:0030173, GO:0008373
4	1, 44363953, G, A	ENSP00000361447	413	1	CGC CT[G/A] ACC	186	L	L	Synonymous	0.00	Neutral	287	30	1.000	Tolerated	2.83	121		ENSG00000126091		GO:0006486, GO:0030173, GO:0008373
4	1, 44363953, G, A	ENSP00000361449	344	1	CGC CT[G/A] ACC	117	L	L	Synonymous	0.00	Neutral	292	30	1.000	Tolerated	2.89	124		ENSG00000126091		GO:0006486, GO:0030173, GO:0008373
4	1, 44363953, G, A	ENSP00000361450	429	1	CGC CT[G/A] ACC	202	L	L	Synonymous	0.00	Neutral	287	30	1.000	Tolerated	2.84	135		ENSG00000126091		GO:0006486, GO:0030173, GO:0008373
4	1, 44363953, G, A	ENSP00000431700	189	1	CGC CT[G/A] ACC	148	L	L	Synonymous	0.00	Neutral	275	30	1.000	Tolerated	2.84	177		ENSG00000126091		GO:0006486, GO:0030173, GO:0008373
4	1, 44363953, G, A	ENSP00000432682	261	1	CGC CT[G/A] ACC	132	L	L	Synonymous	0.00	Neutral	284	30	1.000	Tolerated	2.83	174		ENSG00000126091		GO:0006486, GO:0030173, GO:0008373
4	1, 44363953, G, A	ENSP00000432965	277	1	CGC CT[G/A] ACC	148	L	L	Synonymous	0.00	Neutral	284	30	1.000	Tolerated	2.86	248		ENSG00000126091		GO:0006486, GO:0030173, GO:0008373
4	1, 44363953, G, A	ENSP00000434876	186	1	CGC CT[G/A] ACC	132	L	L	Synonymous	0.00	Neutral	274	30	1.000	Tolerated	2.80	168		ENSG00000126091		GO:0006486, GO:0030173, GO:0008373
4	1, 44363953, G, A	ENSP00000437293	228	1	CGC CT[G/A] ACC	132	L	L	Synonymous	0.00	Neutral	275	30	1.000	Tolerated	2.81	242		ENSG00000126091		GO:0006486, GO:0030173, GO:0008373
5	1, 45796224, G, A	ENSP00000346354	522	-1	GTT TT[C/T] CGT	467	F	F	Synonymous	0.00	Neutral	116	30	1.000	Tolerated	2.92	62		ENSG00000132781		GO:0006284, GO:0004519, GO:0051539
5	1, 45796224, G, A	ENSP00000347685	521	-1	GTT TT[C/T] CGT	466	F	F	Synonymous	0.00	Neutral	116	30	1.000	Tolerated	2.95	60		ENSG00000132781		GO:0006284, GO:0004519, GO:0051539
5	1, 45796224, G, A	ENSP00000361170	546	-1	GTT TT[C/T] CGT	491	F	F	Synonymous	0.00	Neutral	115	30	1.000	Tolerated	2.89	75		ENSG00000132781	MUTYH_HUMAN	GO:0006281, GO:0006284, GO:0006285, GO:0006298, GO:0045007, GO:0005634, GO:0005654, GO:0005739, GO:0003824, GO:0004519, GO:0005515, GO:0016798, GO:0032407, GO:0046872, GO:0051539
5	1, 45796224, G, A	ENSP00000361172	532	-1	GTT TT[C/T] CGT	477	F	F	Synonymous	0.00	Neutral	116	30	1.000	Tolerated	2.93	70		ENSG00000132781		GO:0006284, GO:0005739, GO:0003824, GO:0004519, GO:0051539
5	1, 45796224, G, A	ENSP00000361176	521	-1	GTT TT[C/T] CGT	466	F	F	Synonymous	0.00	Neutral	116	30	1.000	Tolerated	2.95	60		ENSG00000132781		GO:0006284, GO:0004519, GO:0051539
5	1, 45796224, G, A	ENSP00000361182	536	-1	GTT TT[C/T] CGT	481	F	F	Synonymous	0.00	Neutral	116	30	1.000	Tolerated	2.88	65		ENSG00000132781		GO:0006284, GO:0004519, GO:0051539
5	1, 45796224, G, A	ENSP00000361187	535	-1	GTT TT[C/T] CGT	480	F	F	Synonymous	0.00	Neutral	116	30	1.000	Tolerated	2.89	64		ENSG00000132781		GO:0006284, GO:0004519, GO:0051539
5	1, 45796224, G, A	ENSP00000407590	521	-1	GTT TT[C/T] CGT	466	F	F	Synonymous	0.00	Neutral	116	30	1.000	Tolerated	2.95	60		ENSG00000132781		GO:0006284, GO:0004519, GO:0051539
5	1, 45796224, G, A	ENSP00000408176	549	-1	GTT TT[C/T] CGT	494	F	F	Synonymous	0.00	Neutral	115	30	1.000	Tolerated	2.97	76		ENSG00000132781		GO:0006284, GO:0005634, GO:0003824, GO:0004519, GO:0016787, GO:0051539
5	1, 45796224, G, A	ENSP00000409718	532	-1	GTT TT[C/T] CGT	477	F	F	Synonymous	0.00	Neutral	116	30	1.000	Tolerated	2.93	70		ENSG00000132781		GO:0006284, GO:0005739, GO:0003824, GO:0004519, GO:0051539
5	1, 45796224, G, A	ENSP00000431264	44	-1	GTT TT[C/T] CGT	32	F	F	Synonymous	0.00	Neutral	72	9	1.000	Tolerated	4.10	28		ENSG00000132781		
5	1, 45796224, G, A	ENSP00000432330	216	-1	GTT TT[C/T] CGT	161	F	F	Synonymous	0.00	Neutral	104	30	1.000	Tolerated	3.12	77		ENSG00000132781		GO:0016787
5	1, 45796224, G, A	ENSP00000432528	213	-1	GTT TT[C/T] CGT	158	F	F	Synonymous	0.00	Neutral	149	30	1.000	Tolerated	2.92	48		ENSG00000132781		GO:0004519, GO:0051539
5	1, 45796224, G, A	ENSP00000433076	230	-1	GTT TT[C/T] CGT	175	F	F	Synonymous	0.00	Neutral	104	30	1.000	Tolerated	3.21	77		ENSG00000132781		GO:0016787
5	1, 45796224, G, A	ENSP00000437093	216	-1	GTT TT[C/T] CGT	161	F	F	Synonymous	0.00	Neutral	104	30	1.000	Tolerated	3.12	77		ENSG00000132781		GO:0016787
6	1, 155005207, G, T	ENSP00000295536	639	-1	AAG AC[C/A] AAA	159	T	T	Synonymous	0.00	Neutral	67	30	0.353	Tolerated	2.80	28		ENSG00000163354		GO:0016021
6	1, 155005207, G, T	ENSP00000357409	773	-1	AAG AC[C/A] AAA	159	T	T	Synonymous	0.00	Neutral	66	30	0.353	Tolerated	2.83	29		ENSG00000163354	DCST2_HUMAN	GO:0016020, GO:0016021
6	1, 155005207, G, T	ENSP00000436964	639	-1	AAG AC[C/A] AAA	159	T	T	Synonymous	0.00	Neutral	67	30	0.353	Tolerated	2.80	28		ENSG00000163354		GO:0016021
7	1, 155448506, A, T	ENSP00000357330	2969	-1	ATG CC[T/A] TAC	1385	P	P	Synonymous	0.00	Neutral	76	30	1.000	Tolerated	3.86	47		ENSG00000116539	ASH1L_HUMAN	GO:0006323, GO:0006355, GO:0006366, GO:0007267, GO:0016568, GO:0005634, GO:0005694, GO:0005737, GO:0005794, GO:0005923, GO:0030054, GO:0003677, GO:0005515, GO:0008168, GO:0008270, GO:0016740, GO:0018024, GO:0046872
7	1, 155448506, A, T	ENSP00000376204	2964	-1	ATG CC[T/A] TAC	1385	P	P	Synonymous	0.00	Neutral	76	30	1.000	Tolerated	3.85	47		ENSG00000116539		GO:0005634, GO:0003677, GO:0005515, GO:0008270, GO:0018024
8	1, 167083034, C, T	ENSP00000271385	1158	1	ATC AT[C/T] AAT	66	I	I	Synonymous	0.00	Neutral	80	30	1.000	Tolerated	3.37	37		ENSG00000198842	DUS27_HUMAN	GO:0006470, GO:0016311, GO:0008138, GO:0016791
8	1, 167083034, C, T	ENSP00000354483	1158	1	ATC AT[C/T] AAT	66	I	I	Synonymous	0.00	Neutral	80	30	1.000	Tolerated	3.37	37		ENSG00000198842	DUS27_HUMAN	GO:0006470, GO:0016311, GO:0008138, GO:0016791
8	1, 167083034, C, T	ENSP00000404874	1158	1	ATC AT[C/T] AAT	66	I	I	Synonymous	0.00	Neutral	80	30	1.000	Tolerated	3.37	37		ENSG00000198842	DUS27_HUMAN	GO:0006470, GO:0016311, GO:0008138, GO:0016791
9	1, 167666547, G, A	ENSP00000356828	416	1	GTG A[G/A]A ACC	229	R	K	Single AA Change	-0.50	Neutral	75	30	0.623	Tolerated	3.32	37		ENSG00000198771	CPZIP_HUMAN	
9	1, 167666547, G, A	ENSP00000439409	386	1	GTG A[G/A]A ACC	199	R	K	Single AA Change	-0.50	Neutral	75	30	0.618	Tolerated	3.27	36		ENSG00000198771		
10	1, 198233309, G, A	ENSP00000356355	302	1	AAT [G/A]AA CTA	106	E	K	Single AA Change	-3.19	Deleterious	148	30	0.133	Tolerated	2.81	139		ENSG00000151414	NEK7_HUMAN	GO:0000910, GO:0006468, GO:0007346, GO:0051225, GO:0000922, GO:0005634, GO:0005737, GO:0005815, GO:0005856, GO:0005874, GO:0000166, GO:0004672, GO:0004674, GO:0004713, GO:0005524, GO:0016772, GO:0046872
10	1, 198233309, G, A	ENSP00000444621	302	1	AAT [G/A]AA CTA	106	E	K	Single AA Change	-3.19	Deleterious	148	30	0.133	Tolerated	2.81	139		ENSG00000151414		GO:0000910, GO:0006468, GO:0007346, GO:0051225, GO:0000922, GO:0005634, GO:0005737, GO:0005815, GO:0005856, GO:0005874, GO:0000166, GO:0004672, GO:0004674, GO:0004713, GO:0005524, GO:0016772, GO:0046872
11	1, 201178015, G, A	ENSP00000334714	3708	1	CCT [G/A]AG GGA	1332	E	K	Single AA Change	-0.66	Neutral	73	30	0.254	Tolerated	3.40	11		ENSG00000163395		GO:0005634, GO:0030018, GO:0005515
12	1, 207112707, G, A	ENSP00000348888	764	-1	AAC [C/T]GG CAC	49	R	W	Single AA Change	-5.03	Deleterious	65	30	0.001	Damaging	2.98	35		ENSG00000162896	PIGR_HUMAN	GO:0005576, GO:0005886, GO:0005887, GO:0030133, GO:0055038, GO:0005515
13	1, 240070780, C, T	ENSP00000255380	590	1	ACC T[C/T]G CCT	10	S	L	Single AA Change	-0.24	Neutral	224	30	0.268	Tolerated	3.77	29		ENSG00000133019	ACM3_HUMAN	GO:0003056, GO:0006112, GO:0006464, GO:0007165, GO:0007186, GO:0007213, GO:0007399, GO:0007586, GO:0008283, GO:0045987, GO:0050796, GO:0019229, GO:0006939, GO:0005886, GO:0005887, GO:0016021, GO:0016323, GO:0030054, GO:0030425, GO:0032279, GO:0043679, GO:0045211, GO:0004435, GO:0004871, GO:0004872, GO:0004930, GO:0008144, GO:0016907, GO:0042166
13	1, 240070780, C, T	ENSP00000404764	110	1	ACC T[C/T]G CCT	10	S	L	Single AA Change	-0.31	Neutral	159	30	0.338	Tolerated	3.92	29		ENSG00000133019		GO:0003056, GO:0007213, GO:0007586, GO:0045987, GO:0005886, GO:0016021, GO:0030425, GO:0032279, GO:0043679, GO:0004872, GO:0008144, GO:0042166
14	1, 247978760, G, A	ENSP00000350248	309	-1	ATT T[C/T]A TTC	91	S	L	Single AA Change	-5.51	Deleterious	143	30	0.004	Damaging	2.71	213		ENSG00000196772	O14AG_HUMAN	GO:0007186, GO:0050896, GO:0005886, GO:0016021, GO:0004871, GO:0004872, GO:0004930, GO:0004984
15	2, 31572610, C, T	ENSP00000368727	1333	-1	GAA [G/A]AA TGC	971	E	K	Single AA Change	-3.48	Deleterious	253	30	0.048	Damaging	2.83	217	rs148921536	ENSG00000158125	XDH_HUMAN	GO:0006144, GO:0006195, GO:0007595, GO:0009115, GO:0030856, GO:0055086, GO:0055114, GO:0005576, GO:0005737, GO:0005777, GO:0005829, GO:0004854, GO:0004855, GO:0005488, GO:0005506, GO:0008762, GO:0009055, GO:0016491, GO:0016614, GO:0042803, GO:0043546, GO:0046872, GO:0050660, GO:0051536, GO:0051537, GO:0005515
16	2, 53995061, T, C	ENSP00000295304	184	1	AAG G[T/C]G GAT	13	V	A	Single AA Change	-0.77	Neutral	95	30	0.763	Tolerated	2.78	76		ENSG00000143942	CHAC2_HUMAN	GO:0008150, GO:0005575, GO:0003674
17	2, 112849297, C, T	ENSP00000283206	555	1	TCT AA[C/T] CAT	347	N	N	Synonymous	0.00	Neutral	139	30	1.000	Tolerated	2.84	119		ENSG00000153214	TM87B_HUMAN	GO:0016020, GO:0016021
18	2, 158152306, A, G	ENSP00000259056	940	1	GAT [A/G]TG AGT	625	M	V	Single AA Change	-1.81	Neutral	161	30	0.012	Damaging	2.79	204		ENSG00000136542	GALT5_HUMAN	GO:0006024, GO:0000139, GO:0005575, GO:0005794, GO:0016020, GO:0016021, GO:0004653, GO:0005529, GO:0016757
19	2, 179489407, C, T	ENSP00000340554	27118	-1	GAG G[G/A]A GCC	5994	G	E	Single AA Change	1.46	Neutral	74	30	1.000	Tolerated	3.09	46		ENSG00000155657		GO:0006468, GO:0003676, GO:0004672, GO:0004674, GO:0004713, GO:0005515, GO:0005524, GO:0016772
19	2, 179489407, C, T	ENSP00000343764	33423	-1	GAG G[G/A]A GCC	12299	G	E	Single AA Change	1.37	Neutral	65	30	1.000	Tolerated	2.93	52		ENSG00000155657		GO:0001701, GO:0003007, GO:0006468, GO:0006936, GO:0007512, GO:0043056, GO:0055002, GO:0055003, GO:0001756, GO:0007507, GO:0045214, GO:0030018, GO:0031430, GO:0030017, GO:0031674, GO:0031672, GO:0003676, GO:0004672, GO:0004674, GO:0004713, GO:0005515, GO:0005524, GO:0016772, GO:0030506
19	2, 179489407, C, T	ENSP00000348444	26923	-1	GAG G[G/A]A GCC	5802	G	E	Single AA Change	1.46	Neutral	66	30	1.000	Tolerated	3.09	43		ENSG00000155657		GO:0006468, GO:0003676, GO:0004672, GO:0004674, GO:0004713, GO:0005515, GO:0005524, GO:0016772
19	2, 179489407, C, T	ENSP00000352154	27051	-1	GAG G[G/A]A GCC	5927	G	E	Single AA Change	1.46	Neutral	66	30	1.000	Tolerated	3.08	45		ENSG00000155657		GO:0006468, GO:0003676, GO:0004672, GO:0004674, GO:0004713, GO:0005515, GO:0005524, GO:0016772
19	2, 179489407, C, T	ENSP00000434586	26926	-1	GAG G[G/A]A GCC	5802	G	E	Single AA Change	1.46	Neutral	66	30	1.000	Tolerated	3.09	43		ENSG00000155657		GO:0006468, GO:0003676, GO:0004672, GO:0004674, GO:0004713, GO:0005515, GO:0005524, GO:0016772
20	2, 179641880, T, C	ENSP00000340554	27118	-1	AAA [A/G]TC AGA	1558	I	V	Single AA Change	-0.67	Neutral	74	30	0.406	Tolerated	3.11	46		ENSG00000155657		GO:0006468, GO:0003676, GO:0004672, GO:0004674, GO:0004713, GO:0005515, GO:0005524, GO:0016772
20	2, 179641880, T, C	ENSP00000343764	33423	-1	AAA [A/G]TC AGA	1604	I	V	Single AA Change	-0.69	Neutral	65	30	0.372	Tolerated	3.08	46		ENSG00000155657		GO:0001701, GO:0003007, GO:0006468, GO:0006936, GO:0007512, GO:0043056, GO:0055002, GO:0055003, GO:0001756, GO:0007507, GO:0045214, GO:0030018, GO:0031430, GO:0030017, GO:0031674, GO:0031672, GO:0003676, GO:0004672, GO:0004674, GO:0004713, GO:0005515, GO:0005524, GO:0016772, GO:0030506
20	2, 179641880, T, C	ENSP00000348444	26923	-1	AAA [A/G]TC AGA	1558	I	V	Single AA Change	-0.67	Neutral	66	30	0.421	Tolerated	3.10	40		ENSG00000155657		GO:0006468, GO:0003676, GO:0004672, GO:0004674, GO:0004713, GO:0005515, GO:0005524, GO:0016772
20	2, 179641880, T, C	ENSP00000352154	27051	-1	AAA [A/G]TC AGA	1558	I	V	Single AA Change	-0.67	Neutral	66	30	0.388	Tolerated	3.11	45		ENSG00000155657		GO:0006468, GO:0003676, GO:0004672, GO:0004674, GO:0004713, GO:0005515, GO:0005524, GO:0016772
20	2, 179641880, T, C	ENSP00000354117	5604	-1	AAA [A/G]TC AGA	1604	I	V	Single AA Change	-0.90	Neutral	70	30	0.019	Damaging	2.80	79		ENSG00000155657	TITIN_HUMAN	GO:0002576, GO:0006936, GO:0006941, GO:0007076, GO:0007596, GO:0030049, GO:0030168, GO:0030240, GO:0030241, GO:0045214, GO:0045859, GO:0048739, GO:0048769, GO:0050790, GO:0051592, GO:0055003, GO:0055008, GO:0000794, GO:0005576, GO:0005634, GO:0005737, GO:0005829, GO:0005865, GO:0030018, GO:0031430, GO:0031674, GO:0000166, GO:0003676, GO:0004674, GO:0004713, GO:0005509, GO:0005515, GO:0005516, GO:0005524, GO:0008307, GO:0031433, GO:0042802, GO:0043621, GO:0051015, GO:0051371, GO:0051393
20	2, 179641880, T, C	ENSP00000434586	26926	-1	AAA [A/G]TC AGA	1558	I	V	Single AA Change	-0.67	Neutral	66	30	0.421	Tolerated	3.11	40		ENSG00000155657		GO:0006468, GO:0003676, GO:0004672, GO:0004674, GO:0004713, GO:0005515, GO:0005524, GO:0016772
21	2, 189858132, G, A	ENSP00000304408	1466	1	CCT [G/A]GA CAA	366	G	R	Single AA Change	-6.63	Deleterious	308	30	0.000	Damaging	2.89	173		ENSG00000168542	CO3A1_HUMAN	GO:0001501, GO:0001568, GO:0007160, GO:0007179, GO:0007229, GO:0007411, GO:0007507, GO:0009314, GO:0018149, GO:0030168, GO:0030199, GO:0032964, GO:0034097, GO:0042060, GO:0043206, GO:0043588, GO:0048565, GO:0050777, GO:0071230, GO:0005576, GO:0005581, GO:0005586, GO:0005615, GO:0031012, GO:0005178, GO:0005201, GO:0005515, GO:0046332, GO:0048407
21	2, 189858132, G, A	ENSP00000315243	1163	1	CCT [G/A]GA CAA	366	G	R	Single AA Change	-6.58	Deleterious	280	30	0.000	Damaging	2.78	59		ENSG00000168542		GO:0005581, GO:0005201, GO:0005515
22	2, 190428618, C, T	ENSP00000261024	571	-1	CGT C[G/A]A AAA	365	R	Q	Single AA Change	-1.14	Neutral	91	30	0.070	Tolerated	2.94	51		ENSG00000138449	S40A1_HUMAN	GO:0002260, GO:0003158, GO:0006811, GO:0006879, GO:0006915, GO:0009653, GO:0034755, GO:0055085, GO:0060345, GO:0060586, GO:0006826, GO:0048536, GO:0005737, GO:0005886, GO:0005887, GO:0008021, GO:0016021, GO:0005381, GO:0005515
22	2, 190428618, C, T	ENSP00000444582	167	-1	CGT C[G/A]A AAA	100	R	Q	Single AA Change	-1.44	Neutral	89	30	0.073	Tolerated	2.93	58		ENSG00000138449		GO:0034755, GO:0016021, GO:0005381
23	2, 204000520, C, T	ENSP00000344985	2604	1	CTT [C/T]AT AAG	1283	H	Y	Single AA Change	-0.59	Neutral	107	30	1.000	Tolerated	2.78	54		ENSG00000144426	NBEL1_HUMAN	GO:0005488, GO:0005515
23	2, 204000520, C, T	ENSP00000399903	2694	1	CTT [C/T]AT AAG	1283	H	Y	Single AA Change	-0.62	Neutral	108	30	1.000	Tolerated	2.85	51		ENSG00000144426		GO:0005488, GO:0005515
24	2, 220197275, G, T	ENSP00000330269	228	-1	TGC C[C/A]G GGG	68	P	Q	Single AA Change	-4.38	Deleterious	80	16	0.037	Damaging	3.68	51		ENSG00000182698		GO:0048237, GO:0030141, GO:0043204, GO:0005783
25	3, 12475477, C, T	ENSP00000287820	505	1	AAG [C/T]TG AAC	451	L	L	Synonymous	0.00	Neutral	443	30	0.838	Tolerated	3.18	302		ENSG00000132170	PPARG_HUMAN	GO:0000122, GO:0001818, GO:0001890, GO:0002674, GO:0006355, GO:0006629, GO:0006917, GO:0006919, GO:0007165, GO:0007507, GO:0007584, GO:0008217, GO:0008285, GO:0009409, GO:0010467, GO:0010745, GO:0010871, GO:0010887, GO:0010891, GO:0015909, GO:0019216, GO:0030224, GO:0030308, GO:0030522, GO:0030855, GO:0031000, GO:0031100, GO:0032869, GO:0033189, GO:0033993, GO:0042493, GO:0042593, GO:0042953, GO:0043401, GO:0043627, GO:0045087, GO:0045165, GO:0045600, GO:0045713, GO:0045892, GO:0045893, GO:0045944, GO:0046321, GO:0048469, GO:0048714, GO:0050872, GO:0050873, GO:0051091, GO:0051974, GO:0055088, GO:0055098, GO:0060336, GO:0060694, GO:0071285, GO:0071407, GO:0045598, GO:0045444, GO:0010033, GO:0014070, GO:0006351, GO:0006357, GO:0019395, GO:0005634, GO:0005654, GO:0005737, GO:0005829, GO:0001012, GO:0003677, GO:0003682, GO:0003700, GO:0003707, GO:0004872, GO:0004879, GO:0004955, GO:0005515, GO:0008144, GO:0008270, GO:0019899, GO:0033613, GO:0043565, GO:0044212, GO:0046872, GO:0046965, GO:0050544
25	3, 12475477, C, T	ENSP00000312472	477	1	AAG [C/T]TG AAC	423	L	L	Synonymous	0.00	Neutral	444	30	0.681	Tolerated	3.08	301		ENSG00000132170		GO:0000122, GO:0001818, GO:0001890, GO:0002674, GO:0006355, GO:0007507, GO:0008285, GO:0009409, GO:0015909, GO:0019216, GO:0030308, GO:0030855, GO:0031000, GO:0031100, GO:0033189, GO:0033993, GO:0042493, GO:0043401, GO:0043627, GO:0045165, GO:0045600, GO:0045944, GO:0046321, GO:0048714, GO:0050872, GO:0050873, GO:0051974, GO:0071285, GO:0071407, GO:0005634, GO:0005829, GO:0001012, GO:0003677, GO:0003682, GO:0003700, GO:0003707, GO:0004879, GO:0008270, GO:0043565, GO:0050544
25	3, 12475477, C, T	ENSP00000380205	477	1	AAG [C/T]TG AAC	423	L	L	Synonymous	0.00	Neutral	444	30	0.681	Tolerated	3.08	301		ENSG00000132170		GO:0000122, GO:0001818, GO:0001890, GO:0002674, GO:0006355, GO:0007507, GO:0008285, GO:0009409, GO:0015909, GO:0019216, GO:0030308, GO:0030855, GO:0031000, GO:0031100, GO:0033189, GO:0033993, GO:0042493, GO:0043401, GO:0043627, GO:0045165, GO:0045600, GO:0045944, GO:0046321, GO:0048714, GO:0050872, GO:0050873, GO:0051974, GO:0071285, GO:0071407, GO:0005634, GO:0005829, GO:0001012, GO:0003677, GO:0003682, GO:0003700, GO:0003707, GO:0004879, GO:0008270, GO:0043565, GO:0050544
25	3, 12475477, C, T	ENSP00000380207	477	1	AAG [C/T]TG AAC	423	L	L	Synonymous	0.00	Neutral	444	30	0.681	Tolerated	3.08	301		ENSG00000132170		GO:0000122, GO:0001818, GO:0001890, GO:0002674, GO:0006355, GO:0007507, GO:0008285, GO:0009409, GO:0015909, GO:0019216, GO:0030308, GO:0030855, GO:0031000, GO:0031100, GO:0033189, GO:0033993, GO:0042493, GO:0043401, GO:0043627, GO:0045165, GO:0045600, GO:0045944, GO:0046321, GO:0048714, GO:0050872, GO:0050873, GO:0051974, GO:0071285, GO:0071407, GO:0005634, GO:0005829, GO:0001012, GO:0003677, GO:0003682, GO:0003700, GO:0003707, GO:0004879, GO:0008270, GO:0043565, GO:0050544
25	3, 12475477, C, T	ENSP00000380210	477	1	AAG [C/T]TG AAC	423	L	L	Synonymous	0.00	Neutral	444	30	0.681	Tolerated	3.08	301		ENSG00000132170		GO:0000122, GO:0001818, GO:0001890, GO:0002674, GO:0006355, GO:0007507, GO:0008285, GO:0009409, GO:0015909, GO:0019216, GO:0030308, GO:0030855, GO:0031000, GO:0031100, GO:0033189, GO:0033993, GO:0042493, GO:0043401, GO:0043627, GO:0045165, GO:0045600, GO:0045944, GO:0046321, GO:0048714, GO:0050872, GO:0050873, GO:0051974, GO:0071285, GO:0071407, GO:0005634, GO:0005829, GO:0001012, GO:0003677, GO:0003682, GO:0003700, GO:0003707, GO:0004879, GO:0008270, GO:0043565, GO:0050544
25	3, 12475477, C, T	ENSP00000380221	483	1	AAG [C/T]TG AAC	429	L	L	Synonymous	0.00	Neutral	444	30	0.713	Tolerated	3.10	301		ENSG00000132170		GO:0000122, GO:0001818, GO:0001890, GO:0002674, GO:0006355, GO:0007507, GO:0008285, GO:0009409, GO:0015909, GO:0019216, GO:0030308, GO:0030855, GO:0031000, GO:0031100, GO:0033189, GO:0033993, GO:0042493, GO:0043401, GO:0043627, GO:0045165, GO:0045600, GO:0045944, GO:0046321, GO:0048714, GO:0050872, GO:0050873, GO:0051974, GO:0071285, GO:0071407, GO:0005634, GO:0005829, GO:0001012, GO:0003677, GO:0003682, GO:0003700, GO:0003707, GO:0004872, GO:0004879, GO:0008270, GO:0043565, GO:0046872, GO:0050544
26	3, 108219027, C, T	ENSP00000273353	1946	-1	AGG C[G/A]A TCA	165	R	Q	Single AA Change	-2.97	Deleterious	521	30	0.001	Damaging	3.52	390		ENSG00000144821	MYH15_HUMAN	GO:0005737, GO:0016459, GO:0030016, GO:0032982, GO:0000166, GO:0003774, GO:0003779, GO:0005516, GO:0005524
27	3, 121351383, G, A	ENSP00000320176	486	-1	CCC [C/T]CT AGG	346	P	S	Single AA Change	-2.08	Neutral	147	30	0.058	Tolerated	2.84	70		ENSG00000180353	HCLS1_HUMAN	GO:0006355, GO:0008284, GO:0009725, GO:0030218, GO:0035556, GO:0042531, GO:0005622, GO:0005634, GO:0005737, GO:0005739, GO:0005886, GO:0003677, GO:0003700, GO:0005515, GO:0017124, GO:0032403
27	3, 121351383, G, A	ENSP00000387645	449	-1	CCC [C/T]CT AGG	309	P	S	Single AA Change	-1.96	Neutral	146	30	0.016	Damaging	2.90	52		ENSG00000180353		GO:0005737, GO:0005886, GO:0005515
28	3, 159606676, A, G	ENSP00000337239	487	1	AGA G[A/G]C ATG	421	D	G	Single AA Change	-3.74	Deleterious	106	30	0.112	Tolerated	3.23	94		ENSG00000250588	SCHI1_HUMAN	GO:0001553, GO:0001822, GO:0006807, GO:0008150, GO:0008210, GO:0008585, GO:0009791, GO:0010761, GO:0048008, GO:0048705, GO:0048745, GO:0060021, GO:0060325, GO:0005737, GO:0005515, GO:0042802
28	3, 159606676, A, G	ENSP00000400942	474	1	AGA G[A/G]C ATG	408	D	G	Single AA Change	-3.74	Deleterious	106	30	0.153	Tolerated	3.17	89		ENSG00000250588		GO:0001553, GO:0001822, GO:0006807, GO:0008210, GO:0008585, GO:0009791, GO:0010761, GO:0048008, GO:0048705, GO:0048745, GO:0060021, GO:0060325
28	3, 159606676, A, G	ENSP00000404860	244	1	AGA G[A/G]C ATG	178	D	G	Single AA Change	-3.93	Deleterious	104	30	0.058	Tolerated	2.96	78		ENSG00000151967		
28	3, 159606676, A, G	ENSP00000417305	451	1	AGA G[A/G]C ATG	381	D	G	Single AA Change	-3.74	Deleterious	106	30	0.166	Tolerated	3.02	85		ENSG00000250588		GO:0001553, GO:0001822, GO:0006807, GO:0008210, GO:0008585, GO:0009791, GO:0010761, GO:0048008, GO:0048705, GO:0048745, GO:0060021, GO:0060325, GO:0005737
28	3, 159606676, A, G	ENSP00000418692	536	1	AGA G[A/G]C ATG	470	D	G	Single AA Change	-3.77	Deleterious	107	30	0.093	Tolerated	3.31	94		ENSG00000250588		GO:0001553, GO:0001822, GO:0006807, GO:0008210, GO:0008585, GO:0009791, GO:0010761, GO:0048008, GO:0048705, GO:0048745, GO:0060021, GO:0060325
28	3, 159606676, A, G	ENSP00000419230	260	1	AGA G[A/G]C ATG	194	D	G	Single AA Change	-3.93	Deleterious	104	30	0.295	Tolerated	2.90	81		ENSG00000151967		GO:0005737
28	3, 159606676, A, G	ENSP00000420182	563	1	AGA G[A/G]C ATG	497	D	G	Single AA Change	-3.74	Deleterious	105	30	0.100	Tolerated	3.33	96		ENSG00000250588		GO:0001553, GO:0001822, GO:0006807, GO:0008210, GO:0008585, GO:0009791, GO:0010761, GO:0048008, GO:0048705, GO:0048745, GO:0060021, GO:0060325
28	3, 159606676, A, G	ENSP00000436076	255	1	AGA G[A/G]C ATG	189	D	G	Single AA Change	-3.93	Deleterious	104	30	0.035	Damaging	2.88	76		ENSG00000250588		
29	3, 180379687, C, T	ENSP00000273654	755	-1	AAT [G/A]AG ATG	191	E	K	Single AA Change	-2.83	Deleterious	67	30	0.062	Tolerated	2.82	45		ENSG00000145075		
29	3, 180379687, C, T	ENSP00000405708	941	-1	AAT [G/A]AG ATG	107	E	K	Single AA Change	-2.80	Deleterious	67	30	0.079	Tolerated	2.85	42		ENSG00000145075	CCD39_HUMAN	GO:0060285, GO:0060286, GO:0060287, GO:0070286, GO:0005737, GO:0005856, GO:0005929, GO:0035085
29	3, 180379687, C, T	ENSP00000417960	671	-1	AAT [G/A]AG ATG	107	E	K	Single AA Change	-2.83	Deleterious	67	30	0.090	Tolerated	2.85	42		ENSG00000145075		
29	3, 180379687, C, T	ENSP00000418702	97	-1	AAT [G/A]AG ATG	89	E	K	Single AA Change	-2.50	Deleterious	69	30	0.007	Damaging	2.91	51		ENSG00000145075		
30	4, 141622723, C, T	ENSP00000411197	1266	-1	GCC C[G/A]G GTC	59	R	Q	Single AA Change	-2.19	Neutral	231	30	0.004	Damaging	2.91	151		ENSG00000109436	TBCD9_HUMAN	GO:0032313, GO:0005622, GO:0005096, GO:0005097, GO:0005509
31	4, 159620221, CC, TT	ENSP00000303552	570	1	CCA A[CC/TT] TTG	305	T	I	Single AA Change	0.12	Neutral	127	30	0.408	Tolerated	3.02	392		ENSG00000171503	ETFD_HUMAN	GO:0006810, GO:0006979, GO:0022900, GO:0022904, GO:0033539, GO:0055114, GO:0005739, GO:0005743, GO:0005759, GO:0016020, GO:0031305, GO:0031966, GO:0004174, GO:0009055, GO:0016491, GO:0043783, GO:0046872, GO:0048038, GO:0048039, GO:0050660, GO:0051536, GO:0051539
31	4, 159620221, CC, TT	ENSP00000426638	617	1	CCA A[CC/TT] TTG	352	T	I	Single AA Change	0.02	Neutral	130	30	0.309	Tolerated	2.95	391		ENSG00000171503		GO:0006810, GO:0006979, GO:0022900, GO:0022904, GO:0033539, GO:0055114, GO:0005739, GO:0005743, GO:0005759, GO:0016020, GO:0031305, GO:0031966, GO:0004174, GO:0009055, GO:0016491, GO:0043783, GO:0046872, GO:0048038, GO:0048039, GO:0050660, GO:0051536, GO:0051539
32	4, 177089886, T, C	ENSP00000280190	1322	1	CTC TG[T/C] GCT	1057	C	C	Synonymous	0.00	Neutral	86	30	1.000	Tolerated	3.32	52		ENSG00000150627	WDR17_HUMAN	GO:0005515
32	4, 177089886, T, C	ENSP00000377258	1298	1	CTC TG[T/C] GCT	1033	C	C	Synonymous	0.00	Neutral	86	30	1.000	Tolerated	3.30	52		ENSG00000150627		GO:0005515
32	4, 177089886, T, C	ENSP00000422200	1298	1	CTC TG[T/C] GCT	1033	C	C	Synonymous	0.00	Neutral	86	30	1.000	Tolerated	3.32	52		ENSG00000150627		GO:0005515
32	4, 177089886, T, C	ENSP00000422763	1283	1	CTC TG[T/C] GCT	1018	C	C	Synonymous	0.00	Neutral	86	30	1.000	Tolerated	3.29	50		ENSG00000150627		GO:0005515
32	4, 177089886, T, C	ENSP00000426985	557	1	CTC TG[T/C] GCT	292	C	C	Synonymous	0.00	Neutral	86	30	1.000	Tolerated	2.92	52		ENSG00000150627		
33	5, 5303705, GG, AA	ENSP00000274181	1224	1	GGG AA[GG/AA]GG TGG	1005	G	R	Single AA Change	-6.97	Deleterious	143	30	0.000	Damaging	2.77	135		ENSG00000145536	ATS16_HUMAN	GO:0006508, GO:0005576, GO:0005578, GO:0031012, GO:0004222, GO:0008233, GO:0008270, GO:0046872
34	5, 78379115, G, A	ENSP00000255192	363	1	AAA GC[G/A] CAC	233	A	A	Synonymous	0.00	Neutral	147	30	1.000	Tolerated	2.85	132		ENSG00000132840	BHMT2_HUMAN	GO:0009086, GO:0005737, GO:0008168, GO:0008270, GO:0008898, GO:0016740, GO:0046872, GO:0047150
34	5, 78379115, G, A	ENSP00000430278	299	1	AAA GC[G/A] CAC	169	A	A	Synonymous	0.00	Neutral	148	30	1.000	Tolerated	2.83	131		ENSG00000132840		GO:0009086, GO:0005737, GO:0008168, GO:0008270, GO:0008898, GO:0016740, GO:0047150
35	5, 82834321, G, A	ENSP00000265077	3396	1	TTT AT[G/A] GAG	1833	M	I	Single AA Change	-0.94	Neutral	102	30	0.014	Damaging	3.20	41		ENSG00000038427	CSPG2_HUMAN	GO:0007155, GO:0007275, GO:0007507, GO:0008037, GO:0008347, GO:0009611, GO:0031103, GO:0005576, GO:0005578, GO:0005615, GO:0031012, GO:0005488, GO:0005509, GO:0005515, GO:0005529, GO:0005539, GO:0005540
35	5, 82834321, G, A	ENSP00000340062	2409	1	TTT AT[G/A] GAG	846	M	I	Single AA Change	-0.71	Neutral	100	30	0.014	Damaging	3.34	39		ENSG00000038427		GO:0007155, GO:0005488, GO:0005509, GO:0005515, GO:0005540
35	5, 82834321, G, A	ENSP00000426251	1240	1	TTT AT[G/A] GAG	846	M	I	Single AA Change	-0.72	Neutral	119	30	0.006	Damaging	3.61	37		ENSG00000038427		GO:0007155, GO:0005488, GO:0005515, GO:0005540
36	5, 95759134, G, T	ENSP00000308024	753	-1	CTG CC[C/A] AAG	142	P	P	Synonymous	0.00	Neutral	184	30	1.000	Tolerated	2.92	143		ENSG00000175426	NEC1_HUMAN	GO:0006112, GO:0006508, GO:0007267, GO:0008152, GO:0009749, GO:0009790, GO:0010157, GO:0014070, GO:0016486, GO:0016540, GO:0021983, GO:0022008, GO:0031016, GO:0031667, GO:0032496, GO:0034641, GO:0042446, GO:0042493, GO:0043043, GO:0043278, GO:0043434, GO:0048678, GO:0050714, GO:0050796, GO:0051384, GO:0051592, GO:0070542, GO:0070555, GO:0010035, GO:0016485, GO:0005615, GO:0005791, GO:0005794, GO:0005802, GO:0030133, GO:0030141, GO:0030425, GO:0031410, GO:0043025, GO:0043679, GO:0048471, GO:0043005, GO:0004175, GO:0004252, GO:0008233, GO:0043559, GO:0051087
36	5, 95759134, G, T	ENSP00000421600	706	-1	CTG CC[C/A] AAG	95	P	P	Synonymous	0.00	Neutral	152	30	1.000	Tolerated	2.92	202		ENSG00000175426		GO:0006508, GO:0004252, GO:0008233
36	5, 95759134, G, T	ENSP00000427294	158	-1	CTG CC[C/A] AAG	142	P	P	Synonymous	0.00	Neutral	99	30	1.000	Tolerated	3.10	47		ENSG00000175426		GO:0006508, GO:0009749, GO:0009790, GO:0010157, GO:0014070, GO:0016486, GO:0016540, GO:0021983, GO:0022008, GO:0031016, GO:0031667, GO:0032496, GO:0042493, GO:0043043, GO:0043278, GO:0043434, GO:0048678, GO:0050714, GO:0051384, GO:0051592, GO:0070542, GO:0070555, GO:0005615, GO:0005791, GO:0005802, GO:0030141, GO:0030425, GO:0043025, GO:0043679, GO:0048471, GO:0004252, GO:0043559, GO:0051087
37	5, 98129334, C, T	ENSP00000308219	478	1	GAG GC[C/T] CTG	438	A	A	Synonymous	0.00	Neutral	163	30	1.000	Tolerated	2.81	142		ENSG00000174136	RGMB_HUMAN	GO:0007155, GO:0007165, GO:0007411, GO:0030509, GO:0045893, GO:0005793, GO:0005886, GO:0045121, GO:0046658, GO:0042802
37	5, 98129334, C, T	ENSP00000423256	437	1	GAG GC[C/T] CTG	397	A	A	Synonymous	0.00	Neutral	163	30	1.000	Tolerated	2.83	134		ENSG00000174136	RGMB_HUMAN	GO:0007155, GO:0007165, GO:0007411, GO:0030509, GO:0045893, GO:0005793, GO:0005886, GO:0045121, GO:0046658, GO:0042802
38	5, 140348685, C, T	ENSP00000289269	1007	1	CAC TT[C/T] ATT	778	F	F	Synonymous	0.00	Neutral	349	30	0.847	Tolerated	2.76	96		ENSG00000243232	PCDC2_HUMAN	GO:0007155, GO:0007156, GO:0007399, GO:0005624, GO:0005886, GO:0005887, GO:0016020, GO:0005509
39	5, 140574103, T, G	ENSP00000239446	800	1	CAC [T/G]TG CTC	660	L	V	Single AA Change	2.59	Neutral	397	30	1.000	Tolerated	3.13	386	rs17844596	ENSG00000120324	PCDBA_HUMAN, PCDB9_HUMAN	GO:0007155, GO:0007156, GO:0007268, GO:0007416, GO:0016339, GO:0005886, GO:0016020, GO:0016021, GO:0005509
40	5, 141026202, G, A	ENSP00000399259	690	-1	GCC [C/T]GT GAC	338	R	C	Single AA Change	-6.27	Deleterious	141	30	0.000	Damaging	2.84	92		ENSG00000197948	FCSD1_HUMAN	GO:0005515
40	5, 141026202, G, A	ENSP00000427796	409	-1	GCC [C/T]GT GAC	262	R	C	Single AA Change	-5.84	Deleterious	131	30	0.000	Damaging	2.91	87		ENSG00000197948		
40	5, 141026202, G, A	ENSP00000428677	598	-1	GCC [C/T]GT GAC	336	R	C	Single AA Change	-5.04	Deleterious	128	30	0.000	Damaging	2.82	95		ENSG00000197948		GO:0005515
41	5, 167824782, G, A	ENSP00000265293	1113	1	GCT [G/A]AA ATT	163	E	K	Single AA Change	-2.97	Deleterious	177	30	0.004	Damaging	2.89	77		ENSG00000113645	KIBRA_HUMAN	GO:0006355, GO:0016477, GO:0035330, GO:0043410, GO:0005634, GO:0005737, GO:0005794, GO:0005886, GO:0032587, GO:0042995, GO:0048471, GO:0003713, GO:0005515
41	5, 167824782, G, A	ENSP00000377473	1080	1	GCT [G/A]AA ATT	125	E	K	Single AA Change	-2.94	Deleterious	170	30	0.003	Damaging	2.89	77		ENSG00000113645		GO:0005737, GO:0005515
41	5, 167824782, G, A	ENSP00000427772	1119	1	GCT [G/A]AA ATT	163	E	K	Single AA Change	-2.97	Deleterious	177	30	0.004	Damaging	2.85	84		ENSG00000113645		GO:0005737, GO:0005515
42	5, 178454473, G, T	ENSP00000430047	107	1	CCA [G/T]GA GTC	23	G	*	Nonsense	NA	NA	15	12	NA	NA	NA	NA		ENSG00000234284		
43	6, 36689483, C, T	record not found																			
44	6, 110301392, C, A	ENSP00000275169	362	1	TCT CC[C/A] AGC	359	P	P	Synonymous	0.00	Neutral	428	30	1.000	Tolerated	2.95	101		ENSG00000146360	GPR6_HUMAN	GO:0007186, GO:0007204, GO:0005886, GO:0005887, GO:0016021, GO:0004871, GO:0004872, GO:0004930, GO:0038036
44	6, 110301392, C, A	ENSP00000389236	340	1	TCT CC[C/A] AGC	337	P	P	Synonymous	0.00	Neutral	424	30	1.000	Tolerated	2.81	122		ENSG00000146360		GO:0007186, GO:0016021, GO:0004871, GO:0004872, GO:0004930
44	6, 110301392, C, A	ENSP00000406986	377	1	TCT CC[C/A] AGC	374	P	P	Synonymous	0.00	Neutral	427	30	1.000	Tolerated	2.94	103		ENSG00000146360	GPR6_HUMAN	GO:0007186, GO:0007204, GO:0005886, GO:0005887, GO:0016021, GO:0004871, GO:0004872, GO:0004930
45	6, 119147410, G, A	ENSP00000243218	689	-1	TTT [C/T]CT GAA	240	P	S	Single AA Change	-6.18	Deleterious	71	30	0.000	Damaging	2.82	47		ENSG00000111877		GO:0006260, GO:0015979, GO:0015995, GO:0003677, GO:0005524, GO:0016851
45	6, 119147410, G, A	ENSP00000314505	1143	-1	TTT [C/T]CT GAA	621	P	S	Single AA Change	-5.68	Deleterious	84	30	0.099	Tolerated	2.81	59		ENSG00000111877	MCM9_HUMAN	GO:0006260, GO:0015979, GO:0015995, GO:0000166, GO:0003677, GO:0005524, GO:0016887, GO:0017111, GO:0016851
45	6, 119147410, G, A	ENSP00000406576	183	-1	TTT [C/T]CT GAA	113	P	S	Single AA Change	-6.48	Deleterious	68	30	0.280	Tolerated	3.06	46		ENSG00000111877		GO:0006260, GO:0003677, GO:0005524
46	6, 152382220, G, A	ENSP00000206249	595	1	GAG [G/A]AG TTT	444	E	K	Single AA Change	-3.80	Deleterious	474	30	0.000	Damaging	2.86	354		ENSG00000091831	ESR1_HUMAN	GO:0001547, GO:0002064, GO:0002076, GO:0006351, GO:0006355, GO:0007165, GO:0008209, GO:0010467, GO:0030520, GO:0032355, GO:0042981, GO:0043401, GO:0043526, GO:0043627, GO:0045742, GO:0045885, GO:0045944, GO:0048146, GO:0048386, GO:0060011, GO:0060065, GO:0060068, GO:0060523, GO:0060527, GO:0060687, GO:0060745, GO:0060749, GO:0060750, GO:0070374, GO:0071391, GO:0005634, GO:0005654, GO:0005737, GO:0005886, GO:0016020, GO:0016585, GO:0030315, GO:0043005, GO:0043195, GO:0043204, GO:0043234, GO:0044429, GO:0048471, GO:0003677, GO:0003682, GO:0003700, GO:0003707, GO:0004872, GO:0004879, GO:0005496, GO:0005515, GO:0008013, GO:0008134, GO:0008270, GO:0019899, GO:0030235, GO:0030284, GO:0031798, GO:0032403, GO:0034056, GO:0042562, GO:0043565, GO:0046872
46	6, 152382220, G, A	ENSP00000342630	595	1	GAG [G/A]AG TTT	444	E	K	Single AA Change	-3.80	Deleterious	474	30	0.000	Damaging	2.86	354		ENSG00000091831	ESR1_HUMAN	GO:0001547, GO:0002064, GO:0002076, GO:0006351, GO:0006355, GO:0007165, GO:0008209, GO:0010467, GO:0030520, GO:0032355, GO:0042981, GO:0043401, GO:0043526, GO:0043627, GO:0045742, GO:0045885, GO:0045944, GO:0048146, GO:0048386, GO:0060011, GO:0060065, GO:0060068, GO:0060523, GO:0060527, GO:0060687, GO:0060745, GO:0060749, GO:0060750, GO:0070374, GO:0071391, GO:0030522, GO:0008584, GO:0030518, GO:0005634, GO:0005654, GO:0005737, GO:0005886, GO:0016020, GO:0016585, GO:0030315, GO:0043005, GO:0043195, GO:0043204, GO:0043234, GO:0044429, GO:0048471, GO:0003677, GO:0003682, GO:0003700, GO:0003707, GO:0004872, GO:0004879, GO:0005496, GO:0005515, GO:0008013, GO:0008134, GO:0008270, GO:0019899, GO:0030235, GO:0030284, GO:0031798, GO:0032403, GO:0034056, GO:0042562, GO:0043565, GO:0046872
46	6, 152382220, G, A	ENSP00000384064	334	1	GAG [G/A]AG TTT	183	E	K	Single AA Change	-3.73	Deleterious	450	30	0.000	Damaging	3.63	339		ENSG00000091831		GO:0001547, GO:0002064, GO:0002076, GO:0006355, GO:0008209, GO:0030520, GO:0032355, GO:0042981, GO:0043401, GO:0043526, GO:0045742, GO:0045885, GO:0045944, GO:0048146, GO:0060011, GO:0060065, GO:0060068, GO:0060523, GO:0060527, GO:0060687, GO:0060745, GO:0060749, GO:0060750, GO:0070374, GO:0071391, GO:0005634, GO:0005737, GO:0005886, GO:0030315, GO:0043005, GO:0043195, GO:0043204, GO:0043234, GO:0044429, GO:0048471, GO:0003677, GO:0003682, GO:0003700, GO:0003707, GO:0004872, GO:0004879, GO:0005496, GO:0008134, GO:0019899, GO:0030284, GO:0031798, GO:0032403, GO:0042562
46	6, 152382220, G, A	ENSP00000387500	595	1	GAG [G/A]AG TTT	444	E	K	Single AA Change	-3.80	Deleterious	474	30	0.000	Damaging	2.86	354		ENSG00000091831	ESR1_HUMAN	GO:0001547, GO:0002064, GO:0002076, GO:0006351, GO:0006355, GO:0007165, GO:0008209, GO:0010467, GO:0030520, GO:0032355, GO:0042981, GO:0043401, GO:0043526, GO:0043627, GO:0045742, GO:0045885, GO:0045944, GO:0048146, GO:0048386, GO:0060011, GO:0060065, GO:0060068, GO:0060523, GO:0060527, GO:0060687, GO:0060745, GO:0060749, GO:0060750, GO:0070374, GO:0071391, GO:0005634, GO:0005654, GO:0005737, GO:0005886, GO:0016020, GO:0016585, GO:0030315, GO:0043005, GO:0043195, GO:0043204, GO:0043234, GO:0044429, GO:0048471, GO:0003677, GO:0003682, GO:0003700, GO:0003707, GO:0004872, GO:0004879, GO:0005496, GO:0005515, GO:0008013, GO:0008134, GO:0008270, GO:0019899, GO:0030235, GO:0030284, GO:0031798, GO:0032403, GO:0034056, GO:0042562, GO:0043565, GO:0046872
46	6, 152382220, G, A	ENSP00000394721	388	1	GAG [G/A]AG TTT	349	E	K	Single AA Change	-3.50	Deleterious	454	30	0.000	Damaging	3.24	376		ENSG00000091831		GO:0006355, GO:0043401, GO:0005634, GO:0003677, GO:0003700, GO:0003707, GO:0004872, GO:0005496, GO:0008270, GO:0030284, GO:0043565, GO:0046872
46	6, 152382220, G, A	ENSP00000405330	595	1	GAG [G/A]AG TTT	444	E	K	Single AA Change	-3.80	Deleterious	474	30	0.000	Damaging	2.86	354		ENSG00000091831	ESR1_HUMAN	GO:0001547, GO:0002064, GO:0002076, GO:0006351, GO:0006355, GO:0007165, GO:0008209, GO:0010467, GO:0030520, GO:0032355, GO:0042981, GO:0043401, GO:0043526, GO:0043627, GO:0045742, GO:0045885, GO:0045944, GO:0048146, GO:0048386, GO:0060011, GO:0060065, GO:0060068, GO:0060523, GO:0060527, GO:0060687, GO:0060745, GO:0060749, GO:0060750, GO:0070374, GO:0071391, GO:0005634, GO:0005654, GO:0005737, GO:0005886, GO:0016020, GO:0016585, GO:0030315, GO:0043005, GO:0043195, GO:0043204, GO:0043234, GO:0044429, GO:0048471, GO:0003677, GO:0003682, GO:0003700, GO:0003707, GO:0004872, GO:0004879, GO:0005496, GO:0005515, GO:0008013, GO:0008134, GO:0008270, GO:0019899, GO:0030235, GO:0030284, GO:0031798, GO:0032403, GO:0034056, GO:0042562, GO:0043565, GO:0046872
46	6, 152382220, G, A	ENSP00000410047	523	1	GAG [G/A]AG TTT	372	E	K	Single AA Change	-3.77	Deleterious	484	30	0.000	Damaging	2.98	355		ENSG00000091831		GO:0006355, GO:0043401, GO:0005634, GO:0003677, GO:0003700, GO:0003707, GO:0004872, GO:0005496, GO:0008270, GO:0030284, GO:0043565, GO:0046872
46	6, 152382220, G, A	ENSP00000415934	483	1	GAG [G/A]AG TTT	332	E	K	Single AA Change	-3.40	Deleterious	453	30	0.000	Damaging	3.41	294		ENSG00000091831		GO:0001547, GO:0002064, GO:0002076, GO:0006355, GO:0008209, GO:0030520, GO:0032355, GO:0042981, GO:0043401, GO:0043526, GO:0045742, GO:0045885, GO:0045944, GO:0048146, GO:0060011, GO:0060065, GO:0060068, GO:0060523, GO:0060527, GO:0060687, GO:0060745, GO:0060749, GO:0060750, GO:0070374, GO:0071391, GO:0005634, GO:0005737, GO:0005886, GO:0030315, GO:0043005, GO:0043195, GO:0043204, GO:0043234, GO:0044429, GO:0048471, GO:0003677, GO:0003682, GO:0003700, GO:0003707, GO:0004872, GO:0004879, GO:0005496, GO:0008134, GO:0008270, GO:0019899, GO:0030284, GO:0031798, GO:0032403, GO:0042562, GO:0043565
46	6, 152382220, G, A	ENSP00000445454	310	1	GAG [G/A]AG TTT	271	E	K	Single AA Change	-3.61	Deleterious	443	30	0.000	Damaging	3.56	385		ENSG00000091831		GO:0006355, GO:0043401, GO:0005634, GO:0003700, GO:0003707, GO:0004872, GO:0008270, GO:0043565, GO:0046872
47	6, 161020563, G, A	ENSP00000321334	2040	-1	CAG [C/T]AT AGT	1086	H	Y	Single AA Change	-0.98	Neutral	151	30	0.004	Damaging	2.81	45		ENSG00000198670	APOA_HUMAN	GO:0006508, GO:0006629, GO:0006810, GO:0006869, GO:0006898, GO:0008015, GO:0010951, GO:0042157, GO:0005576, GO:0034358, GO:0001968, GO:0004252, GO:0004866, GO:0008201, GO:0008233, GO:0034185
47	6, 161020563, G, A	ENSP00000395608	2040	-1	CAG [C/T]AT AGT	1086	H	Y	Single AA Change	-0.98	Neutral	151	30	0.004	Damaging	2.81	45		ENSG00000198670	APOA_HUMAN	GO:0006508, GO:0006629, GO:0006810, GO:0006869, GO:0006898, GO:0008015, GO:0010951, GO:0042157, GO:0005576, GO:0034358, GO:0001968, GO:0004252, GO:0004866, GO:0008201, GO:0008233, GO:0034185
48	7, 18687554, C, T	ENSP00000262069	591	1	AGC AG[C/T] CAC	392	S	S	Synonymous	0.00	Neutral	225	30	1.000	Tolerated	2.90	195		ENSG00000048052		
48	7, 18687554, C, T	ENSP00000339165	923	1	AGC AG[C/T] CAC	391	S	S	Synonymous	0.00	Neutral	320	30	1.000	Tolerated	2.97	93		ENSG00000048052		GO:0016568, GO:0000118, GO:0004407
48	7, 18687554, C, T	ENSP00000383912	1025	1	AGC AG[C/T] CAC	350	S	S	Synonymous	0.00	Neutral	306	30	1.000	Tolerated	2.88	150		ENSG00000048052		GO:0016568, GO:0000118, GO:0004407
48	7, 18687554, C, T	ENSP00000384017	577	1	AGC AG[C/T] CAC	378	S	S	Synonymous	0.00	Neutral	225	30	1.000	Tolerated	2.92	198		ENSG00000048052		
48	7, 18687554, C, T	ENSP00000384382	590	1	AGC AG[C/T] CAC	391	S	S	Synonymous	0.00	Neutral	225	30	1.000	Tolerated	2.92	175		ENSG00000048052		
48	7, 18687554, C, T	ENSP00000384657	1066	1	AGC AG[C/T] CAC	391	S	S	Synonymous	0.00	Neutral	307	30	0.971	Tolerated	2.89	144		ENSG00000048052		GO:0016568, GO:0000118, GO:0004407
48	7, 18687554, C, T	ENSP00000388568	562	1	AGC AG[C/T] CAC	363	S	S	Synonymous	0.00	Neutral	225	30	1.000	Tolerated	2.95	189		ENSG00000048052		
48	7, 18687554, C, T	ENSP00000395655	546	1	AGC AG[C/T] CAC	347	S	S	Synonymous	0.00	Neutral	225	30	1.000	Tolerated	2.90	190		ENSG00000048052		
48	7, 18687554, C, T	ENSP00000401669	588	1	AGC AG[C/T] CAC	389	S	S	Synonymous	0.00	Neutral	225	30	1.000	Tolerated	2.91	191		ENSG00000048052		
48	7, 18687554, C, T	ENSP00000408617	1069	1	AGC AG[C/T] CAC	394	S	S	Synonymous	0.00	Neutral	307	30	0.997	Tolerated	2.89	145		ENSG00000048052		GO:0016568, GO:0000122, GO:0007507, GO:0045892, GO:0000118, GO:0035097, GO:0004407, GO:0003714, GO:0005515, GO:0070491
48	7, 18687554, C, T	ENSP00000410337	1011	1	AGC AG[C/T] CAC	391	S	S	Synonymous	0.00	Neutral	311	30	1.000	Tolerated	2.92	147		ENSG00000048052	HDAC9_HUMAN	GO:0000122, GO:0006954, GO:0007507, GO:0016568, GO:0016575, GO:0030183, GO:0032869, GO:0034983, GO:0042113, GO:0045892, GO:0048742, GO:0051153, GO:0070932, GO:0070933, GO:0090050, GO:0000118, GO:0005634, GO:0005667, GO:0005737, GO:0035097, GO:0003714, GO:0004407, GO:0005080, GO:0005515, GO:0008134, GO:0016787, GO:0032041, GO:0033558, GO:0034739, GO:0042826, GO:0046969, GO:0046970, GO:0070491
48	7, 18687554, C, T	ENSP00000430036	513	1	AGC AG[C/T] CAC	314	S	S	Synonymous	0.00	Neutral	225	30	1.000	Tolerated	2.93	186		ENSG00000048052		
49	7, 48288823, T, C	ENSP00000411096	5058	1	ACA C[T/C]T GAA	627	L	P	Single AA Change	-2.13	Neutral	158	30	0.000	Damaging	3.42	17		ENSG00000179869	ABCAD_HUMAN	GO:0006810, GO:0016020, GO:0016021, GO:0000166, GO:0005524, GO:0016887, GO:0017111
50	7, 82581388, T, C	ENSP00000334319	5142	-1	ACT [A/G]CT CTT	2961	T	A	Single AA Change	-2.32	Neutral	98	30	0.084	Tolerated	3.30	75		ENSG00000186472		GO:0007010, GO:0019933, GO:0017157, GO:0030073, GO:0045202, GO:0005515, GO:0046872, GO:0005522
50	7, 82581388, T, C	ENSP00000388393	4935	-1	ACT [A/G]CT CTT	2961	T	A	Single AA Change	-2.32	Neutral	98	30	0.064	Tolerated	3.31	71		ENSG00000186472		GO:0045202, GO:0005515, GO:0046872
50	7, 82581388, T, C	ENSP00000403939	3635	-1	ACT [A/G]CT CTT	2892	T	A	Single AA Change	-2.22	Neutral	98	30	0.073	Tolerated	3.32	69		ENSG00000186472		GO:0045202, GO:0046872
51	7, 100253173, CC, TT	ENSP00000160382	426	-1	GCC GC[GG/AA]AG GAG	47	E	K	Single AA Change	-1.02	Neutral	141	30	0.617	Tolerated	2.83	124		ENSG00000077080	ACL6B_HUMAN	GO:0006325, GO:0006338, GO:0006357, GO:0007399, GO:0005634, GO:0005730, GO:0016514, GO:0071565, GO:0003713, GO:0005200, GO:0005524
52	7, 100363044, G, A	record not found																			
53	7, 131865425, C, T	ENSP00000323194	1894	-1	GGG [G/A]AG AAG	1187	E	K	Single AA Change	-1.40	Neutral	242	30	0.587	Tolerated	2.84	202		ENSG00000221866	PLXA4_HUMAN	GO:0007165, GO:0007275, GO:0007399, GO:0007411, GO:0021610, GO:0021615, GO:0021636, GO:0021644, GO:0021784, GO:0021793, GO:0021960, GO:0048485, GO:0048812, GO:0048841, GO:0050923, GO:0071526, GO:0002116, GO:0005622, GO:0005886, GO:0016020, GO:0016021, GO:0004872, GO:0005515, GO:0017154
53	7, 131865425, C, T	ENSP00000352882	1894	-1	GGG [G/A]AG AAG	1187	E	K	Single AA Change	-1.40	Neutral	242	30	0.587	Tolerated	2.84	202		ENSG00000221866	PLXA4_HUMAN	GO:0007165, GO:0007275, GO:0007399, GO:0007411, GO:0021610, GO:0021615, GO:0021636, GO:0021644, GO:0021784, GO:0021793, GO:0021960, GO:0048485, GO:0048812, GO:0048841, GO:0050923, GO:0071526, GO:0002116, GO:0005622, GO:0005886, GO:0016020, GO:0016021, GO:0004872, GO:0005515, GO:0017154
54	7, 140453136, A, T	ENSP00000288602	766	-1	ACA G[T/A]G AAA	600	V	E	Single AA Change	-4.78	Deleterious	242	30	0.001	Damaging	2.88	204	rs113488022	ENSG00000157764	BRAF_HUMAN	GO:0000186, GO:0006468, GO:0006916, GO:0007165, GO:0007264, GO:0007268, GO:0009887, GO:0033138, GO:0035556, GO:0043066, GO:0043434, GO:0043524, GO:0048011, GO:0051591, GO:0070374, GO:0000165, GO:0005625, GO:0005634, GO:0005737, GO:0005829, GO:0005886, GO:0019717, GO:0005624, GO:0000166, GO:0004672, GO:0004674, GO:0004709, GO:0004713, GO:0005057, GO:0005515, GO:0005524, GO:0031434, GO:0046872, GO:0046982
54	7, 140453136, A, T	ENSP00000418033	102	-1	ACA G[T/A]G AAA	28	V	E	Single AA Change	-5.56	Deleterious	191	30	0.122	Tolerated	3.08	393	rs113488022	ENSG00000157764		GO:0006468, GO:0004672, GO:0005524
54	7, 140453136, A, T	ENSP00000419060	375	-1	ACA G[T/A]G AAA	208	V	E	Single AA Change	-5.29	Deleterious	235	30	0.007	Damaging	2.90	236	rs113488022	ENSG00000157764		GO:0006468, GO:0004672, GO:0004713, GO:0005524
55	8, 8235028, G, A	ENSP00000330930	1402	-1	GGG CC[C/T] GCA	297	P	P	Synonymous	0.00	Neutral	92	30	0.487	Tolerated	3.55	29		ENSG00000182319	SG223_HUMAN	GO:0006468, GO:0000166, GO:0004672, GO:0004713, GO:0004715, GO:0005524, GO:0016772
55	8, 8235028, G, A	ENSP00000428054	1402	-1	GGG CC[C/T] GCA	297	P	P	Synonymous	0.00	Neutral	92	30	0.487	Tolerated	3.55	29		ENSG00000182319		GO:0006468, GO:0000166, GO:0004672, GO:0004713, GO:0004715, GO:0005524, GO:0016772
56	8, 8747688, G, A	ENSP00000276282	1052	-1	ACC [C/T]CC TTG	961	P	S	Single AA Change	-5.25	Deleterious	64	30	0.006	Damaging	2.83	41		ENSG00000147324	MFHA1_HUMAN	GO:0005515
57	8, 24776119, A, C	record not found																			
58	8, 71036946, C, T	ENSP00000267974	552	-1	TGG GC[G/A] CAG	445	A	A	Synonymous	0.00	Neutral	186	30	1.000	Tolerated	2.95	170		ENSG00000140396		GO:0006355, GO:0005634, GO:0003713, GO:0035257
58	8, 71036946, C, T	ENSP00000399968	1464	-1	TGG GC[G/A] CAG	1357	A	A	Synonymous	0.00	Neutral	185	30	0.728	Tolerated	2.91	149		ENSG00000140396	NCOA2_HUMAN	GO:0000122, GO:0006355, GO:0007165, GO:0021549, GO:0030521, GO:0044255, GO:0045944, GO:0045892, GO:0005634, GO:0005654, GO:0005737, GO:0005791, GO:0005794, GO:0005874, GO:0014069, GO:0030425, GO:0043025, GO:0048786, GO:0003682, GO:0003713, GO:0004402, GO:0004871, GO:0005515, GO:0016922, GO:0030165, GO:0030374, GO:0030375, GO:0035257, GO:0005102
58	8, 71036946, C, T	ENSP00000429132	565	-1	TGG GC[G/A] CAG	458	A	A	Synonymous	0.00	Neutral	187	30	1.000	Tolerated	2.90	168		ENSG00000140396		GO:0006355, GO:0005634, GO:0003713, GO:0035257
59	8, 119945195, A, T	ENSP00000297350	401	-1	TGC CC[T/A] CCT	125	P	P	Synonymous	0.00	Neutral	93	30	1.000	Tolerated	2.89	92		ENSG00000164761	TR11B_HUMAN	GO:0001501, GO:0006915, GO:0007165, GO:0007584, GO:0030198, GO:0032026, GO:0042489, GO:0042493, GO:0043627, GO:0045779, GO:0046685, GO:0010035, GO:0005576, GO:0005578, GO:0004872, GO:0005125, GO:0005488, GO:0005515
59	8, 119945195, A, T	ENSP00000427924	145	-1	TGC CC[T/A] CCT	125	P	P	Synonymous	0.00	Neutral	91	30	1.000	Tolerated	2.76	67		ENSG00000164761		GO:0005488
60	9, 14841560, C, T	ENSP00000370257	1338	-1	CAG A[G/A]G GAT	592	R	K	Single AA Change	-1.38	Neutral	90	30	0.293	Tolerated	2.76	56		ENSG00000164946		
60	9, 14841560, C, T	ENSP00000370262	2179	-1	CAG A[G/A]G GAT	589	R	K	Single AA Change	-1.24	Neutral	94	30	0.336	Tolerated	2.86	37		ENSG00000164946	FREM1_HUMAN	GO:0007154, GO:0007155, GO:0007160, GO:0007275, GO:0005576, GO:0005604, GO:0016021, GO:0005488, GO:0005529, GO:0046872
60	9, 14841560, C, T	ENSP00000370263	2180	-1	CAG A[G/A]G GAT	590	R	K	Single AA Change	-1.24	Neutral	94	30	0.341	Tolerated	2.85	38		ENSG00000164946		GO:0007154, GO:0016021, GO:0005488
60	9, 14841560, C, T	ENSP00000412940	2179	-1	CAG A[G/A]G GAT	589	R	K	Single AA Change	-1.24	Neutral	94	30	0.336	Tolerated	2.86	37		ENSG00000164946	FREM1_HUMAN	GO:0007154, GO:0007155, GO:0007160, GO:0007275, GO:0005576, GO:0005604, GO:0016021, GO:0005488, GO:0005529, GO:0046872
61	9, 86585817, C, T	ENSP00000317788	463	-1	TCC G[G/A]A TAT	368	G	E	Single AA Change	-2.90	Deleterious	125	30	0.007	Damaging	3.32	61		ENSG00000165119	HNRPK_HUMAN	GO:0000398, GO:0006396, GO:0007165, GO:0008380, GO:0010467, GO:0010988, GO:0044419, GO:0045716, GO:0045944, GO:0048260, GO:0072369, GO:0000790, GO:0005634, GO:0005654, GO:0005737, GO:0030530, GO:0071013, GO:0000978, GO:0001077, GO:0003677, GO:0003697, GO:0003723, GO:0005515
61	9, 86585817, C, T	ENSP00000353552	463	-1	TCC G[G/A]A TAT	368	G	E	Single AA Change	-2.90	Deleterious	125	30	0.007	Damaging	3.32	61		ENSG00000165119	HNRPK_HUMAN	GO:0000398, GO:0006396, GO:0007165, GO:0008380, GO:0010467, GO:0010988, GO:0044419, GO:0045716, GO:0045944, GO:0048260, GO:0072369, GO:0000790, GO:0005634, GO:0005654, GO:0005737, GO:0030530, GO:0071013, GO:0000978, GO:0001077, GO:0003677, GO:0003697, GO:0003723, GO:0005515
61	9, 86585817, C, T	ENSP00000365434	459	-1	TCC G[G/A]A TAT	363	G	E	Single AA Change	-2.99	Deleterious	172	30	0.006	Damaging	3.39	84		ENSG00000165119		GO:0005634, GO:0030529, GO:0003723
61	9, 86585817, C, T	ENSP00000365439	464	-1	TCC G[G/A]A TAT	368	G	E	Single AA Change	-2.90	Deleterious	125	30	0.007	Damaging	3.31	60		ENSG00000165119		GO:0003723
61	9, 86585817, C, T	ENSP00000365440	463	-1	TCC G[G/A]A TAT	368	G	E	Single AA Change	-2.90	Deleterious	125	30	0.007	Damaging	3.32	61		ENSG00000165119	HNRPK_HUMAN	GO:0000398, GO:0006396, GO:0007165, GO:0008380, GO:0010467, GO:0010988, GO:0044419, GO:0045716, GO:0045944, GO:0048260, GO:0072369, GO:0000790, GO:0005634, GO:0005654, GO:0005737, GO:0030530, GO:0071013, GO:0000978, GO:0001077, GO:0003677, GO:0003697, GO:0003723, GO:0005515
61	9, 86585817, C, T	ENSP00000365444	464	-1	TCC G[G/A]A TAT	368	G	E	Single AA Change	-2.90	Deleterious	125	30	0.007	Damaging	3.31	60		ENSG00000165119		GO:0003723
61	9, 86585817, C, T	ENSP00000365458	464	-1	TCC G[G/A]A TAT	368	G	E	Single AA Change	-2.90	Deleterious	125	30	0.007	Damaging	3.31	60		ENSG00000165119		GO:0003723, GO:0003697, GO:0005515
61	9, 86585817, C, T	ENSP00000397725	428	-1	TCC G[G/A]A TAT	333	G	E	Single AA Change	-2.83	Deleterious	127	30	0.008	Damaging	3.16	64		ENSG00000165119		GO:0005634, GO:0030529, GO:0003723
61	9, 86585817, C, T	ENSP00000409456	379	-1	TCC G[G/A]A TAT	344	G	E	Single AA Change	-2.96	Deleterious	135	30	0.022	Damaging	3.66	36		ENSG00000165119		GO:0005634, GO:0030529, GO:0003723
62	9, 117119235, C, T	ENSP00000223791	899	-1	ATG GC[G/A] TCC	378	A	A	Synonymous	0.00	Neutral	65	30	1.000	Tolerated	3.17	28	rs62640057	ENSG00000106948		
62	9, 117119235, C, T	ENSP00000303769	1439	-1	ATG GC[G/A] TCC	918	A	A	Synonymous	0.00	Neutral	63	30	1.000	Tolerated	3.30	30	rs62640057	ENSG00000106948	AKNA_HUMAN	GO:0006355, GO:0005634, GO:0003677
62	9, 117119235, C, T	ENSP00000363188	1358	-1	ATG GC[G/A] TCC	837	A	A	Synonymous	0.00	Neutral	64	30	1.000	Tolerated	3.29	30	rs62640057	ENSG00000106948		
62	9, 117119235, C, T	ENSP00000363201	1439	-1	ATG GC[G/A] TCC	918	A	A	Synonymous	0.00	Neutral	63	30	1.000	Tolerated	3.30	30	rs62640057	ENSG00000106948	AKNA_HUMAN	GO:0006355, GO:0005634, GO:0003677
63	9, 120476747, C, T	ENSP00000363089	839	1	AGG [C/T]AG CAG	781	Q	*	Nonsense	NA	NA	246	30	NA	NA	NA	NA		ENSG00000136869	TLR4_HUMAN	GO:0000187, GO:0001666, GO:0002224, GO:0002282, GO:0002537, GO:0002755, GO:0002756, GO:0002758, GO:0003009, GO:0006955, GO:0006979, GO:0007165, GO:0007249, GO:0007252, GO:0008063, GO:0009636, GO:0010572, GO:0014823, GO:0016046, GO:0016064, GO:0030890, GO:0031663, GO:0032496, GO:0032497, GO:0032570, GO:0032689, GO:0032700, GO:0032707, GO:0032715, GO:0032720, GO:0032722, GO:0032727, GO:0032728, GO:0032729, GO:0032732, GO:0032733, GO:0032735, GO:0032755, GO:0032757, GO:0032760, GO:0032868, GO:0032874, GO:0034130, GO:0034134, GO:0034142, GO:0042088, GO:0042116, GO:0042346, GO:0042535, GO:0042742, GO:0043065, GO:0043123, GO:0043388, GO:0045084, GO:0045087, GO:0045348, GO:0045359, GO:0045416, GO:0045429, GO:0045471, GO:0045671, GO:0045944, GO:0046330, GO:0050729, GO:0050731, GO:0050829, GO:0051092, GO:0051770, GO:0051930, GO:0052033, GO:0060729, GO:0060907, GO:0070373, GO:0070374, GO:0070430, GO:0070434, GO:0070542, GO:0071222, GO:0071223, GO:0071260, GO:0051091, GO:0006954, GO:0002218, GO:0009617, GO:0050727, GO:0050671, GO:0032609, GO:0005622, GO:0005737, GO:0005886, GO:0005887, GO:0009897, GO:0016021, GO:0045121, GO:0046696, GO:0048471, GO:0009986, GO:0001530, GO:0001875, GO:0004872, GO:0004888, GO:0005515, GO:0043548
63	9, 120476747, C, T	ENSP00000377997	799	1	AGG [C/T]AG CAG	741	Q	*	Nonsense	NA	NA	225	30	NA	NA	NA	NA		ENSG00000136869		GO:0006955, GO:0007165, GO:0005622, GO:0016021, GO:0004888, GO:0005515
64	9, 123783956, G, A	ENSP00000223642	1676	-1	GAT T[C/T]G CTT	378	S	L	Single AA Change	-2.12	Neutral	118	30	0.190	Tolerated	2.93	38		ENSG00000106804	CO5_HUMAN	GO:0000187, GO:0001701, GO:0002523, GO:0006874, GO:0006917, GO:0006935, GO:0006950, GO:0006954, GO:0006956, GO:0006957, GO:0006958, GO:0007166, GO:0007186, GO:0010575, GO:0010700, GO:0010760, GO:0019835, GO:0033602, GO:0042593, GO:0045087, GO:0045766, GO:0050921, GO:0090197, GO:0005576, GO:0005579, GO:0005615, GO:0005625, GO:0004866, GO:0005102, GO:0005515, GO:0008009, GO:0031714
64	9, 123783956, G, A	ENSP00000394199	1105	-1	GAT T[C/T]G CTT	449	S	L	Single AA Change	-2.42	Neutral	104	30	0.040	Damaging	2.81	58		ENSG00000106804		GO:0005576, GO:0004866
65	11, 48347122, G, A	ENSP00000321419	329	1	TTG CT[G/A] GAA	210	L	L	Synonymous	0.00	Neutral	466	30	1.000	Tolerated	3.18	398		ENSG00000176547	OR4C3_HUMAN	GO:0007186, GO:0050896, GO:0005886, GO:0016021, GO:0004871, GO:0004872, GO:0004930, GO:0004984
65	11, 48347122, G, A	ENSP00000378660	200	1	TTG CT[G/A] GAA	73	L	L	Synonymous	0.00	Neutral	597	30	1.000	Tolerated	3.18	400		ENSG00000176547		GO:0007186, GO:0016021
66	11, 55703035, G, A	ENSP00000301532	314	-1	TAC A[C/T]C ATT	281	T	I	Single AA Change	-5.63	Deleterious	578	30	0.005	Damaging	2.78	377		ENSG00000167825	OR5I1_HUMAN	GO:0007165, GO:0007186, GO:0050896, GO:0005886, GO:0016021, GO:0004871, GO:0004872, GO:0004930, GO:0004984
67	11, 62295535, G, A	ENSP00000244934	791	-1	ATC TC[C/T] ATG	207	S	S	Synonymous	0.00	Neutral	57	30	1.000	Tolerated	2.78	45		ENSG00000124942		
67	11, 62295535, G, A	ENSP00000367263	5890	-1	ATC TC[C/T] ATG	2118	S	S	Synonymous	0.00	Neutral	38	30	1.000	Tolerated	2.78	35		ENSG00000124942	AHNK_HUMAN	GO:0007399, GO:0005634, GO:0005515
68	11, 67225892, G, A	ENSP00000324960	275	1	GAG GC[G/A] GTA	234	A	A	Synonymous	0.00	Neutral	186	30	1.000	Tolerated	2.90	348		ENSG00000175544	CABP4_HUMAN	GO:0007165, GO:0007601, GO:0007602, GO:0008594, GO:0046549, GO:0060040, GO:0005576, GO:0005737, GO:0043195, GO:0045202, GO:0005509
68	11, 67225892, G, A	ENSP00000401555	170	1	GAG GC[G/A] GTA	129	A	A	Synonymous	0.00	Neutral	192	30	1.000	Tolerated	3.08	183		ENSG00000175544		GO:0005509
69	11, 119996445, C, A	ENSP00000343129	588	-1	TGC AA[G/T] GCG	429	K	N	Single AA Change	-1.48	Neutral	201	30	0.006	Damaging	3.00	59		ENSG00000137699	TRI29_HUMAN	GO:0006355, GO:0006366, GO:0005622, GO:0005737, GO:0003700, GO:0005515, GO:0008270, GO:0046872
69	11, 119996445, C, A	ENSP00000436015	327	-1	TGC AA[G/T] GCG	168	K	N	Single AA Change	-1.11	Neutral	102	27	0.007	Damaging	3.44	38		ENSG00000137699		GO:0005737
69	11, 119996445, C, A	ENSP00000445638	321	-1	TGC AA[G/T] GCG	162	K	N	Single AA Change	-1.24	Neutral	100	25	0.007	Damaging	3.43	38		ENSG00000137699		GO:0005737
70	12, 29904703, C, G	ENSP00000256062	774	-1	CAG CG[G/C] TTC	170	R	R	Synonymous	0.00	Neutral	130	30	1.000	Tolerated	3.12	31		ENSG00000133687	TMTC1_HUMAN	GO:0006396, GO:0005622, GO:0005739, GO:0016020, GO:0016021, GO:0005488, GO:0005515
70	12, 29904703, C, G	ENSP00000370622	574	-1	CAG CG[G/C] TTC	170	R	R	Synonymous	0.00	Neutral	88	30	1.000	Tolerated	3.39	32		ENSG00000133687		GO:0005515
70	12, 29904703, C, G	ENSP00000442046	882	-1	CAG CG[G/C] TTC	278	R	R	Synonymous	0.00	Neutral	132	30	1.000	Tolerated	2.98	36		ENSG00000133687	TMTC1_HUMAN	GO:0006396, GO:0005622, GO:0005739, GO:0016020, GO:0016021, GO:0005488, GO:0005515
70	12, 29904703, C, G	ENSP00000448112	944	-1	CAG CG[G/C] TTC	278	R	R	Synonymous	0.00	Neutral	95	30	1.000	Tolerated	3.55	31		ENSG00000133687		GO:0006396, GO:0005622, GO:0005488, GO:0005515
70	12, 29904703, C, G	ENSP00000449043	906	-1	CAG CG[G/C] TTC	278	R	R	Synonymous	0.00	Neutral	89	30	1.000	Tolerated	3.55	31		ENSG00000133687		GO:0005488, GO:0005515
71	12, 48963795, G, A	ENSP00000301046	142	-1	AGG TT[C/T] TTT	3	F	F	Synonymous	0.00	Neutral	450	30	0.325	Tolerated	2.94	74		ENSG00000167531	LALBA_HUMAN	GO:0005989, GO:0006917, GO:0007165, GO:0007267, GO:0042742, GO:0005576, GO:0005615, GO:0004461, GO:0005509, GO:0005515
71	12, 48963795, G, A	ENSP00000449780	123	-1	AGG TT[C/T] TTT	3	F	F	Synonymous	0.00	Neutral	461	30	0.430	Tolerated	2.97	71		ENSG00000167531		GO:0005989, GO:0004461, GO:0005509
72	12, 113531460, G, A	ENSP00000257600	620	1	GGC [G/A]TG CCC	374	V	M	Single AA Change	-1.53	Neutral	152	30	0.025	Damaging	2.92	120		ENSG00000135144	DTX1_HUMAN	GO:0006351, GO:0006366, GO:0007166, GO:0008593, GO:0010001, GO:0045581, GO:0045665, GO:0007219, GO:0005634, GO:0005737, GO:0003713, GO:0005112, GO:0005515, GO:0008270, GO:0017124, GO:0031625, GO:0046872
73	12, 133808150, C, A	ENSP00000409950	379	-1	AGG CT[G/T] GGC	110	L	L	Synonymous	0.00	Neutral	133	30	1.000	Tolerated	2.97	179		ENSG00000227059		GO:0006355, GO:0005634, GO:0003700, GO:0043565
73	12, 133808150, C, A	ENSP00000439513	379	-1	AGG CT[G/T] GGC	110	L	L	Synonymous	0.00	Neutral	133	30	1.000	Tolerated	2.97	179		ENSG00000227059		GO:0006355, GO:0005634, GO:0003700, GO:0043565
74	13, 103275340, C, T	ENSP00000365220	1262	1	TAC T[C/T]C GTT	245	S	F	Single AA Change	-3.84	Deleterious	100	30	0.001	Damaging	2.83	82		ENSG00000134900		GO:0006508, GO:0005625, GO:0004252, GO:0042277, GO:0008240
74	13, 103275340, C, T	ENSP00000365233	1249	1	TAC T[C/T]C GTT	245	S	F	Single AA Change	-3.84	Deleterious	100	30	0.001	Damaging	2.83	76		ENSG00000134900	TPP2_HUMAN	GO:0000209, GO:0002474, GO:0006508, GO:0005625, GO:0005634, GO:0005737, GO:0005829, GO:0004175, GO:0004177, GO:0004252, GO:0008233, GO:0008240, GO:0042277
75	14, 24808688, C, T	ENSP00000216274	518	-1	TAC [G/A]AT GTG	46	D	N	Single AA Change	-3.29	Deleterious	64	30	0.105	Tolerated	2.85	72		ENSG00000129465	RIPK3_HUMAN	GO:0006464, GO:0006468, GO:0007165, GO:0007249, GO:0008624, GO:0006917, GO:0005622, GO:0005737, GO:0005739, GO:0005886, GO:0000166, GO:0003713, GO:0004672, GO:0004674, GO:0004704, GO:0004713, GO:0005515, GO:0005524
75	14, 24808688, C, T	ENSP00000452328	231	-1	TAC [G/A]AT GTG	46	D	N	Single AA Change	-3.30	Deleterious	64	30	0.099	Tolerated	2.79	67		ENSG00000129465		GO:0006468, GO:0004672, GO:0004713, GO:0005524
76	15, 41044288, G, A	ENSP00000260385	470	-1	CTG GA[C/T] CGC	92	D	D	Synonymous	0.00	Neutral	113	30	1.000	Tolerated	2.76	52		ENSG00000137824	RMD3_HUMAN	GO:0006915, GO:0030154, GO:0000922, GO:0005634, GO:0005737, GO:0005739, GO:0005856, GO:0005874, GO:0016020, GO:0016021, GO:0031966, GO:0005488
76	15, 41044288, G, A	ENSP00000342493	470	-1	CTG GA[C/T] CGC	92	D	D	Synonymous	0.00	Neutral	113	30	1.000	Tolerated	2.76	52		ENSG00000137824	RMD3_HUMAN	GO:0006915, GO:0030154, GO:0000922, GO:0005634, GO:0005737, GO:0005739, GO:0005856, GO:0005874, GO:0016020, GO:0016021, GO:0031966, GO:0005488
76	15, 41044288, G, A	ENSP00000399794	407	-1	CTG GA[C/T] CGC	29	D	D	Synonymous	0.00	Neutral	114	30	1.000	Tolerated	2.83	65		ENSG00000137824		GO:0005739, GO:0005488
76	15, 41044288, G, A	ENSP00000453199	287	-1	CTG GA[C/T] CGC	92	D	D	Synonymous	0.00	Neutral	110	28	1.000	Tolerated	2.89	39		ENSG00000137824		
76	15, 41044288, G, A	ENSP00000453357	116	-1	GGA [C/T]CG CCT	60	P	S	Single AA Change	-8.00	Deleterious	1	1	NA	NA	NA	NA		ENSG00000137824		
76	15, 41044288, G, A	ENSP00000453978	251	-1	CTG GA[C/T] CGC	92	D	D	Synonymous	0.00	Neutral	106	23	1.000	Tolerated	3.78	35		ENSG00000137824		
77	15, 75120427, C, T	ENSP00000378464	158	1	CTG [C/T]GG AGC	73	R	W	Single AA Change	-7.86	Deleterious	97	20	0.000	Damaging	3.16	64		ENSG00000213578	CPLX3_HUMAN	GO:0006836, GO:0016079, GO:0030073, GO:0046928, GO:0055085, GO:0005829, GO:0005886, GO:0030054, GO:0045202, GO:0016020, GO:0005326, GO:0019905, GO:0000149
78	15, 81644046, C, T	ENSP00000352413	1100	-1	TGG [G/A]AA AAG	358	E	K	Single AA Change	-3.13	Deleterious	138	30	0.008	Damaging	2.85	129		ENSG00000188869	TMC3_HUMAN	GO:0016020, GO:0016021
78	15, 81644046, C, T	ENSP00000452681	1101	-1	TGG [G/A]AA AAG	358	E	K	Single AA Change	-2.03	Neutral	138	30	0.085	Tolerated	2.82	142		ENSG00000188869		GO:0016021
79	16, 2647708, G, A	ENSP00000268673	429	1	TGC AG[G/A] AAG	410	R	R	Synonymous	0.00	Neutral	132	30	0.740	Tolerated	2.86	136		ENSG00000140992	PDPK1_HUMAN	GO:0006468, GO:0006469, GO:0006972, GO:0007268, GO:0007596, GO:0008286, GO:0008543, GO:0016310, GO:0018107, GO:0030036, GO:0030168, GO:0030512, GO:0031295, GO:0032148, GO:0032869, GO:0035556, GO:0042981, GO:0043122, GO:0046777, GO:0048011, GO:0048015, GO:0048041, GO:0050852, GO:0090004, GO:0005654, GO:0005737, GO:0005829, GO:0005886, GO:0016023, GO:0000166, GO:0004672, GO:0004674, GO:0004676, GO:0005158, GO:0005515, GO:0005524, GO:0016301, GO:0019901
79	16, 2647708, G, A	ENSP00000344220	556	1	TGC AG[G/A] AAG	537	R	R	Synonymous	0.00	Neutral	118	30	0.517	Tolerated	2.84	83		ENSG00000140992	PDPK1_HUMAN	GO:0006468, GO:0006469, GO:0006972, GO:0007268, GO:0007596, GO:0008286, GO:0008543, GO:0016310, GO:0018107, GO:0030036, GO:0030168, GO:0030512, GO:0031295, GO:0032148, GO:0032869, GO:0035556, GO:0042981, GO:0043122, GO:0046777, GO:0048011, GO:0048015, GO:0048041, GO:0050852, GO:0090004, GO:0003323, GO:0010667, GO:0010594, GO:0043304, GO:0034122, GO:0005654, GO:0005737, GO:0005829, GO:0005886, GO:0016023, GO:0000166, GO:0004672, GO:0004674, GO:0004676, GO:0004713, GO:0005158, GO:0005515, GO:0005524, GO:0016301, GO:0016772, GO:0019901
79	16, 2647708, G, A	ENSP00000346895	532	1	TGC AG[G/A] AAG	513	R	R	Synonymous	0.00	Neutral	122	30	0.547	Tolerated	2.82	80		ENSG00000140992		GO:0006468, GO:0000166, GO:0004672, GO:0004674, GO:0004713, GO:0005524, GO:0016772
79	16, 2647708, G, A	ENSP00000373876	529	1	TGC AG[G/A] AAG	510	R	R	Synonymous	0.00	Neutral	122	30	0.606	Tolerated	2.86	79		ENSG00000140992		GO:0006468, GO:0006972, GO:0048041, GO:0005737, GO:0005829, GO:0005886, GO:0016023, GO:0000166, GO:0004672, GO:0004676, GO:0004713, GO:0005158, GO:0005524, GO:0016772, GO:0019901
80	16, 71686889, G, A	ENSP00000299971	792	-1	TCC T[C/T]C GCT	681	S	F	Single AA Change	-3.88	Deleterious	125	30	0.003	Damaging	2.98	89		ENSG00000040199		GO:0003824, GO:0005515
80	16, 71686889, G, A	ENSP00000348611	1323	-1	TCC T[C/T]C GCT	874	S	F	Single AA Change	-3.94	Deleterious	125	30	0.002	Damaging	2.93	96		ENSG00000040199	PHLP2_HUMAN	GO:0005634, GO:0005737, GO:0016020, GO:0003824, GO:0004721, GO:0005515, GO:0016787, GO:0046872
80	16, 71686889, G, A	ENSP00000353610	956	-1	TCC T[C/T]C GCT	874	S	F	Single AA Change	-3.61	Deleterious	125	30	0.003	Damaging	2.88	91		ENSG00000040199		GO:0003824, GO:0005515
80	16, 71686889, G, A	ENSP00000377159	1256	-1	TCC T[C/T]C GCT	807	S	F	Single AA Change	-3.94	Deleterious	125	30	0.002	Damaging	2.93	94		ENSG00000040199		GO:0003824, GO:0005515
80	16, 71686889, G, A	ENSP00000445781	166	-1	TCC T[C/T]C GCT	84	S	F	Single AA Change	-4.39	Deleterious	120	30	0.003	Damaging	2.84	102		ENSG00000040199		GO:0003824
80	16, 71686889, G, A	ENSP00000454519	1358	-1	TCC T[C/T]C GCT	909	S	F	Single AA Change	-3.99	Deleterious	125	30	0.001	Damaging	2.90	99		ENSG00000040199		GO:0005634, GO:0005737, GO:0016020, GO:0003824, GO:0004721, GO:0005515, GO:0016787, GO:0046872
80	16, 71686889, G, A	ENSP00000456572	319	-1	TCC T[C/T]C GCT	237	S	F	Single AA Change	-4.15	Deleterious	122	30	0.005	Damaging	2.89	99		ENSG00000040199		GO:0003824, GO:0005515
80	16, 71686889, G, A	ENSP00000457991	1323	-1	TCC T[C/T]C GCT	874	S	F	Single AA Change	-3.94	Deleterious	125	30	0.002	Damaging	2.93	96		ENSG00000040199		GO:0005634, GO:0005737, GO:0016020, GO:0003824, GO:0004721, GO:0005515, GO:0016787, GO:0046872
81	16, 77353831, C, A	ENSP00000282849	1221	-1	GCT G[G/T]G ACC	816	G	V	Single AA Change	-8.65	Deleterious	143	30	0.000	Damaging	2.77	134		ENSG00000140873	ATS18_HUMAN	GO:0006508, GO:0005576, GO:0005578, GO:0031012, GO:0004222, GO:0008233, GO:0008270, GO:0046872
82	16, 77918697, G, A	ENSP00000303129	419	1	GAG [G/A]AG GTG	359	E	K	Single AA Change	-2.33	Neutral	147	30	0.512	Tolerated	2.85	117		ENSG00000171724	VAT1L_HUMAN	GO:0055114, GO:0000166, GO:0008270, GO:0016491, GO:0016747
83	17, 7806288, C, T	ENSP00000332628	2000	1	CTG T[C/T]C ACC	1135	S	F	Single AA Change	-5.52	Deleterious	179	30	0.000	Damaging	2.85	370		ENSG00000170004	CHD3_HUMAN	GO:0006355, GO:0006357, GO:0007051, GO:0016568, GO:0051297, GO:0005634, GO:0005737, GO:0005813, GO:0005856, GO:0016581, GO:0000166, GO:0003676, GO:0003677, GO:0004003, GO:0004386, GO:0005515, GO:0005524, GO:0008270, GO:0016787, GO:0016818, GO:0046872
83	17, 7806288, C, T	ENSP00000350907	1966	1	CTG T[C/T]C ACC	1135	S	F	Single AA Change	-5.52	Deleterious	184	30	0.000	Damaging	2.86	366		ENSG00000170004		GO:0006355, GO:0005634, GO:0003676, GO:0003677, GO:0004386, GO:0005515, GO:0005524, GO:0008270, GO:0016787, GO:0016818
83	17, 7806288, C, T	ENSP00000369716	2059	1	CTG T[C/T]C ACC	1194	S	F	Single AA Change	-5.55	Deleterious	178	30	0.000	Damaging	2.93	371		ENSG00000170004		GO:0006333, GO:0006355, GO:0005634, GO:0016581, GO:0016585, GO:0003676, GO:0003677, GO:0004386, GO:0005515, GO:0005524, GO:0008026, GO:0008270, GO:0016787, GO:0016818, GO:0046872
84	17, 27963168, GG, AA	ENSP00000269033	1423	-1	GAA AC[CC/TT]GG TCA	667	R	W	Single AA Change	-2.42	Neutral	114	30	0.000	Damaging	3.76	37		ENSG00000141298	SSH2_HUMAN	GO:0006470, GO:0008064, GO:0010591, GO:0016311, GO:0030036, GO:0050770, GO:0005737, GO:0005856, GO:0003779, GO:0004721, GO:0004725, GO:0008138, GO:0016787, GO:0016791
84	17, 27963168, GG, AA	ENSP00000444743	1450	-1	GAA AC[CC/TT]GG TCA	694	R	W	Single AA Change	-2.42	Neutral	114	30	0.000	Damaging	3.80	38		ENSG00000141298		GO:0006470, GO:0016311, GO:0004725, GO:0008138, GO:0016787, GO:0016791
85	17, 58504131, C, T	ENSP00000269127	236	1	CTT [C/T]GC CGA	128	R	C	Single AA Change	-2.56	Deleterious	123	30	0.272	Tolerated	3.06	140		ENSG00000141371	CQ064_HUMAN	
85	17, 58504131, C, T	ENSP00000414837	137	1	CTT [C/T]GC CGA	122	R	C	Single AA Change	-2.06	Neutral	126	30	0.198	Tolerated	2.85	136		ENSG00000141371		
86	18, 50912481, G, T	ENSP00000304146	771	1	TAT [G/T]AA AGT	743	E	*	Nonsense	NA	NA	133	30	NA	NA	NA	NA		ENSG00000187323		GO:0005515
86	18, 50912481, G, T	ENSP00000389140	1447	1	TAT [G/T]AA AGT	810	E	*	Nonsense	NA	NA	132	30	NA	NA	NA	NA		ENSG00000187323	DCC_HUMAN	GO:0001975, GO:0006915, GO:0006917, GO:0007275, GO:0007409, GO:0007411, GO:0010976, GO:0010977, GO:0042981, GO:0048671, GO:0070374, GO:2000171, GO:0001764, GO:0021965, GO:0033563, GO:0005829, GO:0005886, GO:0016021, GO:0032584, GO:0045121, GO:0030424, GO:0003713, GO:0004872, GO:0004888, GO:0005042, GO:0005515, GO:0042802
86	18, 50912481, G, T	ENSP00000397322	897	1	TAT [G/T]AA AGT	658	E	*	Nonsense	NA	NA	135	30	NA	NA	NA	NA		ENSG00000187323		GO:0005515
87	18, 52609907, T, A	ENSP00000337209	335	-1	AAA A[A/T]G ATT	39	K	M	Single AA Change	-2.45	Neutral	114	30	0.007	Damaging	2.82	87		ENSG00000166510	CCD68_HUMAN	
87	18, 52609907, T, A	ENSP00000413406	335	-1	AAA A[A/T]G ATT	39	K	M	Single AA Change	-2.45	Neutral	114	30	0.007	Damaging	2.82	87		ENSG00000166510	CCD68_HUMAN	
88	18, 66344338, G, A	ENSP00000299608	454	-1	ACA GC[C/T] GAC	399	A	A	Synonymous	0.00	Neutral	102	30	1.000	Tolerated	2.83	56	rs151168037	ENSG00000166479	TMX3_HUMAN	GO:0006662, GO:0045454, GO:0005783, GO:0005789, GO:0016020, GO:0016021, GO:0003756, GO:0005509, GO:0009055, GO:0015035, GO:0016853
88	18, 66344338, G, A	ENSP00000444954	418	-1	ACA GC[C/T] GAC	399	A	A	Synonymous	0.00	Neutral	102	30	1.000	Tolerated	2.90	51	rs151168037	ENSG00000166479		GO:0006662, GO:0045454, GO:0005509, GO:0009055, GO:0015035
89	19, 7755121, C, T	ENSP00000264072	321	-1	ACC [G/A]GC TCC	218	G	S	Single AA Change	-3.58	Deleterious	114	30	0.137	Tolerated	2.88	44	rs148627411	ENSG00000104921	FCER2_HUMAN	GO:0002925, GO:0051000, GO:0051712, GO:0051770, GO:0005576, GO:0005886, GO:0005887, GO:0009897, GO:0004872, GO:0005178, GO:0005488, GO:0005529, GO:0019863, GO:0046872
89	19, 7755121, C, T	ENSP00000353178	320	-1	ACC [G/A]GC TCC	217	G	S	Single AA Change	-3.58	Deleterious	114	30	0.169	Tolerated	2.83	121	rs148627411	ENSG00000104921		GO:0005488
90	19, 9011379, G, T	ENSP00000381008	14507	-1	ACC [C/A]AT GGC	12952	H	N	Single AA Change	-0.76	Neutral	20	12	1.000	Tolerated	4.10	41		ENSG00000181143		
90	19, 9011379, G, T	ENSP00000408623	447	-1	ACC [C/A]AT GGC	105	H	N	Single AA Change	-4.02	Deleterious	45	30	0.284	Tolerated	2.81	47		ENSG00000181143		
91	19, 10084992, G, A	ENSP00000264828	1745	-1	ATT GG[C/T] CCT	1145	G	G	Synonymous	0.00	Neutral	226	30	1.000	Tolerated	2.96	175		ENSG00000080573	CO5A3_HUMAN	GO:0007155, GO:0007160, GO:0030199, GO:0043588, GO:0005576, GO:0005581, GO:0005588, GO:0005198, GO:0005201, GO:0005518, GO:0008201
92	19, 15839357, C, T	ENSP00000306095	315	1	ACT TT[C/T] TGT	168	F	F	Synonymous	0.00	Neutral	598	30	1.000	Tolerated	2.79	379		ENSG00000171942	O10H2_HUMAN	GO:0007186, GO:0050896, GO:0005886, GO:0016021, GO:0004871, GO:0004872, GO:0004930, GO:0004984
93	19, 38974055, C, T	ENSP00000347667	5033	1	CAC TT[C/T] CTG	1611	F	F	Synonymous	0.00	Neutral	147	30	0.728	Tolerated	2.90	167		ENSG00000196218		GO:0006811, GO:0006874, GO:0055085, GO:0070588, GO:0016020, GO:0016021, GO:0005216, GO:0005219, GO:0005262, GO:0005515
93	19, 38974055, C, T	ENSP00000352608	5038	1	CAC TT[C/T] CTG	1611	F	F	Synonymous	0.00	Neutral	147	30	0.746	Tolerated	2.90	167		ENSG00000196218	RYR1_HUMAN	GO:0001666, GO:0006811, GO:0006816, GO:0006874, GO:0006936, GO:0031000, GO:0051209, GO:0051480, GO:0055085, GO:0070588, GO:0003151, GO:0014808, GO:0071313, GO:0051925, GO:0048741, GO:0043931, GO:0043588, GO:0005624, GO:0005737, GO:0005790, GO:0005829, GO:0005886, GO:0005887, GO:0005938, GO:0014701, GO:0014802, GO:0016020, GO:0016021, GO:0016529, GO:0030314, GO:0030315, GO:0031674, GO:0033017, GO:0004872, GO:0005216, GO:0005219, GO:0005245, GO:0005262, GO:0005509, GO:0005515, GO:0005516, GO:0015278
93	19, 38974055, C, T	ENSP00000354254	5033	1	CAC TT[C/T] CTG	1611	F	F	Synonymous	0.00	Neutral	149	30	0.760	Tolerated	2.90	168		ENSG00000196218		GO:0006811, GO:0006874, GO:0006936, GO:0051209, GO:0055085, GO:0070588, GO:0005624, GO:0016020, GO:0016021, GO:0030314, GO:0030315, GO:0033017, GO:0005216, GO:0005219, GO:0005245, GO:0005262, GO:0005515
94	19, 48043082, C, T	ENSP00000263351	679	-1	GAA GG[G/A] GAC	483	G	G	Synonymous	0.00	Neutral	69	30	1.000	Tolerated	3.50	20		ENSG00000118156		GO:0005622, GO:0008270
94	19, 48043082, C, T	ENSP00000313258	1365	-1	GAA GG[G/A] GAC	892	G	G	Synonymous	0.00	Neutral	132	30	1.000	Tolerated	3.59	29		ENSG00000118156	ZN541_HUMAN	GO:0006355, GO:0007275, GO:0007283, GO:0030154, GO:0005622, GO:0005634, GO:0003677, GO:0008270, GO:0046872
94	19, 48043082, C, T	ENSP00000375770	1346	-1	GAA GG[G/A] GAC	892	G	G	Synonymous	0.00	Neutral	132	30	1.000	Tolerated	3.59	27		ENSG00000118156		GO:0005622, GO:0003677, GO:0008270
94	19, 48043082, C, T	ENSP00000410847	1088	-1	GAA GG[G/A] GAC	892	G	G	Synonymous	0.00	Neutral	60	30	1.000	Tolerated	3.55	21		ENSG00000118156		GO:0005622, GO:0008270
95	19, 48517529, G, A	ENSP00000340660	223	1	GCC [G/A]TG TAC	58	V	M	Single AA Change	0.35	Neutral	175	30	0.049	Damaging	2.90	153	rs145096514	ENSG00000169393	ESPB1_HUMAN	GO:0007338, GO:0005576
96	19, 50720893, G, C	ENSP00000262269	2036	1	TGT [G/C]TG GTC	143	V	L	Single AA Change	-2.81	Deleterious	337	30	0.001	Damaging	2.87	307		ENSG00000105357	MYH14_HUMAN	GO:0006200, GO:0007411, GO:0008152, GO:0008360, GO:0030048, GO:0001725, GO:0005737, GO:0016459, GO:0030424, GO:0030426, GO:0000146, GO:0000166, GO:0003774, GO:0005515, GO:0005516, GO:0005524, GO:0030898, GO:0051015
96	19, 50720893, G, C	ENSP00000301415	1478	1	TGT [G/C]TG GTC	143	V	L	Single AA Change	-2.78	Deleterious	334	30	0.001	Damaging	2.90	304		ENSG00000105357		GO:0016459, GO:0000166, GO:0003774, GO:0003779, GO:0005515, GO:0005524
96	19, 50720893, G, C	ENSP00000366164	1779	1	TGT [G/C]TG GTC	143	V	L	Single AA Change	-2.63	Deleterious	337	30	0.001	Damaging	2.88	284		ENSG00000105357		GO:0016459, GO:0000166, GO:0003774, GO:0003779, GO:0005515, GO:0005524
96	19, 50720893, G, C	ENSP00000366169	2028	1	TGT [G/C]TG GTC	143	V	L	Single AA Change	-2.81	Deleterious	337	30	0.001	Damaging	2.84	311		ENSG00000105357		GO:0016459, GO:0000166, GO:0003774, GO:0003779, GO:0005515, GO:0005524
96	19, 50720893, G, C	ENSP00000406273	2036	1	TGT [G/C]TG GTC	143	V	L	Single AA Change	-2.81	Deleterious	337	30	0.001	Damaging	2.79	316		ENSG00000105357		GO:0030048, GO:0016459, GO:0001725, GO:0005737, GO:0030426, GO:0030424, GO:0003774, GO:0005515, GO:0005524, GO:0000146, GO:0051015, GO:0030898
96	19, 50720893, G, C	ENSP00000407879	2003	1	TGT [G/C]TG GTC	143	V	L	Single AA Change	-2.78	Deleterious	338	30	0.001	Damaging	2.86	282		ENSG00000105357		GO:0006200, GO:0007411, GO:0008152, GO:0008360, GO:0030048, GO:0001725, GO:0005737, GO:0016459, GO:0030424, GO:0030426, GO:0000146, GO:0000166, GO:0003774, GO:0005515, GO:0005516, GO:0005524, GO:0030898, GO:0051015
97	19, 52132668, T, C	ENSP00000222107	551	-1	CAG [A/G]TG AAA	215	M	V	Single AA Change	2.86	Neutral	76	30	1.000	Tolerated	2.78	52	rs1807124	ENSG00000105501	SIGL5_HUMAN	GO:0007155, GO:0016020, GO:0016021, GO:0005515, GO:0005529
97	19, 52132668, T, C	ENSP00000415200	551	-1	CAG [A/G]TG AAA	215	M	V	Single AA Change	2.86	Neutral	76	30	1.000	Tolerated	2.78	52	rs1807124	ENSG00000105501	SIGL5_HUMAN	GO:0007155, GO:0016020, GO:0016021, GO:0005515, GO:0005529
98	19, 56466999, A, G	ENSP00000291971	1048	1	CCA CA[A/G] AGA	525	Q	Q	Synonymous	0.00	Neutral	147	30	0.650	Tolerated	2.84	42		ENSG00000179709	NALP8_HUMAN	GO:0005737, GO:0000166, GO:0005524
99	19, 58213851, T, G	ENSP00000421258	437	-1	CTC [A/C]CT ACA	156	T	P	Single AA Change	-2.10	Neutral	158	30	0.151	Tolerated	2.82	136		ENSG00000179909	ZN154_HUMAN	GO:0006355, GO:0005622, GO:0005634, GO:0003676, GO:0003677, GO:0003700, GO:0008270, GO:0046872
99	19, 58213851, T, G	ENSP00000440907	143	-1	CTC [A/C]CT ACA	27	T	P	Single AA Change	-5.16	Deleterious	186	30	0.034	Damaging	3.21	400		ENSG00000179909		GO:0005622, GO:0008270
99	19, 58213851, T, G	ENSP00000442370	437	-1	CTC [A/C]CT ACA	156	T	P	Single AA Change	-2.10	Neutral	158	30	0.151	Tolerated	2.82	136		ENSG00000179909		GO:0006355, GO:0005622, GO:0005634, GO:0003676, GO:0003677, GO:0003700, GO:0008270, GO:0046872
100	20, 48604525, C, T	ENSP00000244050	264	1	GCT [C/T]GG ACC	243	R	W	Single AA Change	-5.70	Deleterious	162	30	0.001	Damaging	2.85	84		ENSG00000124216	SNAI1_HUMAN	GO:0000122, GO:0001649, GO:0001707, GO:0001837, GO:0007275, GO:0007498, GO:0010718, GO:0010957, GO:0030335, GO:0031069, GO:0043066, GO:0043518, GO:0045893, GO:0060021, GO:0060536, GO:0060707, GO:0060806, GO:0060972, GO:0016477, GO:0045892, GO:0005622, GO:0005634, GO:0005737, GO:0001078, GO:0005515, GO:0008270, GO:0019900, GO:0043565, GO:0046872
101	21, 45819208, G, A	ENSP00000300481	1449	1	GAC [G/A]AA GAG	678	E	K	Single AA Change	-3.13	Deleterious	147	30	0.044	Damaging	2.85	75	rs150593294	ENSG00000142185		GO:0006811, GO:0033194, GO:0055085, GO:0005886, GO:0016020, GO:0005216, GO:0005384
101	21, 45819208, G, A	ENSP00000300482	1503	1	GAC [G/A]AA GAG	698	E	K	Single AA Change	-3.13	Deleterious	147	30	0.042	Damaging	2.86	77	rs150593294	ENSG00000142185	TRPM2_HUMAN	GO:0006811, GO:0006816, GO:0033194, GO:0055085, GO:0070588, GO:0005886, GO:0005887, GO:0016020, GO:0005216, GO:0005262, GO:0005272, GO:0005384, GO:0016787, GO:0047631
101	21, 45819208, G, A	ENSP00000381023	1503	1	GAC [G/A]AA GAG	698	E	K	Single AA Change	-3.13	Deleterious	147	30	0.042	Damaging	2.86	77	rs150593294	ENSG00000142185	TRPM2_HUMAN	GO:0006811, GO:0006816, GO:0033194, GO:0055085, GO:0070588, GO:0005886, GO:0005887, GO:0016020, GO:0005216, GO:0005262, GO:0005272, GO:0005384, GO:0016787, GO:0047631
101	21, 45819208, G, A	ENSP00000381026	1553	1	GAC [G/A]AA GAG	698	E	K	Single AA Change	-3.33	Deleterious	144	30	0.039	Damaging	2.83	81	rs150593294	ENSG00000142185		GO:0006811, GO:0033194, GO:0055085, GO:0006828, GO:0071421, GO:0005886, GO:0016020, GO:0016021, GO:0005216, GO:0005384, GO:0016787
102	21, 47538572, C, T	ENSP00000300527	1019	1	GAA AT[C/T] GGG	387	I	I	Synonymous	0.00	Neutral	118	30	0.472	Tolerated	2.85	73	rs140027285	ENSG00000142173	CO6A2_HUMAN	GO:0007411, GO:0009749, GO:0016337, GO:0030198, GO:0070208, GO:0005576, GO:0005578, GO:0005581, GO:0005615, GO:0016020, GO:0031012, GO:0042383, GO:0043234, GO:0005201, GO:0005515, GO:0030674
102	21, 47538572, C, T	ENSP00000312529	828	1	GAA AT[C/T] GGG	387	I	I	Synonymous	0.00	Neutral	118	30	0.483	Tolerated	2.92	75	rs140027285	ENSG00000142173		GO:0009749, GO:0031012, GO:0042383, GO:0005515
102	21, 47538572, C, T	ENSP00000350497	918	1	GAA AT[C/T] GGG	387	I	I	Synonymous	0.00	Neutral	117	30	0.466	Tolerated	2.86	72	rs140027285	ENSG00000142173		GO:0009749, GO:0031012, GO:0042383, GO:0005515
102	21, 47538572, C, T	ENSP00000380870	918	1	GAA AT[C/T] GGG	387	I	I	Synonymous	0.00	Neutral	117	30	0.466	Tolerated	2.86	72	rs140027285	ENSG00000142173		GO:0009749, GO:0031012, GO:0042383, GO:0005515
102	21, 47538572, C, T	ENSP00000387115	828	1	GAA AT[C/T] GGG	387	I	I	Synonymous	0.00	Neutral	118	30	0.483	Tolerated	2.92	75	rs140027285	ENSG00000142173		GO:0009749, GO:0031012, GO:0042383, GO:0005515
103	22, 18378085, G, A	ENSP00000207726	976	-1	TAT [C/T]CC AAT	472	P	S	Single AA Change	-7.25	Deleterious	121	30	0.005	Damaging	2.84	190		ENSG00000243156	MICA3_HUMAN	GO:0005737, GO:0005856, GO:0005515, GO:0008270, GO:0016491, GO:0046872
103	22, 18378085, G, A	ENSP00000372574	948	-1	TAT [C/T]CC AAT	472	P	S	Single AA Change	-7.25	Deleterious	121	30	0.005	Damaging	2.89	186		ENSG00000243156		GO:0005515, GO:0008270
103	22, 18378085, G, A	ENSP00000383406	966	-1	TAT [C/T]CC AAT	472	P	S	Single AA Change	-7.25	Deleterious	121	30	0.006	Damaging	2.85	185		ENSG00000243156		GO:0005515, GO:0008270
103	22, 18378085, G, A	ENSP00000391827	976	-1	TAT [C/T]CC AAT	472	P	S	Single AA Change	-7.25	Deleterious	121	30	0.005	Damaging	2.84	190		ENSG00000243156		GO:0005515, GO:0008270
103	22, 18378085, G, A	ENSP00000410315	966	-1	TAT [C/T]CC AAT	472	P	S	Single AA Change	-7.25	Deleterious	121	30	0.006	Damaging	2.85	185		ENSG00000243156		GO:0005515, GO:0008270
103	22, 18378085, G, A	ENSP00000414846	1073	-1	TAT [C/T]CC AAT	472	P	S	Single AA Change	-7.55	Deleterious	117	30	0.003	Damaging	2.81	193		ENSG00000093100		GO:0005515, GO:0008270, GO:0016491, GO:0046872
103	22, 18378085, G, A	ENSP00000416015	2002	-1	TAT [C/T]CC AAT	472	P	S	Single AA Change	-7.23	Deleterious	121	30	0.003	Damaging	3.12	217		ENSG00000093100		GO:0005737, GO:0005856, GO:0005515, GO:0008270, GO:0016491, GO:0046872
104	22, 46761489, G, A	ENSP00000262738	3014	-1	GAT [C/T]CC CCT	2800	P	S	Single AA Change	-0.94	Neutral	111	30	0.542	Tolerated	3.15	59		ENSG00000075275	CELR1_HUMAN	GO:0001736, GO:0001764, GO:0001843, GO:0001942, GO:0007155, GO:0007156, GO:0007166, GO:0007186, GO:0007218, GO:0007266, GO:0007275, GO:0007417, GO:0007626, GO:0009952, GO:0032956, GO:0042060, GO:0042249, GO:0042472, GO:0045176, GO:0048105, GO:0060488, GO:0060489, GO:0060490, GO:0090179, GO:0090251, GO:0005624, GO:0005886, GO:0005887, GO:0016020, GO:0016021, GO:0004871, GO:0004872, GO:0004888, GO:0004930, GO:0005509, GO:0005515, GO:0046983
105	X, 12906634, C, A	ENSP00000370034	1049	1	CAG [C/A]TC CGG	1003	L	I	Single AA Change	-1.65	Neutral	265	30	0.003	Damaging	2.87	152		ENSG00000196664	TLR7_HUMAN	GO:0002282, GO:0007165, GO:0007252, GO:0032722, GO:0032755, GO:0032757, GO:0034154, GO:0042221, GO:0042346, GO:0045078, GO:0045087, GO:0045356, GO:0045359, GO:0045416, GO:0050729, GO:0051607, GO:0052033, GO:0071260, GO:0002224, GO:0005622, GO:0005737, GO:0005764, GO:0005768, GO:0005783, GO:0005789, GO:0005886, GO:0010008, GO:0016021, GO:0031410, GO:0032009, GO:0003725, GO:0003727, GO:0004872, GO:0005515, GO:0008144, GO:0035197
106	X, 17750542, C, T	ENSP00000369397	1472	1	TCT GA[C/T] GGG	1459	D	D	Synonymous	0.00	Neutral	108	30	1.000	Tolerated	3.07	65		ENSG00000188158		
106	X, 17750542, C, T	ENSP00000369400	1630	1	TCT GA[C/T] GGG	1617	D	D	Synonymous	0.00	Neutral	107	30	1.000	Tolerated	3.22	59		ENSG00000188158	NHS_HUMAN	GO:0002088, GO:0030154, GO:0005634
106	X, 17750542, C, T	ENSP00000381170	1474	1	TCT GA[C/T] GGG	1461	D	D	Synonymous	0.00	Neutral	108	30	1.000	Tolerated	3.08	65		ENSG00000188158		
107	X, 37985954, C, T	ENSP00000297875	730	1	CTT [C/T]GT TCC	722	R	C	Single AA Change	-7.46	Deleterious	108	30	0.000	Damaging	2.89	75		ENSG00000147041	SYTL5_HUMAN	GO:0006886, GO:0006887, GO:0016020, GO:0005515, GO:0017137, GO:0046872
107	X, 37985954, C, T	ENSP00000350657	730	1	CTT [C/T]GT TCC	722	R	C	Single AA Change	-7.46	Deleterious	108	30	0.000	Damaging	2.89	75		ENSG00000147041	SYTL5_HUMAN	GO:0006886, GO:0016020, GO:0005515, GO:0017137, GO:0046872
107	X, 37985954, C, T	ENSP00000395220	752	1	CTT [C/T]GT TCC	744	R	C	Single AA Change	-7.46	Deleterious	108	30	0.000	Damaging	2.85	84		ENSG00000147041		GO:0006886, GO:0006887, GO:0005515, GO:0017137
108	X, 83128218, G, A	ENSP00000331556	651	1	CAT [G/A]AA AAT	168	E	K	Single AA Change	-0.41	Neutral	62	30	0.596	Tolerated	3.02	21		ENSG00000183035	CYLC1_HUMAN	GO:0007275, GO:0007283, GO:0030154, GO:0005737, GO:0005856, GO:0033150, GO:0043159, GO:0005198
108	X, 83128218, G, A	ENSP00000439927	657	1	CAT [G/A]AA AAT	168	E	K	Single AA Change	-0.45	Neutral	60	30	0.583	Tolerated	3.03	21		ENSG00000183035		
109	X, 151283786, T, C	record not found																			
