#ROW_NO.	INPUT	PROTEIN_ID	LENGTH	STRAND	CODON_CHANGE	POS	RESIDUE_REF	RESIDUE_ALT	TYPE	SCORE	PREDICTION (cutoff=-2.5)	#SEQ	#CLUSTER	SCORE	PREDICTION (cutoff=0.05)	MEDIAN_INFO	#SEQ	dbSNP_ID	GENE_ID	UNIPROT_ID	GO_TERM_ACCESSION
1	1, 82409415, G, A	ENSP00000271029	1431	1	TTA C[G/A]A TAT	387	R	Q	Single AA Change	-2.32	Neutral	272	30	0.007	Damaging	3.28	217		ENSG00000117114		GO:0007166, GO:0007186, GO:0007218, GO:0005886, GO:0016020, GO:0016021, GO:0004871, GO:0004872, GO:0004888, GO:0004930, GO:0005515, GO:0005529
1	1, 82409415, G, A	ENSP00000322270	1403	1	TTA C[G/A]A TAT	387	R	Q	Single AA Change	-2.32	Neutral	272	30	0.007	Damaging	3.28	205		ENSG00000117114		GO:0007166, GO:0007186, GO:0007218, GO:0007420, GO:0016020, GO:0016021, GO:0019717, GO:0004888, GO:0004930, GO:0005515, GO:0005529, GO:0030165
1	1, 82409415, G, A	ENSP00000337306	1416	1	TTA C[G/A]A TAT	387	R	Q	Single AA Change	-2.32	Neutral	272	30	0.007	Damaging	3.27	215		ENSG00000117114	LPHN2_HUMAN	GO:0007166, GO:0007186, GO:0007218, GO:0005886, GO:0016020, GO:0016021, GO:0004871, GO:0004872, GO:0004888, GO:0004930, GO:0005515, GO:0005529, GO:0016524
1	1, 82409415, G, A	ENSP00000353006	1403	1	TTA C[G/A]A TAT	387	R	Q	Single AA Change	-2.32	Neutral	272	30	0.007	Damaging	3.28	205		ENSG00000117114		GO:0007166, GO:0007186, GO:0007218, GO:0016020, GO:0016021, GO:0004888, GO:0004930, GO:0005515, GO:0005529
1	1, 82409415, G, A	ENSP00000359748	1123	1	TTA C[G/A]A TAT	387	R	Q	Single AA Change	-2.30	Neutral	274	30	0.009	Damaging	3.33	201		ENSG00000117114		GO:0007166, GO:0007186, GO:0007218, GO:0016020, GO:0016021, GO:0004888, GO:0004930, GO:0005515, GO:0005529
1	1, 82409415, G, A	ENSP00000359750	1177	1	TTA C[G/A]A TAT	387	R	Q	Single AA Change	-2.30	Neutral	274	30	0.008	Damaging	3.36	209		ENSG00000117114		GO:0007166, GO:0007186, GO:0007218, GO:0005886, GO:0016020, GO:0016021, GO:0004871, GO:0004872, GO:0004888, GO:0004930, GO:0005515, GO:0005529
1	1, 82409415, G, A	ENSP00000359752	1474	1	TTA C[G/A]A TAT	387	R	Q	Single AA Change	-2.32	Neutral	272	30	0.006	Damaging	3.30	216		ENSG00000117114		GO:0007166, GO:0007186, GO:0007218, GO:0005886, GO:0016020, GO:0016021, GO:0004871, GO:0004872, GO:0004888, GO:0004930, GO:0005515, GO:0005529
1	1, 82409415, G, A	ENSP00000359756	1384	1	TTA C[G/A]A TAT	391	R	Q	Single AA Change	-2.29	Neutral	272	30	0.014	Damaging	3.32	84		ENSG00000117114		GO:0007166, GO:0007186, GO:0007218, GO:0005886, GO:0016020, GO:0016021, GO:0004871, GO:0004872, GO:0004888, GO:0004930, GO:0005515, GO:0005529
1	1, 82409415, G, A	ENSP00000359758	1461	1	TTA C[G/A]A TAT	387	R	Q	Single AA Change	-2.32	Neutral	272	30	0.006	Damaging	3.30	215		ENSG00000117114		GO:0007166, GO:0007186, GO:0007218, GO:0005886, GO:0016020, GO:0016021, GO:0004871, GO:0004872, GO:0004888, GO:0004930, GO:0005515, GO:0005529
1	1, 82409415, G, A	ENSP00000359760	1474	1	TTA C[G/A]A TAT	387	R	Q	Single AA Change	-2.32	Neutral	272	30	0.006	Damaging	3.30	216		ENSG00000117114		GO:0007166, GO:0007186, GO:0007218, GO:0005886, GO:0016020, GO:0016021, GO:0004871, GO:0004872, GO:0004888, GO:0004930, GO:0005515, GO:0005529
1	1, 82409415, G, A	ENSP00000359762	1431	1	TTA C[G/A]A TAT	387	R	Q	Single AA Change	-2.32	Neutral	272	30	0.007	Damaging	3.28	217		ENSG00000117114		GO:0007166, GO:0007186, GO:0007218, GO:0005886, GO:0016020, GO:0016021, GO:0004871, GO:0004872, GO:0004888, GO:0004930, GO:0005515, GO:0005529
1	1, 82409415, G, A	ENSP00000359763	1459	1	TTA C[G/A]A TAT	387	R	Q	Single AA Change	-2.32	Neutral	272	30	0.006	Damaging	3.27	215		ENSG00000117114	LPHN2_HUMAN	GO:0007166, GO:0007186, GO:0007218, GO:0005886, GO:0016020, GO:0016021, GO:0004871, GO:0004872, GO:0004888, GO:0004930, GO:0005515, GO:0005529, GO:0016524
1	1, 82409415, G, A	ENSP00000359765	1416	1	TTA C[G/A]A TAT	387	R	Q	Single AA Change	-2.32	Neutral	272	30	0.007	Damaging	3.27	215		ENSG00000117114		GO:0007166, GO:0007186, GO:0007218, GO:0005886, GO:0016020, GO:0016021, GO:0004871, GO:0004872, GO:0004888, GO:0004930, GO:0005515, GO:0005529
1	1, 82409415, G, A	ENSP00000378344	1461	1	TTA C[G/A]A TAT	387	R	Q	Single AA Change	-2.32	Neutral	272	30	0.006	Damaging	3.30	215		ENSG00000117114		GO:0007166, GO:0007186, GO:0007218, GO:0005886, GO:0016020, GO:0016021, GO:0004871, GO:0004872, GO:0004888, GO:0004930, GO:0005515, GO:0005529
1	1, 82409415, G, A	ENSP00000397740	1351	1	TTA C[G/A]A TAT	255	R	Q	Single AA Change	-2.19	Neutral	271	30	0.005	Damaging	3.42	212		ENSG00000117114		GO:0007166, GO:0007186, GO:0007218, GO:0016020, GO:0016021, GO:0004888, GO:0004930, GO:0005515
2	1, 95530462, G, A	ENSP00000359224	216	-1	AAT T[C/T]T TTT	83	S	F	Single AA Change	-2.62	Deleterious	64	30	0.104	Tolerated	2.72	66		ENSG00000172339	ALG14_HUMAN	GO:0006488, GO:0018279, GO:0043687, GO:0044267, GO:0005783, GO:0005789, GO:0016020, GO:0016021
3	1, 146740476, C, T	ENSP00000355100	616	1	CAC [C/T]TG ACT	61	L	L	Synonymous	0.00	Neutral	109	30	1.000	Tolerated	2.85	50		ENSG00000131778		GO:0005634, GO:0005737, GO:0005886, GO:0003676, GO:0004386, GO:0005524
3	1, 146740476, C, T	ENSP00000358262	897	1	CAC [C/T]TG ACT	342	L	L	Synonymous	0.00	Neutral	216	30	1.000	Tolerated	2.81	57		ENSG00000131778	CHD1L_HUMAN	GO:0006200, GO:0006281, GO:0006338, GO:0006974, GO:0005634, GO:0005737, GO:0005886, GO:0000166, GO:0003676, GO:0003677, GO:0004003, GO:0004386, GO:0005515, GO:0005524, GO:0008026, GO:0016787, GO:0016887
3	1, 146740476, C, T	ENSP00000358263	693	1	CAC [C/T]TG ACT	138	L	L	Synonymous	0.00	Neutral	109	30	1.000	Tolerated	2.85	72		ENSG00000131778		GO:0005634, GO:0005737, GO:0005886, GO:0003676, GO:0003677, GO:0004386, GO:0005524
3	1, 146740476, C, T	ENSP00000389314	434	1	CAC [C/T]TG ACT	242	L	L	Synonymous	0.00	Neutral	240	30	1.000	Tolerated	2.91	392		ENSG00000131778		GO:0003676, GO:0003677, GO:0004386, GO:0005524, GO:0008026
4	1, 152329561, C, T	ENSP00000373370	2391	-1	GAA A[G/A]G AAA	234	R	K	Single AA Change	-1.06	Neutral	40	30	0.070	Tolerated	3.34	25		ENSG00000143520	FILA2_HUMAN	GO:0005198, GO:0005509
5	1, 152538679, G, A	ENSP00000357778	92	-1	ATG TC[C/T] TGC	2	S	S	Synonymous	0.00	Neutral	44	4	1.000	Tolerated	4.32	6		ENSG00000185966	LCE3E_HUMAN	GO:0031424
6	1, 157485650, G, T	ENSP00000349434	977	-1	GAC CC[C/A] AGG	942	P	P	Synonymous	0.00	Neutral	110	30	0.500	Tolerated	3.35	23		ENSG00000143297		GO:0005515
6	1, 157485650, G, T	ENSP00000354691	977	-1	GAC CC[C/A] AGG	942	P	P	Synonymous	0.00	Neutral	110	30	0.404	Tolerated	3.34	20		ENSG00000143297	FCRL5_HUMAN	GO:0005886, GO:0016021, GO:0004872, GO:0005515
7	1, 161645080, G, A	ENSP00000351497	310	1	ATG G[G/A]A GAG	265	G	E	Single AA Change	-1.69	Neutral	244	30	0.098	Tolerated	3.21	44		ENSG00000072694	FCG2B_HUMAN	GO:0006955, GO:0007165, GO:0044419, GO:0050776, GO:0005886, GO:0016021, GO:0004872, GO:0005515, GO:0019864
7	1, 161645080, G, A	ENSP00000356937	303	1	ATG G[G/A]A GAG	258	G	E	Single AA Change	-1.83	Neutral	244	30	0.126	Tolerated	3.17	41		ENSG00000072694		GO:0005515
7	1, 161645080, G, A	ENSP00000356938	303	1	ATG G[G/A]A GAG	258	G	E	Single AA Change	-1.83	Neutral	244	30	0.126	Tolerated	3.17	41		ENSG00000072694		GO:0005515
7	1, 161645080, G, A	ENSP00000356939	310	1	ATG G[G/A]A GAG	265	G	E	Single AA Change	-1.69	Neutral	244	30	0.098	Tolerated	3.21	44		ENSG00000072694	FCG2B_HUMAN	GO:0006955, GO:0007165, GO:0044419, GO:0050776, GO:0005886, GO:0016021, GO:0004872, GO:0005515, GO:0019864
8	1, 169565321, G, A	ENSP00000263686	830	-1	ACT C[C/T]T GGG	648	P	L	Single AA Change	-5.04	Deleterious	100	30	0.003	Damaging	2.91	38		ENSG00000174175	LYAM3_HUMAN	GO:0002576, GO:0002687, GO:0002691, GO:0006954, GO:0007155, GO:0007157, GO:0007159, GO:0007596, GO:0010572, GO:0014070, GO:0030168, GO:0032496, GO:0045785, GO:0048514, GO:0050829, GO:0050900, GO:0050901, GO:0005615, GO:0005624, GO:0005625, GO:0005634, GO:0005737, GO:0005886, GO:0005887, GO:0009897, GO:0031088, GO:0031092, GO:0001530, GO:0001948, GO:0005488, GO:0005515, GO:0005529, GO:0008201, GO:0033691, GO:0042806, GO:0043208, GO:0043499, GO:0048306, GO:0070492
8	1, 169565321, G, A	ENSP00000356760	768	-1	ACT C[C/T]T GGG	586	P	L	Single AA Change	-6.91	Deleterious	100	30	0.014	Damaging	2.84	49		ENSG00000174175		GO:0007155, GO:0005634, GO:0005737, GO:0016020, GO:0005488, GO:0005515, GO:0005529
8	1, 169565321, G, A	ENSP00000356762	768	-1	ACT C[C/T]T GGG	586	P	L	Single AA Change	-6.53	Deleterious	100	30	0.012	Damaging	2.86	52		ENSG00000174175		GO:0007155, GO:0005634, GO:0005737, GO:0016020, GO:0005488, GO:0005515, GO:0005529
8	1, 169565321, G, A	ENSP00000356763	646	-1	ACT C[C/T]T GGG	464	P	L	Single AA Change	-9.06	Deleterious	101	30	0.055	Tolerated	2.81	69		ENSG00000174175		GO:0007155, GO:0005634, GO:0005737, GO:0016020, GO:0005488, GO:0005515, GO:0005529
8	1, 169565321, G, A	ENSP00000356764	830	-1	ACT C[C/T]T GGG	648	P	L	Single AA Change	-5.04	Deleterious	100	30	0.003	Damaging	2.91	38		ENSG00000174175	LYAM3_HUMAN	GO:0002576, GO:0002687, GO:0002691, GO:0006954, GO:0007155, GO:0007157, GO:0007159, GO:0007596, GO:0010572, GO:0014070, GO:0030168, GO:0032496, GO:0045785, GO:0048514, GO:0050829, GO:0050900, GO:0050901, GO:0016337, GO:0005615, GO:0005624, GO:0005625, GO:0005634, GO:0005737, GO:0005886, GO:0005887, GO:0009897, GO:0031088, GO:0031092, GO:0016020, GO:0001530, GO:0001948, GO:0005488, GO:0005515, GO:0005529, GO:0008201, GO:0033691, GO:0042806, GO:0043208, GO:0043499, GO:0048306, GO:0070492
8	1, 169565321, G, A	ENSP00000356765	644	-1	ACT C[C/T]T GGG	462	P	L	Single AA Change	-9.34	Deleterious	102	30	0.053	Tolerated	2.83	67		ENSG00000174175		GO:0007155, GO:0005634, GO:0005737, GO:0016020, GO:0005488, GO:0005515, GO:0005529
8	1, 169565321, G, A	ENSP00000356766	646	-1	ACT C[C/T]T GGG	464	P	L	Single AA Change	-9.06	Deleterious	101	30	0.055	Tolerated	2.81	69		ENSG00000174175		GO:0007155, GO:0005634, GO:0005737, GO:0016020, GO:0005488, GO:0005515, GO:0005529
8	1, 169565321, G, A	ENSP00000356767	768	-1	ACT C[C/T]T GGG	586	P	L	Single AA Change	-6.53	Deleterious	100	30	0.012	Damaging	2.86	52		ENSG00000174175		GO:0007155, GO:0005634, GO:0005737, GO:0016020, GO:0005488, GO:0005515, GO:0005529
8	1, 169565321, G, A	ENSP00000356768	768	-1	ACT C[C/T]T GGG	586	P	L	Single AA Change	-6.91	Deleterious	100	30	0.014	Damaging	2.84	49		ENSG00000174175		GO:0007155, GO:0005634, GO:0005737, GO:0016020, GO:0005488, GO:0005515, GO:0005529
8	1, 169565321, G, A	ENSP00000356769	644	-1	ACT C[C/T]T GGG	462	P	L	Single AA Change	-9.34	Deleterious	102	30	0.053	Tolerated	2.83	67		ENSG00000174175		GO:0007155, GO:0005634, GO:0005737, GO:0016020, GO:0005488, GO:0005515, GO:0005529
8	1, 169565321, G, A	ENSP00000388683	646	-1	ACT C[C/T]T GGG	464	P	L	Single AA Change	-9.06	Deleterious	101	30	0.056	Tolerated	2.80	69		ENSG00000174175		GO:0005488, GO:0005515
8	1, 169565321, G, A	ENSP00000391694	829	-1	ACT C[C/T]T GGG	647	P	L	Single AA Change	-5.04	Deleterious	100	30	0.003	Damaging	2.91	38		ENSG00000174175		GO:0005488, GO:0005515
8	1, 169565321, G, A	ENSP00000399368	753	-1	ACT C[C/T]T GGG	571	P	L	Single AA Change	-6.91	Deleterious	100	30	0.015	Damaging	2.82	48		ENSG00000174175		GO:0005488, GO:0005515
8	1, 169565321, G, A	ENSP00000446033	790	-1	ACT C[C/T]T GGG	648	P	L	Single AA Change	-5.42	Deleterious	100	30	0.012	Damaging	2.87	35		ENSG00000174175		GO:0007155, GO:0016020, GO:0005488, GO:0005515, GO:0005529
9	1, 180885537, G, T	ENSP00000356560	1190	1	CAG [G/T]GA GTG	100	G	*	Nonsense	NA	NA	43	23	NA	NA	NA	NA		ENSG00000135835	K1614_HUMAN	
10	1, 180885728, G, T	ENSP00000356560	1190	1	GCC AG[G/T] GAT	163	R	S	Single AA Change	-2.40	Neutral	43	23	0.115	Tolerated	3.40	19		ENSG00000135835	K1614_HUMAN	
11	1, 180885990, G, T	ENSP00000356560	1190	1	ACA [G/T]AG GCA	251	E	*	Nonsense	NA	NA	43	23	NA	NA	NA	NA		ENSG00000135835	K1614_HUMAN	
12	1, 180887033, G, T	ENSP00000356560	1190	1	TTG CA[G/T] GAC	348	Q	H	Single AA Change	-3.44	Deleterious	43	23	0.003	Damaging	3.30	26		ENSG00000135835	K1614_HUMAN	
13	1, 180904795, C, G	ENSP00000356559	811	1	CTT [C/G]CT GCA	205	P	A	Single AA Change	-4.18	Deleterious	42	22	0.380	Tolerated	3.32	18		ENSG00000135835		
13	1, 180904795, C, G	ENSP00000356560	1190	1	CTT [C/G]CT GCA	584	P	A	Single AA Change	-3.52	Deleterious	43	23	0.387	Tolerated	3.35	18		ENSG00000135835	K1614_HUMAN	
14	1, 180905013, C, T	ENSP00000356559	811	1	CGA GG[C/T] CAC	277	G	G	Synonymous	0.00	Neutral	42	22	1.000	Tolerated	3.40	21		ENSG00000135835		
14	1, 180905013, C, T	ENSP00000356560	1190	1	CGA GG[C/T] CAC	656	G	G	Synonymous	0.00	Neutral	43	23	1.000	Tolerated	3.41	21		ENSG00000135835	K1614_HUMAN	
15	1, 183542340, C, T	ENSP00000356505	526	-1	AAG [G/A]AT TAC	197	D	N	Single AA Change	-4.49	Deleterious	108	30	0.009	Damaging	2.80	62		ENSG00000116701	NCF2_HUMAN	GO:0006801, GO:0006968, GO:0007568, GO:0009749, GO:0014070, GO:0014823, GO:0032496, GO:0032570, GO:0032870, GO:0033993, GO:0034616, GO:0042493, GO:0042554, GO:0043525, GO:0045087, GO:0045730, GO:0045777, GO:0055093, GO:0001669, GO:0005624, GO:0005730, GO:0005737, GO:0043020, GO:0005515, GO:0008022, GO:0009055, GO:0016175, GO:0048365
15	1, 183542340, C, T	ENSP00000356506	526	-1	AAG [G/A]AT TAC	197	D	N	Single AA Change	-4.49	Deleterious	108	30	0.009	Damaging	2.80	62		ENSG00000116701	NCF2_HUMAN	GO:0006801, GO:0006968, GO:0007568, GO:0009749, GO:0014070, GO:0014823, GO:0032496, GO:0032570, GO:0032870, GO:0033993, GO:0034616, GO:0042493, GO:0042554, GO:0043525, GO:0045087, GO:0045730, GO:0045777, GO:0055093, GO:0001669, GO:0005624, GO:0005730, GO:0005737, GO:0043020, GO:0005515, GO:0008022, GO:0009055, GO:0016175, GO:0048365
15	1, 183542340, C, T	ENSP00000375869	598	-1	AAG [G/A]AT TAC	225	D	N	Single AA Change	-4.28	Deleterious	106	30	0.008	Damaging	2.84	69		ENSG00000116701		GO:0007568, GO:0009749, GO:0014070, GO:0014823, GO:0032496, GO:0032570, GO:0032870, GO:0033993, GO:0034616, GO:0042493, GO:0042554, GO:0043525, GO:0045777, GO:0055093, GO:0001669, GO:0005624, GO:0005737, GO:0005515, GO:0016175, GO:0048365
15	1, 183542340, C, T	ENSP00000399294	481	-1	AAG [G/A]AT TAC	152	D	N	Single AA Change	-4.32	Deleterious	103	30	0.011	Damaging	2.80	63		ENSG00000116701		GO:0007568, GO:0009749, GO:0014070, GO:0014823, GO:0032496, GO:0032570, GO:0032870, GO:0033993, GO:0034616, GO:0042493, GO:0042554, GO:0043525, GO:0045777, GO:0055093, GO:0001669, GO:0005624, GO:0005737, GO:0005488, GO:0005515, GO:0016175, GO:0048365
16	2, 27479682, C, T	ENSP00000233535	388	-1	CTC C[G/A]A GAC	286	R	Q	Single AA Change	-2.77	Deleterious	135	30	0.047	Damaging	2.77	135		ENSG00000115194	ZNT3_HUMAN	GO:0006810, GO:0006812, GO:0006829, GO:0051050, GO:0055085, GO:0061088, GO:0005624, GO:0005768, GO:0005770, GO:0005887, GO:0008021, GO:0016020, GO:0016021, GO:0030054, GO:0030672, GO:0031410, GO:0044444, GO:0045202, GO:0008324, GO:0015633
16	2, 27479682, C, T	ENSP00000388219	302	-1	TCC [G/A]AG ACG	224	E	K	Single AA Change	-0.01	Neutral	119	30	0.144	Tolerated	3.89	2		ENSG00000115194		GO:0006812, GO:0055085, GO:0016021, GO:0008324
16	2, 27479682, C, T	ENSP00000414320	240	-1	CTC C[G/A]A GAC	237	R	Q	Single AA Change	-2.97	Deleterious	147	30	0.048	Damaging	2.74	167		ENSG00000115194		GO:0006812, GO:0051050, GO:0055085, GO:0016021, GO:0030672, GO:0008324
16	2, 27479682, C, T	ENSP00000415226	383	-1	CTC C[G/A]A GAC	281	R	Q	Single AA Change	-2.77	Deleterious	135	30	0.038	Damaging	2.81	148		ENSG00000115194		GO:0006812, GO:0051050, GO:0055085, GO:0016021, GO:0030672, GO:0008324
17	2, 71839838, G, C	ENSP00000258104	2080	1	TTT G[G/C]C CGC	1412	G	A	Single AA Change	-5.62	Deleterious	231	30	0.000	Damaging	2.88	160		ENSG00000135636	DYSF_HUMAN	GO:0005886, GO:0016021, GO:0030659, GO:0031410, GO:0042383, GO:0005515, GO:0005544
17	2, 71839838, G, C	ENSP00000377678	2081	1	TTT G[G/C]C CGC	1413	G	A	Single AA Change	-5.62	Deleterious	231	30	0.000	Damaging	2.89	157		ENSG00000135636		GO:0016021, GO:0005515
17	2, 71839838, G, C	ENSP00000386285	2088	1	TTT G[G/C]C CGC	1399	G	A	Single AA Change	-5.62	Deleterious	231	30	0.000	Damaging	2.89	158		ENSG00000135636		GO:0016021, GO:0005515
17	2, 71839838, G, C	ENSP00000386512	2102	1	TTT G[G/C]C CGC	1413	G	A	Single AA Change	-5.69	Deleterious	230	30	0.000	Damaging	2.87	163		ENSG00000135636		GO:0016021, GO:0005515
17	2, 71839838, G, C	ENSP00000386547	2118	1	TTT G[G/C]C CGC	1429	G	A	Single AA Change	-5.79	Deleterious	229	30	0.000	Damaging	2.91	159		ENSG00000135636		GO:0016021, GO:0005515
17	2, 71839838, G, C	ENSP00000386617	2098	1	TTT G[G/C]C CGC	1430	G	A	Single AA Change	-5.62	Deleterious	231	30	0.000	Damaging	2.86	158		ENSG00000135636		GO:0016021, GO:0005515
17	2, 71839838, G, C	ENSP00000386683	2112	1	TTT G[G/C]C CGC	1444	G	A	Single AA Change	-5.79	Deleterious	229	30	0.000	Damaging	2.90	157		ENSG00000135636		GO:0016021, GO:0005515
17	2, 71839838, G, C	ENSP00000386881	2119	1	TTT G[G/C]C CGC	1430	G	A	Single AA Change	-5.79	Deleterious	229	30	0.000	Damaging	2.90	159		ENSG00000135636		GO:0001778, GO:0006906, GO:0016021, GO:0030315, GO:0042383, GO:0031410, GO:0005515
17	2, 71839838, G, C	ENSP00000387137	2097	1	TTT G[G/C]C CGC	1429	G	A	Single AA Change	-5.62	Deleterious	231	30	0.000	Damaging	2.87	158		ENSG00000135636		GO:0016021, GO:0005515
17	2, 71839838, G, C	ENSP00000398305	2101	1	TTT G[G/C]C CGC	1412	G	A	Single AA Change	-5.69	Deleterious	230	30	0.000	Damaging	2.87	163		ENSG00000135636		GO:0016021, GO:0005515
17	2, 71839838, G, C	ENSP00000407046	2111	1	TTT G[G/C]C CGC	1443	G	A	Single AA Change	-5.79	Deleterious	229	30	0.000	Damaging	2.86	160		ENSG00000135636		GO:0016021, GO:0005515
18	2, 196834813, C, T	ENSP00000311273	4024	-1	TTA CG[G/A] TGT	688	R	R	Synonymous	0.00	Neutral	84	30	1.000	Tolerated	2.80	134		ENSG00000118997	DYH7_HUMAN	GO:0001539, GO:0007018, GO:0005737, GO:0005856, GO:0005858, GO:0005874, GO:0005929, GO:0030286, GO:0035085, GO:0000166, GO:0003777, GO:0005524, GO:0017111
19	2, 205990450, C, T	ENSP00000317261	1136	1	CTG [C/T]CC CGA	475	P	S	Single AA Change	-7.91	Deleterious	206	30	0.032	Damaging	2.83	287		ENSG00000116117		GO:0005515
19	2, 205990450, C, T	ENSP00000340280	1104	1	CTG [C/T]CC CGA	475	P	S	Single AA Change	-7.91	Deleterious	206	30	0.015	Damaging	2.85	188		ENSG00000116117		GO:0005515
19	2, 205990450, C, T	ENSP00000351618	1143	1	CTG [C/T]CC CGA	475	P	S	Single AA Change	-7.37	Deleterious	203	30	0.001	Damaging	2.93	159		ENSG00000116117		GO:0005515
19	2, 205990450, C, T	ENSP00000385848	1205	1	CTG [C/T]CC CGA	475	P	S	Single AA Change	-7.92	Deleterious	203	30	0.014	Damaging	2.85	186		ENSG00000116117	PAR3L_HUMAN	GO:0007049, GO:0051301, GO:0005923, GO:0012505, GO:0016020, GO:0030054, GO:0005515
20	2, 234702437, C, T	ENSP00000374408	1676	1	TAC TT[C/T] GTG	263	F	F	Synonymous	0.00	Neutral	123	30	0.837	Tolerated	2.75	74		ENSG00000185038		GO:0005488
21	3, 98487326, C, T	ENSP00000377717	331	1	GTC TT[C/T] CTC	14	F	F	Synonymous	0.00	Neutral	284	30	1.000	Tolerated	2.94	49		ENSG00000064225	SIA10_HUMAN	GO:0006464, GO:0006486, GO:0006664, GO:0009311, GO:0071354, GO:0000139, GO:0005794, GO:0016020, GO:0016021, GO:0030173, GO:0008373, GO:0052798
21	3, 98487326, C, T	ENSP00000417109	90	1	GTC TT[C/T] CTC	14	F	F	Synonymous	0.00	Neutral	40	9	1.000	Tolerated	3.80	27		ENSG00000064225		
21	3, 98487326, C, T	ENSP00000417201	262	1	GTC TT[C/T] CTC	37	F	F	Synonymous	0.00	Neutral	235	30	1.000	Tolerated	3.07	48		ENSG00000064225		GO:0006486, GO:0005794, GO:0016020, GO:0016021, GO:0030173, GO:0008373
21	3, 98487326, C, T	ENSP00000417376	331	1	GTC TT[C/T] CTC	14	F	F	Synonymous	0.00	Neutral	284	30	1.000	Tolerated	2.94	49		ENSG00000064225	SIA10_HUMAN	GO:0006464, GO:0006486, GO:0006664, GO:0009311, GO:0071354, GO:0000139, GO:0005794, GO:0016020, GO:0016021, GO:0030173, GO:0008373, GO:0052798
21	3, 98487326, C, T	ENSP00000417584	165	1	GTC TT[C/T] CTC	14	F	F	Synonymous	0.00	Neutral	221	30	1.000	Tolerated	3.08	44		ENSG00000064225		GO:0006486, GO:0005794, GO:0016020, GO:0016021, GO:0030173, GO:0008373
21	3, 98487326, C, T	ENSP00000418650	218	1	GTC TT[C/T] CTC	14	F	F	Synonymous	0.00	Neutral	219	30	1.000	Tolerated	2.90	48		ENSG00000064225		GO:0006486, GO:0005794, GO:0016020, GO:0016021, GO:0030173, GO:0008373
21	3, 98487326, C, T	ENSP00000418896	231	1	GTC TT[C/T] CTC	14	F	F	Synonymous	0.00	Neutral	232	30	1.000	Tolerated	2.93	47		ENSG00000064225		GO:0006486, GO:0005794, GO:0016020, GO:0016021, GO:0030173, GO:0008373
21	3, 98487326, C, T	ENSP00000419209	101	1	GTC TT[C/T] CTC	14	F	F	Synonymous	0.00	Neutral	45	12	1.000	Tolerated	3.33	31		ENSG00000064225		
21	3, 98487326, C, T	ENSP00000419690	90	1	GTC TT[C/T] CTC	14	F	F	Synonymous	0.00	Neutral	40	9	1.000	Tolerated	3.80	27		ENSG00000064225		
21	3, 98487326, C, T	ENSP00000420047	90	1	GTC TT[C/T] CTC	14	F	F	Synonymous	0.00	Neutral	40	9	1.000	Tolerated	3.80	27		ENSG00000064225		
21	3, 98487326, C, T	ENSP00000420474	146	1	GTC TT[C/T] CTC	14	F	F	Synonymous	0.00	Neutral	50	12	1.000	Tolerated	3.15	42		ENSG00000064225		
21	3, 98487326, C, T	ENSP00000420693	90	1	GTC TT[C/T] CTC	14	F	F	Synonymous	0.00	Neutral	40	9	1.000	Tolerated	3.80	27		ENSG00000064225		
22	3, 134084731, G, A	ENSP00000249883	780	-1	AAT [C/T]GC CGC	403	R	C	Single AA Change	-5.18	Deleterious	161	30	0.000	Damaging	2.88	120		ENSG00000114019		GO:0005923, GO:0042802
22	3, 134084731, G, A	ENSP00000409999	779	-1	AAT [C/T]GC CGC	403	R	C	Single AA Change	-5.18	Deleterious	161	30	0.000	Damaging	2.87	119		ENSG00000114019	AMOL2_HUMAN	GO:0005923, GO:0042802
22	3, 134084731, G, A	ENSP00000424765	837	-1	AAT [C/T]GC CGC	461	R	C	Single AA Change	-5.18	Deleterious	161	30	0.001	Damaging	2.90	133		ENSG00000114019		GO:0005923, GO:0042802, GO:0005515
22	3, 134084731, G, A	ENSP00000425475	777	-1	AAT [C/T]GC CGC	403	R	C	Single AA Change	-5.18	Deleterious	161	30	0.000	Damaging	2.86	118		ENSG00000114019		GO:0005923, GO:0042802
23	3, 149216620, G, A	ENSP00000305852	202	1	CAG AT[G/A] GTT	171	M	I	Single AA Change	0.14	Neutral	161	30	0.726	Tolerated	2.78	113		ENSG00000169903	T4S4_HUMAN	GO:0042246, GO:0016020, GO:0016021
24	3, 171362814, C, T	record not found																			
25	3, 195452809, C, T	ENSP00000325431	538	1	CTC AT[C/T] CCC	274	I	I	Synonymous	0.00	Neutral	57	23	0.220	Tolerated	3.21	40		ENSG00000176945		
25	3, 195452809, C, T	ENSP00000396774	723	1	CTC AT[C/T] CCC	445	I	I	Synonymous	0.00	Neutral	73	30	0.810	Tolerated	3.41	43		ENSG00000176945		
25	3, 195452809, C, T	ENSP00000405629	674	1	CTC AT[C/T] CCC	410	I	I	Synonymous	0.00	Neutral	65	30	0.665	Tolerated	3.60	41		ENSG00000176945		
25	3, 195452809, C, T	ENSP00000414350	709	1	CTC AT[C/T] CCC	445	I	I	Synonymous	0.00	Neutral	65	30	0.644	Tolerated	3.62	41		ENSG00000176945	MUC20_HUMAN	GO:0000187, GO:0048012, GO:0051260, GO:0005576, GO:0005886, GO:0009925, GO:0016324, GO:0031528, GO:0042995, GO:0005515
26	4, 25314442, C, A	ENSP00000303468	513	1	GCC T[C/A]C AGG	4	S	Y	Single AA Change	-0.47	Neutral	79	30	0.014	Damaging	4.19	20		ENSG00000168228	ZCHC4_HUMAN	GO:0003676, GO:0008168, GO:0008270, GO:0016740, GO:0046872
26	4, 25314442, C, A	ENSP00000422115	229	1	GCC T[C/A]C AGG	4	S	Y	Single AA Change	-0.47	Neutral	71	30	0.010	Damaging	3.97	19		ENSG00000168228		GO:0008270
27	4, 49063902, T, C	ENSP00000226432	699	1	TTT [T/C]TA 	699	L	L	Synonymous	0.00	Neutral	103	30	1.000	Tolerated	3.15	30		ENSG00000109182	PG2IP_HUMAN	GO:0006506, GO:0016020, GO:0016021
27	4, 49063902, T, C	ENSP00000422802	672	1	TTT [T/C]TA 	672	L	L	Synonymous	0.00	Neutral	106	30	1.000	Tolerated	3.41	28		ENSG00000109182		
28	5, 41176671, G, A	ENSP00000263413	934	-1	ATA TT[C/T] GAT	358	F	F	Synonymous	0.00	Neutral	142	30	1.000	Tolerated	2.81	43		ENSG00000039537	CO6_HUMAN	GO:0001701, GO:0001970, GO:0006917, GO:0006919, GO:0006956, GO:0006958, GO:0019835, GO:0045087, GO:0045766, GO:0005576, GO:0005579, GO:0005615, GO:0005515
28	5, 41176671, G, A	ENSP00000338861	934	-1	ATA TT[C/T] GAT	358	F	F	Synonymous	0.00	Neutral	142	30	1.000	Tolerated	2.81	43		ENSG00000039537	CO6_HUMAN	GO:0001701, GO:0001970, GO:0006917, GO:0006919, GO:0006956, GO:0006958, GO:0019835, GO:0045087, GO:0045766, GO:0043065, GO:0005576, GO:0005579, GO:0005615, GO:0005515
29	5, 140176915, C, T	ENSP00000367372	824	1	CTC T[C/T]A GAA	789	S	L	Single AA Change	-0.85	Neutral	347	30	0.339	Tolerated	3.21	205		ENSG00000204969	PCDA2_HUMAN	GO:0007155, GO:0007156, GO:0007399, GO:0005886, GO:0005887, GO:0016020, GO:0005509
29	5, 140176915, C, T	ENSP00000430584	808	1	CTC T[C/T]A GAA	789	S	L	Single AA Change	-1.00	Neutral	347	30	0.295	Tolerated	3.34	163		ENSG00000204969		GO:0007156, GO:0016020, GO:0005509
29	5, 140176915, C, T	ENSP00000431748	948	1	CTC T[C/T]A GAA	789	S	L	Single AA Change	-0.89	Neutral	357	30	0.310	Tolerated	2.93	241		ENSG00000204969		GO:0007155, GO:0007156, GO:0007399, GO:0005886, GO:0005887, GO:0016020, GO:0005509
30	5, 140574103, T, G	ENSP00000239446	800	1	CAC [T/G]TG CTC	660	L	V	Single AA Change	2.59	Neutral	397	30	1.000	Tolerated	3.13	386	rs17844596	ENSG00000120324	PCDBA_HUMAN, PCDB9_HUMAN	GO:0007155, GO:0007156, GO:0007268, GO:0007416, GO:0016339, GO:0005886, GO:0016020, GO:0016021, GO:0005509
31	5, 161524788, G, A	ENSP00000349000	475	1	AAA [G/A]CT GAT	158	A	T	Single AA Change	-0.63	Neutral	337	30	0.298	Tolerated	2.88	381		ENSG00000113327		GO:0006810, GO:0006811, GO:0005886, GO:0016020, GO:0016021, GO:0030054, GO:0045202, GO:0045211, GO:0005216, GO:0005230
31	5, 161524788, G, A	ENSP00000354651	467	1	AAA [G/A]CT GAT	158	A	T	Single AA Change	-0.60	Neutral	338	30	0.301	Tolerated	2.90	374		ENSG00000113327	GBRG2_HUMAN	GO:0006810, GO:0006811, GO:0006821, GO:0007214, GO:0007268, GO:0034220, GO:0055085, GO:0005886, GO:0005887, GO:0016020, GO:0016021, GO:0030054, GO:0034707, GO:0045202, GO:0045211, GO:0004872, GO:0004890, GO:0005216, GO:0005230, GO:0005254, GO:0005515, GO:0008503
31	5, 161524788, G, A	ENSP00000377510	372	1	AAA [G/A]CT GAT	63	A	T	Single AA Change	-0.71	Neutral	334	30	0.318	Tolerated	3.05	354		ENSG00000113327		GO:0006810, GO:0006811, GO:0006821, GO:0007214, GO:0005886, GO:0016020, GO:0016021, GO:0030054, GO:0045202, GO:0045211, GO:0004872, GO:0004890, GO:0005216, GO:0005230
31	5, 161524788, G, A	ENSP00000410732	515	1	AAA [G/A]CT GAT	158	A	T	Single AA Change	-0.36	Neutral	333	30	0.361	Tolerated	2.98	390		ENSG00000113327		GO:0006810, GO:0006811, GO:0007214, GO:0007268, GO:0009791, GO:0030534, GO:0006821, GO:0005737, GO:0005886, GO:0016020, GO:0016021, GO:0030054, GO:0045202, GO:0045211, GO:0004890, GO:0005216, GO:0005230, GO:0005254, GO:0005515
31	5, 161524788, G, A	ENSP00000430182	222	1	AAA [G/A]CT GAT	63	A	T	Single AA Change	-0.78	Neutral	296	30	0.338	Tolerated	3.31	356		ENSG00000113327		GO:0006810, GO:0006811, GO:0005886, GO:0016020, GO:0016021, GO:0030054, GO:0045202, GO:0045211, GO:0005216, GO:0005230
32	6, 90382350, G, A	ENSP00000358400	5596	-1	ATC [C/T]TC TGT	4516	L	F	Single AA Change	-3.25	Deleterious	57	30	0.000	Damaging	2.96	38		ENSG00000112159	MDN1_HUMAN	GO:0006200, GO:0006461, GO:0005634, GO:0000166, GO:0005515, GO:0005524, GO:0016887, GO:0017111, GO:0051082
32	6, 90382350, G, A	ENSP00000413970	5596	-1	ATC [C/T]TC TGT	4516	L	F	Single AA Change	-3.25	Deleterious	57	30	0.000	Damaging	2.96	38		ENSG00000112159	MDN1_HUMAN	GO:0006200, GO:0006461, GO:0005634, GO:0000166, GO:0005515, GO:0005524, GO:0016887, GO:0017111, GO:0051082
33	6, 151204000, A, C	ENSP00000356276	275	1	TTG [A/C]AA CCA	174	K	Q	Single AA Change	-1.45	Neutral	199	30	0.123	Tolerated	2.81	205		ENSG00000120254		GO:0009396, GO:0055114, GO:0005739, GO:0003824, GO:0004488
33	6, 151204000, A, C	ENSP00000356277	332	1	TTG [A/C]AA CCA	134	K	Q	Single AA Change	-1.42	Neutral	226	30	0.100	Tolerated	2.84	86		ENSG00000120254		GO:0009396, GO:0055114, GO:0003824, GO:0004488
33	6, 151204000, A, C	ENSP00000356290	978	1	TTG [A/C]AA CCA	174	K	Q	Single AA Change	-0.72	Neutral	191	30	0.234	Tolerated	3.04	293		ENSG00000120254	C1TM_HUMAN	GO:0006730, GO:0006760, GO:0009396, GO:0015942, GO:0046653, GO:0055114, GO:0005737, GO:0005739, GO:0000166, GO:0003824, GO:0004329, GO:0004488, GO:0005524, GO:0016874, GO:0042803
33	6, 151204000, A, C	ENSP00000400776	114	1	TTG [A/C]AA CCA	64	K	Q	Single AA Change	-1.40	Neutral	190	30	0.293	Tolerated	2.77	133		ENSG00000120254		GO:0009396, GO:0055114, GO:0005739, GO:0003824, GO:0004488
33	6, 151204000, A, C	ENSP00000414412	120	1	TTG [A/C]AA CCA	18	K	Q	Single AA Change	-1.40	Neutral	151	30	0.064	Tolerated	2.78	114		ENSG00000120254		GO:0009396, GO:0055114, GO:0003824, GO:0004488
33	6, 151204000, A, C	ENSP00000415039	120	1	TTG [A/C]AA CCA	19	K	Q	Single AA Change	-1.42	Neutral	154	30	0.118	Tolerated	2.82	108		ENSG00000120254		GO:0009396, GO:0055114, GO:0003824, GO:0004488
34	7, 2740133, C, T	ENSP00000308149	498	1	CGG GC[C/T] TTG	16	A	A	Synonymous	0.00	Neutral	97	30	1.000	Tolerated	3.04	69		ENSG00000174945	AMZ1_HUMAN	GO:0006508, GO:0008233, GO:0008237, GO:0008270, GO:0046872
34	7, 2740133, C, T	ENSP00000386020	297	1	CGG GC[C/T] TTG	16	A	A	Synonymous	0.00	Neutral	94	30	1.000	Tolerated	3.31	70		ENSG00000174945		
35	7, 14613992, C, T	ENSP00000258767	804	-1	TAC [G/A]AA GGT	540	E	K	Single AA Change	-3.53	Deleterious	220	30	0.018	Damaging	2.84	228		ENSG00000136267		GO:0007205, GO:0035556, GO:0004143, GO:0005509
35	7, 14613992, C, T	ENSP00000382260	804	-1	TAC [G/A]AA GGT	540	E	K	Single AA Change	-3.53	Deleterious	220	30	0.018	Damaging	2.83	223		ENSG00000136267	DGKB_HUMAN	GO:0007205, GO:0007596, GO:0016310, GO:0030168, GO:0035556, GO:0005624, GO:0005737, GO:0005886, GO:0000166, GO:0004143, GO:0005509, GO:0005524, GO:0016740
35	7, 14613992, C, T	ENSP00000384909	803	-1	TAC [G/A]AA GGT	539	E	K	Single AA Change	-3.53	Deleterious	220	30	0.021	Damaging	2.81	227		ENSG00000136267		GO:0007205, GO:0016310, GO:0035556, GO:0005624, GO:0005886, GO:0004143, GO:0005509
35	7, 14613992, C, T	ENSP00000385031	796	-1	TAC [G/A]AA GGT	532	E	K	Single AA Change	-3.53	Deleterious	220	30	0.021	Damaging	2.83	230		ENSG00000136267		GO:0007205, GO:0035556, GO:0004143, GO:0005509
35	7, 14613992, C, T	ENSP00000385780	804	-1	TAC [G/A]AA GGT	540	E	K	Single AA Change	-3.53	Deleterious	220	30	0.018	Damaging	2.83	223		ENSG00000136267	DGKB_HUMAN	GO:0007205, GO:0007596, GO:0016310, GO:0030168, GO:0035556, GO:0005624, GO:0005737, GO:0005886, GO:0000166, GO:0004143, GO:0005509, GO:0005524, GO:0016740
35	7, 14613992, C, T	ENSP00000386066	773	-1	TAC [G/A]AA GGT	540	E	K	Single AA Change	-3.53	Deleterious	220	30	0.018	Damaging	2.82	224		ENSG00000136267		GO:0007205, GO:0016310, GO:0035556, GO:0005624, GO:0005886, GO:0004143, GO:0005509
35	7, 14613992, C, T	ENSP00000388451	785	-1	TAC [G/A]AA GGT	521	E	K	Single AA Change	-3.43	Deleterious	223	30	0.021	Damaging	2.84	230		ENSG00000136267		GO:0007205, GO:0035556, GO:0004143, GO:0005509
36	7, 101006425, C, G	record not found																			
37	7, 140453136, A, T	ENSP00000288602	766	-1	ACA G[T/A]G AAA	600	V	E	Single AA Change	-4.78	Deleterious	242	30	0.001	Damaging	2.88	204	rs113488022	ENSG00000157764	BRAF_HUMAN	GO:0000186, GO:0006468, GO:0006916, GO:0007165, GO:0007264, GO:0007268, GO:0009887, GO:0033138, GO:0035556, GO:0043066, GO:0043434, GO:0043524, GO:0048011, GO:0051591, GO:0070374, GO:0000165, GO:0005625, GO:0005634, GO:0005737, GO:0005829, GO:0005886, GO:0019717, GO:0005624, GO:0000166, GO:0004672, GO:0004674, GO:0004709, GO:0004713, GO:0005057, GO:0005515, GO:0005524, GO:0031434, GO:0046872, GO:0046982
37	7, 140453136, A, T	ENSP00000418033	102	-1	ACA G[T/A]G AAA	28	V	E	Single AA Change	-5.56	Deleterious	191	30	0.122	Tolerated	3.08	393	rs113488022	ENSG00000157764		GO:0006468, GO:0004672, GO:0005524
37	7, 140453136, A, T	ENSP00000419060	375	-1	ACA G[T/A]G AAA	208	V	E	Single AA Change	-5.29	Deleterious	235	30	0.007	Damaging	2.90	236	rs113488022	ENSG00000157764		GO:0006468, GO:0004672, GO:0004713, GO:0005524
38	7, 148508728, A, T	ENSP00000223193	707	-1	GAA [T/A]AC TGT	602	Y	N	Single AA Change	-8.04	Deleterious	203	30	0.000	Damaging	2.92	167		ENSG00000106462	EZH2_HUMAN	GO:0006325, GO:0006355, GO:0016568, GO:0016571, GO:0045892, GO:0048387, GO:0005634, GO:0035098, GO:0003677, GO:0005515, GO:0008168, GO:0016740, GO:0018024, GO:0042054
38	7, 148508728, A, T	ENSP00000320147	751	-1	GAA [T/A]AC TGT	646	Y	N	Single AA Change	-8.19	Deleterious	203	30	0.000	Damaging	2.89	174		ENSG00000106462		GO:0001932, GO:0000084, GO:0016571, GO:0014013, GO:0010468, GO:0021695, GO:0070734, GO:0070314, GO:0051154, GO:0050767, GO:0045605, GO:0042127, GO:0034244, GO:0005634, GO:0045120, GO:0035098, GO:0003677, GO:0005515, GO:0018024, GO:0003682, GO:0001047, GO:0043565, GO:0042054
38	7, 148508728, A, T	ENSP00000417062	695	-1	GAA [T/A]AC TGT	590	Y	N	Single AA Change	-7.74	Deleterious	205	30	0.000	Damaging	2.90	164		ENSG00000106462	EZH2_HUMAN	GO:0006325, GO:0006355, GO:0016568, GO:0016571, GO:0045892, GO:0048387, GO:0005634, GO:0035098, GO:0003677, GO:0005515, GO:0008168, GO:0016740, GO:0018024, GO:0042054
38	7, 148508728, A, T	ENSP00000419050	695	-1	GAA [T/A]AC TGT	590	Y	N	Single AA Change	-7.74	Deleterious	205	30	0.000	Damaging	2.90	164		ENSG00000106462	EZH2_HUMAN	GO:0006325, GO:0006355, GO:0016568, GO:0016571, GO:0045892, GO:0048387, GO:0005634, GO:0035098, GO:0003677, GO:0005515, GO:0008168, GO:0016740, GO:0018024, GO:0042054
38	7, 148508728, A, T	ENSP00000419711	746	-1	GAA [T/A]AC TGT	641	Y	N	Single AA Change	-8.03	Deleterious	202	30	0.000	Damaging	2.91	167		ENSG00000106462	EZH2_HUMAN	GO:0006325, GO:0006355, GO:0016568, GO:0016571, GO:0045892, GO:0048387, GO:0005634, GO:0035098, GO:0003677, GO:0005515, GO:0008168, GO:0016740, GO:0018024, GO:0042054
38	7, 148508728, A, T	ENSP00000419856	737	-1	GAA [T/A]AC TGT	632	Y	N	Single AA Change	-8.03	Deleterious	202	30	0.000	Damaging	2.94	165		ENSG00000106462	EZH2_HUMAN	GO:0006325, GO:0006355, GO:0016568, GO:0016571, GO:0045892, GO:0048387, GO:0005634, GO:0035098, GO:0003677, GO:0005515, GO:0008168, GO:0016740, GO:0018024, GO:0042054
38	7, 148508728, A, T	ENSP00000443219	695	-1	GAA [T/A]AC TGT	590	Y	N	Single AA Change	-7.74	Deleterious	205	30	0.000	Damaging	2.90	164		ENSG00000106462		GO:0003677, GO:0005515, GO:0018024
39	7, 148524290, G, A	ENSP00000223193	707	-1	TTT [C/T]CA GAT	193	P	S	Single AA Change	-6.94	Deleterious	203	30	0.050	Damaging	2.98	166		ENSG00000106462	EZH2_HUMAN	GO:0006325, GO:0006355, GO:0016568, GO:0016571, GO:0045892, GO:0048387, GO:0005634, GO:0035098, GO:0003677, GO:0005515, GO:0008168, GO:0016740, GO:0018024, GO:0042054
39	7, 148524290, G, A	ENSP00000320147	751	-1	TTT [C/T]CA GAT	232	P	S	Single AA Change	-6.96	Deleterious	203	30	0.051	Tolerated	2.92	175		ENSG00000106462		GO:0001932, GO:0000084, GO:0016571, GO:0014013, GO:0010468, GO:0021695, GO:0070734, GO:0070314, GO:0051154, GO:0050767, GO:0045605, GO:0042127, GO:0034244, GO:0005634, GO:0045120, GO:0035098, GO:0003677, GO:0005515, GO:0018024, GO:0003682, GO:0001047, GO:0043565, GO:0042054
39	7, 148524290, G, A	ENSP00000417062	695	-1	TTT [C/T]CA GAT	223	P	S	Single AA Change	-7.37	Deleterious	205	30	0.058	Tolerated	2.92	168		ENSG00000106462	EZH2_HUMAN	GO:0006325, GO:0006355, GO:0016568, GO:0016571, GO:0045892, GO:0048387, GO:0005634, GO:0035098, GO:0003677, GO:0005515, GO:0008168, GO:0016740, GO:0018024, GO:0042054
39	7, 148524290, G, A	ENSP00000417377	334	-1	TTT [C/T]CA GAT	232	P	S	Single AA Change	-7.43	Deleterious	211	30	0.092	Tolerated	2.88	184		ENSG00000106462		GO:0003677, GO:0018024
39	7, 148524290, G, A	ENSP00000419050	695	-1	TTT [C/T]CA GAT	223	P	S	Single AA Change	-7.37	Deleterious	205	30	0.058	Tolerated	2.92	168		ENSG00000106462	EZH2_HUMAN	GO:0006325, GO:0006355, GO:0016568, GO:0016571, GO:0045892, GO:0048387, GO:0005634, GO:0035098, GO:0003677, GO:0005515, GO:0008168, GO:0016740, GO:0018024, GO:0042054
39	7, 148524290, G, A	ENSP00000419711	746	-1	TTT [C/T]CA GAT	232	P	S	Single AA Change	-6.96	Deleterious	202	30	0.052	Tolerated	2.92	168		ENSG00000106462	EZH2_HUMAN	GO:0006325, GO:0006355, GO:0016568, GO:0016571, GO:0045892, GO:0048387, GO:0005634, GO:0035098, GO:0003677, GO:0005515, GO:0008168, GO:0016740, GO:0018024, GO:0042054
39	7, 148524290, G, A	ENSP00000419856	737	-1	TTT [C/T]CA GAT	223	P	S	Single AA Change	-6.96	Deleterious	202	30	0.053	Tolerated	2.94	166		ENSG00000106462	EZH2_HUMAN	GO:0006325, GO:0006355, GO:0016568, GO:0016571, GO:0045892, GO:0048387, GO:0005634, GO:0035098, GO:0003677, GO:0005515, GO:0008168, GO:0016740, GO:0018024, GO:0042054
39	7, 148524290, G, A	ENSP00000439305	225	-1	TTT [C/T]CA GAT	123	P	S	Single AA Change	-7.43	Deleterious	210	30	0.082	Tolerated	2.87	190		ENSG00000106462		GO:0003677
39	7, 148524290, G, A	ENSP00000443219	695	-1	TTT [C/T]CA GAT	223	P	S	Single AA Change	-7.37	Deleterious	205	30	0.058	Tolerated	2.92	168		ENSG00000106462		GO:0003677, GO:0005515, GO:0018024
40	7, 149485711, C, T	record not found																			
41	8, 65493684, G, A	ENSP00000318799	381	1	GGC [G/A]AC CCT	113	D	N	Single AA Change	-0.65	Neutral	91	30	0.010	Damaging	4.07	18		ENSG00000180828	BHE22_HUMAN	GO:0006355, GO:0030182, GO:0060042, GO:0060040, GO:0045892, GO:0005634
42	8, 69058515, C, T	ENSP00000288368	1606	1	TAT [C/T]AT TTT	1387	H	Y	Single AA Change	-1.00	Neutral	123	30	0.295	Tolerated	3.36	128		ENSG00000046889	PREX2_HUMAN	GO:0007186, GO:0032855, GO:0035023, GO:0035556, GO:0005622, GO:0005085, GO:0005089, GO:0005515, GO:0030675, GO:0030676
43	8, 80553703, G, A	ENSP00000220876	179	1	CCA C[G/A]A ACT	69	R	Q	Single AA Change	0.13	Neutral	217	30	0.323	Tolerated	2.87	217		ENSG00000104435	STMN2_HUMAN	GO:0007026, GO:0010976, GO:0010977, GO:0030182, GO:0031115, GO:0031117, GO:0035556, GO:0005624, GO:0005625, GO:0005737, GO:0005768, GO:0005794, GO:0016020, GO:0030424, GO:0030426, GO:0042995, GO:0048471, GO:0031982, GO:0005515
43	8, 80553703, G, A	ENSP00000429243	187	1	CCA C[G/A]A ACT	69	R	Q	Single AA Change	0.13	Neutral	216	30	0.335	Tolerated	2.99	210		ENSG00000104435		GO:0035556
43	8, 80553703, G, A	ENSP00000430102	168	1	CCA C[G/A]A ACT	58	R	Q	Single AA Change	0.10	Neutral	217	30	0.317	Tolerated	2.92	211		ENSG00000104435		GO:0035556
44	8, 106814304, G, A	ENSP00000367733	882	1	AAT G[G/A]A AAA	396	G	E	Single AA Change	-2.33	Neutral	98	30	0.004	Damaging	3.23	48		ENSG00000169946		GO:0000122, GO:0001570, GO:0001701, GO:0030324, GO:0045599, GO:0045893, GO:0048568, GO:0048738, GO:0060548, GO:2000020, GO:2000195, GO:0005622, GO:0005634, GO:0005737, GO:0003676, GO:0003714, GO:0008134, GO:0008270
44	8, 106814304, G, A	ENSP00000384179	1151	1	AAT G[G/A]A AAA	665	G	E	Single AA Change	-2.04	Neutral	92	30	0.006	Damaging	3.20	46		ENSG00000169946	FOG2_HUMAN	GO:0000122, GO:0001570, GO:0001701, GO:0003148, GO:0003221, GO:0007596, GO:0030324, GO:0045599, GO:0045892, GO:0045893, GO:0045944, GO:0048568, GO:0048738, GO:0060412, GO:0060548, GO:2000020, GO:2000195, GO:0007507, GO:0005622, GO:0005634, GO:0005654, GO:0005737, GO:0001071, GO:0001105, GO:0003676, GO:0003677, GO:0003714, GO:0005515, GO:0008134, GO:0008270, GO:0046872
44	8, 106814304, G, A	ENSP00000428720	1019	1	AAT G[G/A]A AAA	533	G	E	Single AA Change	-2.04	Neutral	91	30	0.003	Damaging	3.29	49		ENSG00000169946		GO:0000122, GO:0001570, GO:0001701, GO:0030324, GO:0045599, GO:0045893, GO:0048568, GO:0048738, GO:0060548, GO:2000020, GO:2000195, GO:0005622, GO:0005634, GO:0005737, GO:0001071, GO:0003676, GO:0003714, GO:0008134, GO:0008270
44	8, 106814304, G, A	ENSP00000430757	1019	1	AAT G[G/A]A AAA	533	G	E	Single AA Change	-2.04	Neutral	91	30	0.003	Damaging	3.29	49		ENSG00000169946		GO:0000122, GO:0001570, GO:0001701, GO:0030324, GO:0045599, GO:0045893, GO:0048568, GO:0048738, GO:0060548, GO:2000020, GO:2000195, GO:0005622, GO:0005634, GO:0005737, GO:0001071, GO:0003676, GO:0003714, GO:0008134, GO:0008270
45	8, 139601539, A, T	ENSP00000303153	1626	-1	TAC T[T/A]C GCC	1613	F	Y	Single AA Change	0.15	Neutral	112	30	0.788	Tolerated	3.64	19		ENSG00000169436	COMA1_HUMAN	GO:0007155, GO:0005576, GO:0005581, GO:0005737, GO:0005198, GO:0005515
45	8, 139601539, A, T	ENSP00000387655	1606	-1	TAC T[T/A]C GCC	1593	F	Y	Single AA Change	0.29	Neutral	130	30	0.626	Tolerated	3.41	24		ENSG00000169436		GO:0007155, GO:0005198, GO:0005515
45	8, 139601539, A, T	ENSP00000443522	1319	-1	TAC T[T/A]C GCC	1306	F	Y	Single AA Change	0.12	Neutral	140	30	0.325	Tolerated	3.47	24		ENSG00000169436		GO:0005515
46	10, 7682748, C, T	ENSP00000256861	956	-1	AAA [G/A]AG AAA	124	E	K	Single AA Change	-0.06	Neutral	209	30	0.210	Tolerated	3.04	53		ENSG00000123243		GO:0030212, GO:0004867, GO:0005515
46	10, 7682748, C, T	ENSP00000380332	702	-1	AAA [G/A]AG AAA	124	E	K	Single AA Change	-0.64	Neutral	112	30	0.330	Tolerated	2.80	58		ENSG00000123243		GO:0005515
46	10, 7682748, C, T	ENSP00000380333	695	-1	AAA [G/A]AG AAA	124	E	K	Single AA Change	-0.64	Neutral	112	30	0.319	Tolerated	2.86	55		ENSG00000123243		GO:0005515
47	10, 22634665, C, T	ENSP00000323599	458	1	CAA TA[C/T] CAG	13	Y	Y	Synonymous	0.00	Neutral	138	30	1.000	Tolerated	2.87	104		ENSG00000077327		GO:0005515, GO:0044183
47	10, 22634665, C, T	ENSP00000365786	270	1	CAA TA[C/T] CAG	13	Y	Y	Synonymous	0.00	Neutral	134	30	0.180	Tolerated	3.23	28		ENSG00000077327		GO:0005515
47	10, 22634665, C, T	ENSP00000365788	585	1	CAA TA[C/T] CAG	13	Y	Y	Synonymous	0.00	Neutral	132	30	1.000	Tolerated	4.32	4		ENSG00000077327		GO:0005515, GO:0044183
47	10, 22634665, C, T	ENSP00000365811	509	1	CAA TA[C/T] CAG	13	Y	Y	Synonymous	0.00	Neutral	137	30	1.000	Tolerated	2.86	104		ENSG00000077327	SPAG6_HUMAN	GO:0007286, GO:0030030, GO:0005737, GO:0005874, GO:0005929, GO:0005930, GO:0015630, GO:0019861, GO:0005488, GO:0005515, GO:0044183
47	10, 22634665, C, T	ENSP00000406594	246	1	CAA TA[C/T] CAG	13	Y	Y	Synonymous	0.00	Neutral	132	30	1.000	Tolerated	4.32	6		ENSG00000077327		GO:0005515
47	10, 22634665, C, T	ENSP00000411111	191	1	CAA TA[C/T] CAG	13	Y	Y	Synonymous	0.00	Neutral	135	30	1.000	Tolerated	3.09	88		ENSG00000077327		GO:0005515
48	10, 50959995, G, A	ENSP00000363216	1010	-1	GAG TT[C/T] ATG	209	F	F	Synonymous	0.00	Neutral	230	30	0.697	Tolerated	2.83	340		ENSG00000197444	OGDHL_HUMAN	GO:0006096, GO:0006099, GO:0008152, GO:0055114, GO:0005739, GO:0005759, GO:0004591, GO:0005515, GO:0016491, GO:0016624, GO:0030976
48	10, 50959995, G, A	ENSP00000401356	953	-1	GAG TT[C/T] ATG	152	F	F	Synonymous	0.00	Neutral	229	30	0.610	Tolerated	2.84	351		ENSG00000197444	OGDHL_HUMAN	GO:0006096, GO:0006099, GO:0008152, GO:0055114, GO:0005739, GO:0005759, GO:0004591, GO:0005515, GO:0016491, GO:0016624, GO:0030976
49	11, 66358663, G, A	ENSP00000328487	849	-1	GAT TT[C/T] CTT	608	F	F	Synonymous	0.00	Neutral	48	30	1.000	Tolerated	2.86	29		ENSG00000182791	CCD87_HUMAN	
50	11, 94318647, G, A	ENSP00000299001	852	1	GGA CG[G/A] AAC	224	R	R	Synonymous	0.00	Neutral	144	30	1.000	Tolerated	2.83	98		ENSG00000134627	PIWL4_HUMAN	GO:0006417, GO:0007126, GO:0007275, GO:0007283, GO:0030154, GO:0031047, GO:0034587, GO:0043046, GO:0005634, GO:0005737, GO:0043186, GO:0071547, GO:0005515, GO:0034584
50	11, 94318647, G, A	ENSP00000413838	495	1	GGA CG[G/A] AAC	197	R	R	Synonymous	0.00	Neutral	141	30	1.000	Tolerated	2.83	102		ENSG00000134627		GO:0007283, GO:0031047, GO:0034587, GO:0043046, GO:0005634, GO:0005737, GO:0071547, GO:0005515, GO:0034584
50	11, 94318647, G, A	ENSP00000444575	453	1	GGA CG[G/A] AAC	155	R	R	Synonymous	0.00	Neutral	141	30	1.000	Tolerated	2.88	100		ENSG00000134627		GO:0007283, GO:0031047, GO:0034587, GO:0043046, GO:0005634, GO:0005737, GO:0071547, GO:0005515, GO:0034584
51	12, 29908777, G, T	ENSP00000256062	774	-1	TCC A[C/A]G GTG	91	T	K	Single AA Change	-2.17	Neutral	130	30	0.060	Tolerated	2.97	35		ENSG00000133687	TMTC1_HUMAN	GO:0006396, GO:0005622, GO:0005739, GO:0016020, GO:0016021, GO:0005488, GO:0005515
51	12, 29908777, G, T	ENSP00000370622	574	-1	TCC A[C/A]G GTG	91	T	K	Single AA Change	-2.82	Deleterious	88	30	0.041	Damaging	2.84	101		ENSG00000133687		GO:0005515
51	12, 29908777, G, T	ENSP00000442046	882	-1	TCC A[C/A]G GTG	199	T	K	Single AA Change	-2.21	Neutral	132	30	0.089	Tolerated	2.98	37		ENSG00000133687	TMTC1_HUMAN	GO:0006396, GO:0005622, GO:0005739, GO:0016020, GO:0016021, GO:0005488, GO:0005515
51	12, 29908777, G, T	ENSP00000448112	944	-1	TCC A[C/A]G GTG	199	T	K	Single AA Change	-2.76	Deleterious	95	30	0.030	Damaging	2.94	78		ENSG00000133687		GO:0006396, GO:0005622, GO:0005488, GO:0005515
51	12, 29908777, G, T	ENSP00000449043	906	-1	TCC A[C/A]G GTG	199	T	K	Single AA Change	-2.93	Deleterious	89	30	0.024	Damaging	2.85	75		ENSG00000133687		GO:0005488, GO:0005515
52	12, 55040913, G, A	ENSP00000293371	110	-1	GGA T[C/T]G GGG	30	S	L	Single AA Change	-5.67	Deleterious	12	3	0.000	Damaging	3.82	6	rs183641172	ENSG00000161634	DCD_HUMAN	GO:0031640, GO:0042742, GO:0050832, GO:0005576
52	12, 55040913, G, A	ENSP00000406773	121	-1	GGA T[C/T]G GGG	30	S	L	Single AA Change	-5.78	Deleterious	12	3	0.000	Damaging	4.32	6	rs183641172	ENSG00000161634		
52	12, 55040913, G, A	ENSP00000450415	77	-1	GGA T[C/T]G GGG	30	S	L	Single AA Change	-6.00	Deleterious	6	2	0.000	Damaging	4.32	2	rs183641172	ENSG00000161634		
53	12, 78531126, C, T	ENSP00000228327	2363	1	TCA TT[C/T] AGA	1537	F	F	Synonymous	0.00	Neutral	196	30	1.000	Tolerated	3.06	176		ENSG00000067798		GO:0005635, GO:0000166, GO:0005515, GO:0005524, GO:0017111
53	12, 78531126, C, T	ENSP00000266692	2186	1	TCA TT[C/T] AGA	1360	F	F	Synonymous	0.00	Neutral	201	30	1.000	Tolerated	3.35	136		ENSG00000067798		GO:0005635, GO:0000166, GO:0005515, GO:0005524, GO:0017111
53	12, 78531126, C, T	ENSP00000367907	791	1	TCA TT[C/T] AGA	158	F	F	Synonymous	0.00	Neutral	205	30	1.000	Tolerated	3.11	162		ENSG00000067798		GO:0000166, GO:0005524, GO:0017111
53	12, 78531126, C, T	ENSP00000381007	2385	1	TCA TT[C/T] AGA	1537	F	F	Synonymous	0.00	Neutral	197	30	1.000	Tolerated	3.07	174		ENSG00000067798	NAV3_HUMAN	GO:0005634, GO:0005635, GO:0005640, GO:0016020, GO:0000166, GO:0005515, GO:0005524, GO:0017111
53	12, 78531126, C, T	ENSP00000446132	2363	1	TCA TT[C/T] AGA	1537	F	F	Synonymous	0.00	Neutral	196	30	1.000	Tolerated	3.09	174		ENSG00000067798		GO:0005635, GO:0000166, GO:0005515, GO:0005524, GO:0017111
53	12, 78531126, C, T	ENSP00000446644	1258	1	TCA TT[C/T] AGA	432	F	F	Synonymous	0.00	Neutral	203	30	1.000	Tolerated	3.26	153		ENSG00000067798		GO:0000166, GO:0005524, GO:0017111
53	12, 78531126, C, T	ENSP00000448303	799	1	TCA TT[C/T] AGA	166	F	F	Synonymous	0.00	Neutral	205	30	1.000	Tolerated	3.07	145		ENSG00000067798		GO:0000166, GO:0005524, GO:0017111
54	12, 108013867, C, T	ENSP00000280758	1104	1	ATT [C/T]AG GAG	853	Q	*	Nonsense	NA	NA	133	30	NA	NA	NA	NA		ENSG00000151136	BTBDB_HUMAN	GO:0016020, GO:0016021, GO:0003677, GO:0005515
54	12, 108013867, C, T	ENSP00000349690	641	1	ATT [C/T]AG GAG	390	Q	*	Nonsense	NA	NA	134	30	NA	NA	NA	NA		ENSG00000151136		GO:0005515
54	12, 108013867, C, T	ENSP00000413889	985	1	ATT [C/T]AG GAG	734	Q	*	Nonsense	NA	NA	131	30	NA	NA	NA	NA		ENSG00000151136		GO:0005515
54	12, 108013867, C, T	ENSP00000447319	1007	1	ATT [C/T]AG GAG	853	Q	*	Nonsense	NA	NA	134	30	NA	NA	NA	NA		ENSG00000151136		GO:0005515
55	12, 125444888, G, A	ENSP00000311135	1157	-1	TTA AT[C/T] CTT	709	I	I	Synonymous	0.00	Neutral	61	30	1.000	Tolerated	2.80	63		ENSG00000150990	DHX37_HUMAN	GO:0006810, GO:0005622, GO:0000166, GO:0003676, GO:0004386, GO:0005524, GO:0008026, GO:0016787
55	12, 125444888, G, A	ENSP00000439009	962	-1	TTA AT[C/T] CTT	496	I	I	Synonymous	0.00	Neutral	62	30	0.648	Tolerated	2.81	85		ENSG00000150990		GO:0006810, GO:0005622, GO:0000166, GO:0003676, GO:0004386, GO:0005524, GO:0008026, GO:0016787
56	13, 47409746, C, T	ENSP00000367959	471	-1	TTT GG[G/A] CTA	214	G	G	Synonymous	0.00	Neutral	173	30	1.000	Tolerated	2.82	134		ENSG00000102468	5HT2A_HUMAN	GO:0001659, GO:0006661, GO:0006950, GO:0007186, GO:0007208, GO:0007210, GO:0007268, GO:0007568, GO:0007613, GO:0008219, GO:0008284, GO:0014059, GO:0014065, GO:0019233, GO:0030431, GO:0042493, GO:0043267, GO:0043406, GO:0045907, GO:0051209, GO:0051967, GO:0070371, GO:0005737, GO:0005886, GO:0005887, GO:0016021, GO:0043198, GO:0030425, GO:0004435, GO:0004871, GO:0004872, GO:0004930, GO:0004993, GO:0008144, GO:0051378, GO:0071886
56	13, 47409746, C, T	ENSP00000437737	471	-1	TTT GG[G/A] CTA	214	G	G	Synonymous	0.00	Neutral	173	30	1.000	Tolerated	2.82	134		ENSG00000102468		GO:0001659, GO:0006661, GO:0006950, GO:0007186, GO:0007208, GO:0007210, GO:0007268, GO:0007568, GO:0007613, GO:0008219, GO:0008284, GO:0014059, GO:0014065, GO:0019233, GO:0030431, GO:0042493, GO:0043267, GO:0043406, GO:0045907, GO:0051209, GO:0051967, GO:0070371, GO:0005737, GO:0005886, GO:0005887, GO:0016021, GO:0043198, GO:0004435, GO:0004871, GO:0004872, GO:0004930, GO:0004993, GO:0008144, GO:0051378, GO:0071886
56	13, 47409746, C, T	ENSP00000441861	387	-1	TTT GG[G/A] CTA	130	G	G	Synonymous	0.00	Neutral	172	30	1.000	Tolerated	2.76	190		ENSG00000102468		GO:0007186, GO:0016021, GO:0004871, GO:0004872, GO:0004930
57	13, 114507969, C, T	ENSP00000364502	326	1	GTC [C/T]CG ACC	261	P	S	Single AA Change	-4.69	Deleterious	118	30	0.055	Tolerated	3.26	90		ENSG00000184497	FA70B_HUMAN	GO:0016020, GO:0016021
58	14, 21990881, C, T	ENSP00000333537	1007	-1	ACA G[G/A]G CTC	994	G	E	Single AA Change	2.41	Neutral	204	30	0.000	Damaging	4.32	35		ENSG00000165821	SALL2_HUMAN	GO:0000122, GO:0006355, GO:0021915, GO:0045892, GO:0005622, GO:0005634, GO:0016581, GO:0003677, GO:0003700, GO:0008270, GO:0046872
59	14, 55226914, C, T	ENSP00000251091	629	1	CCG CT[C/T] CAG	315	L	L	Synonymous	0.00	Neutral	157	30	1.000	Tolerated	2.93	110		ENSG00000020577		GO:0005515
59	14, 55226914, C, T	ENSP00000306381	630	1	CCG CT[C/T] CAG	316	L	L	Synonymous	0.00	Neutral	157	30	1.000	Tolerated	2.93	110		ENSG00000020577		GO:0005515
59	14, 55226914, C, T	ENSP00000350261	717	1	CCG CT[C/T] CAG	403	L	L	Synonymous	0.00	Neutral	157	30	1.000	Tolerated	2.86	114		ENSG00000020577	SMAG1_HUMAN	GO:0017148, GO:0045727, GO:0005737, GO:0019717, GO:0030054, GO:0030425, GO:0042995, GO:0045202, GO:0005515, GO:0030371
59	14, 55226914, C, T	ENSP00000375919	718	1	CCG CT[C/T] CAG	404	L	L	Synonymous	0.00	Neutral	157	30	1.000	Tolerated	2.86	114		ENSG00000020577		GO:0017148, GO:0045727, GO:0005737, GO:0019717, GO:0030054, GO:0030425, GO:0042995, GO:0045202, GO:0005515, GO:0030371
59	14, 55226914, C, T	ENSP00000452535	718	1	CCG CT[C/T] CAG	404	L	L	Synonymous	0.00	Neutral	157	30	1.000	Tolerated	2.86	114		ENSG00000020577		GO:0017148, GO:0045727, GO:0005737, GO:0019717, GO:0030054, GO:0030425, GO:0042995, GO:0045202, GO:0005515, GO:0030371
60	15, 77474101, C, G	ENSP00000309230	1746	-1	ATC AG[G/C] AAC	56	R	S	Single AA Change	-0.81	Neutral	89	30	0.005	Damaging	3.29	55		ENSG00000173517	PEAK1_HUMAN	GO:0006468, GO:0016477, GO:0034446, GO:0046777, GO:0005737, GO:0005925, GO:0015629, GO:0030054, GO:0000166, GO:0004672, GO:0004715, GO:0005515, GO:0005524
60	15, 77474101, C, G	ENSP00000452796	1746	-1	ATC AG[G/C] AAC	56	R	S	Single AA Change	-0.81	Neutral	89	30	0.005	Damaging	3.29	55		ENSG00000173517		GO:0006468, GO:0016477, GO:0034446, GO:0046777, GO:0005737, GO:0005925, GO:0015629, GO:0030054, GO:0000166, GO:0004672, GO:0004715, GO:0005515, GO:0005524
60	15, 77474101, C, G	ENSP00000453924	1049	-1	ATC AG[G/C] AAC	56	R	S	Single AA Change	-0.99	Neutral	81	26	0.007	Damaging	3.40	57		ENSG00000173517		
60	15, 77474101, C, G	ENSP00000457602	60	-1	ATC AG[G/C] AAC	56	R	S	Single AA Change	-1.20	Neutral	72	25	0.000	Damaging	4.32	21		ENSG00000173517		
60	15, 77474101, C, G	ENSP00000457880	656	-1	ATC AG[G/C] AAC	56	R	S	Single AA Change	-1.16	Neutral	75	25	0.008	Damaging	3.39	55		ENSG00000173517		
61	15, 85634273, A, G	record not found																			
62	15, 90173614, G, A	ENSP00000377934	1343	-1	TCA GC[C/T] TCG	1074	A	A	Synonymous	0.00	Neutral	96	30	0.932	Tolerated	2.99	65		ENSG00000166813	KIF7_HUMAN	GO:0007018, GO:0045879, GO:0045880, GO:0005929, GO:0000166, GO:0003777, GO:0005515, GO:0005524
63	16, 48256722, G, A	ENSP00000311326	1344	-1	AAG AT[C/T] CTG	188	I	I	Synonymous	0.00	Neutral	127	30	1.000	Tolerated	2.82	83		ENSG00000121270		GO:0006810, GO:0055085, GO:0016021, GO:0000166, GO:0005524, GO:0016887, GO:0017111, GO:0042626
63	16, 48256722, G, A	ENSP00000349017	1382	-1	AAG AT[C/T] CTG	188	I	I	Synonymous	0.00	Neutral	127	30	1.000	Tolerated	2.83	85		ENSG00000121270	ABCCB_HUMAN	GO:0006810, GO:0055085, GO:0016020, GO:0016021, GO:0000166, GO:0005524, GO:0016887, GO:0017111, GO:0042626
63	16, 48256722, G, A	ENSP00000378230	1382	-1	AAG AT[C/T] CTG	188	I	I	Synonymous	0.00	Neutral	127	30	1.000	Tolerated	2.83	85		ENSG00000121270	ABCCB_HUMAN	GO:0006810, GO:0055085, GO:0016020, GO:0016021, GO:0000166, GO:0005524, GO:0016887, GO:0017111, GO:0042626
63	16, 48256722, G, A	ENSP00000378231	1382	-1	AAG AT[C/T] CTG	188	I	I	Synonymous	0.00	Neutral	127	30	1.000	Tolerated	2.83	85		ENSG00000121270	ABCCB_HUMAN	GO:0006810, GO:0055085, GO:0016020, GO:0016021, GO:0000166, GO:0005524, GO:0016887, GO:0017111, GO:0042626
63	16, 48256722, G, A	ENSP00000438530	755	-1	AAG AT[C/T] CTG	188	I	I	Synonymous	0.00	Neutral	126	30	1.000	Tolerated	2.85	94		ENSG00000121270		GO:0006810, GO:0055085, GO:0016021, GO:0000166, GO:0005524, GO:0016887, GO:0017111, GO:0042626
64	17, 11608448, C, T	ENSP00000262442	4486	1	TAT T[C/T]C TAT	1833	S	F	Single AA Change	-3.82	Deleterious	149	30	0.660	Tolerated	2.82	172		ENSG00000007174	DYH9_HUMAN	GO:0006928, GO:0007018, GO:0007283, GO:0030030, GO:0005737, GO:0005856, GO:0005858, GO:0005874, GO:0005929, GO:0030286, GO:0035085, GO:0000166, GO:0003774, GO:0003777, GO:0005524, GO:0016887, GO:0017111
64	17, 11608448, C, T	ENSP00000387352	2992	1	TAT T[C/T]C TAT	415	S	F	Single AA Change	-3.57	Deleterious	133	30	0.878	Tolerated	2.77	199		ENSG00000007174		GO:0007018, GO:0030286, GO:0000166, GO:0003777, GO:0005524, GO:0016887, GO:0017111
64	17, 11608448, C, T	ENSP00000414874	4410	1	TAT T[C/T]C TAT	1833	S	F	Single AA Change	-3.82	Deleterious	148	30	0.702	Tolerated	2.80	177		ENSG00000007174		GO:0007018, GO:0030286, GO:0000166, GO:0003777, GO:0005524, GO:0016887, GO:0017111
65	17, 38126842, G, A	ENSP00000301659	445	1	GAG C[G/A]A GCC	167	R	Q	Single AA Change	-0.37	Neutral	94	30	0.205	Tolerated	2.81	37		ENSG00000167914	GSDMA_HUMAN	GO:0006915, GO:0006917, GO:0005737, GO:0048471
66	17, 73886940, G, A	ENSP00000269383	517	-1	CTC [C/T]TC GAG	492	L	F	Single AA Change	-0.92	Neutral	114	30	0.158	Tolerated	2.83	32		ENSG00000141569	TRI65_HUMAN	GO:0005622, GO:0005515, GO:0008270, GO:0046872
67	18, 48255600, C, T	ENSP00000383234	587	1	CAG CG[C/T] GAC	380	R	R	Synonymous	0.00	Neutral	319	30	1.000	Tolerated	3.62	75		ENSG00000141639	MK04_HUMAN	GO:0006468, GO:0007049, GO:0005737, GO:0005634, GO:0000166, GO:0004672, GO:0004674, GO:0004707, GO:0004713, GO:0005524, GO:0019901, GO:0046982, GO:0042803
67	18, 48255600, C, T	ENSP00000439231	376	1	CAG CG[C/T] GAC	169	R	R	Synonymous	0.00	Neutral	431	30	1.000	Tolerated	2.96	83		ENSG00000141639		GO:0006468, GO:0004672, GO:0004707, GO:0005524
68	18, 55024432, C, T	ENSP00000320431	380	1	GCT TT[C/T] CAA	197	F	F	Synonymous	0.00	Neutral	217	30	0.880	Tolerated	2.84	141		ENSG00000177511	SIA8C_HUMAN	GO:0001574, GO:0006486, GO:0006491, GO:0006688, GO:0009100, GO:0009311, GO:0018279, GO:0043687, GO:0044267, GO:0000139, GO:0005794, GO:0016020, GO:0016021, GO:0030173, GO:0003828, GO:0008373, GO:0033691
68	18, 55024432, C, T	ENSP00000438901	487	1	GCT TT[C/T] CAA	304	F	F	Synonymous	0.00	Neutral	214	30	0.935	Tolerated	2.98	316		ENSG00000177511		GO:0001574, GO:0006486, GO:0006491, GO:0006688, GO:0009100, GO:0009311, GO:0018279, GO:0043687, GO:0044267, GO:0000139, GO:0005794, GO:0016020, GO:0016021, GO:0030173, GO:0003828, GO:0008373, GO:0033691
69	19, 965032, G, A	ENSP00000263620	593	1	GCC [G/A]CA AGC	384	A	T	Single AA Change	-0.08	Neutral	117	30	0.287	Tolerated	3.04	133		ENSG00000116017	ARI3A_HUMAN	GO:0006355, GO:0005622, GO:0005634, GO:0005737, GO:0003677, GO:0003700, GO:0042803, GO:0005515
70	19, 1828074, G, A	ENSP00000170168	1221	-1	CTC TC[C/T] AAC	238	S	S	Synonymous	0.00	Neutral	87	30	1.000	Tolerated	3.46	34		ENSG00000079313	REXO1_HUMAN	GO:0005622, GO:0005634, GO:0003676, GO:0004527, GO:0016787
70	19, 1828074, G, A	ENSP00000396988	337	-1	CTC TC[C/T] AAC	192	S	S	Synonymous	0.00	Neutral	54	20	1.000	Tolerated	3.06	43		ENSG00000079313		GO:0005634
71	19, 15918611, C, T	ENSP00000335596	318	-1	ATC CC[G/A] CGC	79	P	P	Synonymous	0.00	Neutral	644	30	1.000	Tolerated	2.80	356		ENSG00000186723	O10H1_HUMAN	GO:0007186, GO:0050896, GO:0005886, GO:0016021, GO:0004871, GO:0004872, GO:0004930, GO:0004984
72	19, 16908590, C, T	ENSP00000340159	1429	1	TTT [C/T]GC CGA	983	R	C	Single AA Change	-0.96	Neutral	83	30	0.026	Damaging	2.94	25		ENSG00000188039		GO:0005515
72	19, 16908590, C, T	ENSP00000369136	1432	1	TTT [C/T]GC CGA	1118	R	C	Single AA Change	-0.99	Neutral	85	30	0.017	Damaging	2.82	25		ENSG00000188039		GO:0005515
72	19, 16908590, C, T	ENSP00000391461	1429	1	TTT [C/T]GC CGA	983	R	C	Single AA Change	-0.96	Neutral	83	30	0.026	Damaging	2.94	25		ENSG00000188039		GO:0005515
72	19, 16908590, C, T	ENSP00000428579	1432	1	TTT [C/T]GC CGA	1118	R	C	Single AA Change	-0.99	Neutral	85	30	0.017	Damaging	2.82	25		ENSG00000188039		GO:0005515
72	19, 16908590, C, T	ENSP00000428955	1358	1	TTT [C/T]GC CGA	912	R	C	Single AA Change	-0.91	Neutral	84	30	0.036	Damaging	2.94	25		ENSG00000188039		GO:0005515
72	19, 16908590, C, T	ENSP00000447224	1564	1	TTT [C/T]GC CGA	1118	R	C	Single AA Change	-0.99	Neutral	85	30	0.015	Damaging	2.88	26		ENSG00000188039		GO:0000166, GO:0005515, GO:0005524
72	19, 16908590, C, T	ENSP00000447548	1522	1	TTT [C/T]GC CGA	1118	R	C	Single AA Change	-0.87	Neutral	85	30	0.035	Damaging	2.85	26		ENSG00000188039		GO:0005515
73	19, 18239744, T, C	ENSP00000262811	1309	1	CTC AT[T/C] AGC	373	I	I	Synonymous	0.00	Neutral	181	30	1.000	Tolerated	2.80	298		ENSG00000099308	MAST3_HUMAN	GO:0006468, GO:0000166, GO:0000287, GO:0004672, GO:0004674, GO:0004713, GO:0005515, GO:0005524
74	19, 33716503, A, G	ENSP00000253188	523	-1	GCG C[T/C]C AAG	36	L	P	Single AA Change	-5.70	Deleterious	296	30	0.000	Damaging	2.75	236		ENSG00000130876	AAA1_HUMAN	GO:0003333, GO:0006810, GO:0006811, GO:0006865, GO:0007596, GO:0015804, GO:0015825, GO:0034641, GO:0042941, GO:0042942, GO:0050900, GO:0055085, GO:0005886, GO:0005887, GO:0016020, GO:0030425, GO:0015171, GO:0015175, GO:0015194, GO:0005515
75	19, 40947397, T, C	record not found																			
76	19, 50865469, C, T	ENSP00000253719	420	-1	CCT G[G/A]G GAC	62	G	E	Single AA Change	0.75	Neutral	189	30	0.265	Tolerated	2.83	176		ENSG00000131400	NAPSA_HUMAN	GO:0006508, GO:0033619, GO:0043129, GO:0005576, GO:0005615, GO:0005764, GO:0042599, GO:0004175, GO:0004190, GO:0008233
77	19, 53058202, C, G	ENSP00000352846	903	1	AAA T[C/G]T TAC	678	S	C	Single AA Change	-1.40	Neutral	147	30	0.026	Damaging	2.79	131		ENSG00000198482	ZN808_HUMAN	GO:0006355, GO:0005622, GO:0005634, GO:0003676, GO:0003677, GO:0008270, GO:0046872
77	19, 53058202, C, G	ENSP00000420522	834	1	AAA T[C/G]T TAC	609	S	C	Single AA Change	-1.45	Neutral	150	30	0.002	Damaging	2.81	129		ENSG00000198482		GO:0005622, GO:0008270
78	20, 3651670, C, T	ENSP00000322550	787	-1	AGA AG[G/A] GAC	715	R	R	Synonymous	0.00	Neutral	139	30	1.000	Tolerated	3.00	42		ENSG00000149451		GO:0006508, GO:0004222, GO:0008270
78	20, 3651670, C, T	ENSP00000348912	813	-1	AGA AG[G/A] GAC	741	R	R	Synonymous	0.00	Neutral	139	30	1.000	Tolerated	3.09	42		ENSG00000149451	ADA33_HUMAN	GO:0006508, GO:0016020, GO:0016021, GO:0004222, GO:0005515, GO:0008233, GO:0008270, GO:0046872
78	20, 3651670, C, T	ENSP00000369190	812	-1	AGA AG[G/A] GAC	741	R	R	Synonymous	0.00	Neutral	139	30	1.000	Tolerated	3.10	43		ENSG00000149451		GO:0006508, GO:0004222, GO:0005515, GO:0008270
78	20, 3651670, C, T	ENSP00000400474	692	-1	AGA AG[G/A] GAC	621	R	R	Synonymous	0.00	Neutral	142	30	1.000	Tolerated	3.13	26		ENSG00000149451		GO:0006508, GO:0004222, GO:0005515, GO:0008270
79	20, 34618321, G, A	ENSP00000340954	572	1	AGC TG[G/A] AAT	490	W	*	Nonsense	NA	NA	64	30	NA	NA	NA	NA		ENSG00000149646		
79	20, 34618321, G, A	ENSP00000363084	576	1	AGC TG[G/A] AAT	494	W	*	Nonsense	NA	NA	64	30	NA	NA	NA	NA		ENSG00000149646	CT152_HUMAN	
80	20, 62221544, G, A	ENSP00000266068	530	-1	GGC TC[C/T] AGC	497	S	S	Synonymous	0.00	Neutral	140	30	0.090	Tolerated	3.23	80		ENSG00000101216	GMEB2_HUMAN	GO:0006355, GO:0006366, GO:0005634, GO:0005737, GO:0003677, GO:0005488, GO:0046872
80	20, 62221544, G, A	ENSP00000359086	479	-1	GGC TC[C/T] AGC	446	S	S	Synonymous	0.00	Neutral	141	30	0.089	Tolerated	3.23	80		ENSG00000101216		GO:0005634, GO:0005737, GO:0003677, GO:0005488
80	20, 62221544, G, A	ENSP00000359094	530	-1	GGC TC[C/T] AGC	497	S	S	Synonymous	0.00	Neutral	140	30	0.090	Tolerated	3.23	80		ENSG00000101216	GMEB2_HUMAN	GO:0006355, GO:0006366, GO:0005634, GO:0005737, GO:0003677, GO:0005488, GO:0046872
81	20, 62421632, G, A	ENSP00000245663	589	-1	TCG G[C/T]C GTG	160	A	V	Single AA Change	-1.41	Neutral	229	30	0.022	Damaging	2.90	39		ENSG00000130584	ZBT46_HUMAN	GO:0006355, GO:0005622, GO:0005634, GO:0003676, GO:0005515, GO:0008270, GO:0046872
81	20, 62421632, G, A	ENSP00000303102	589	-1	TCG G[C/T]C GTG	160	A	V	Single AA Change	-1.41	Neutral	229	30	0.022	Damaging	2.90	39		ENSG00000130584	ZBT46_HUMAN	GO:0006355, GO:0005622, GO:0005634, GO:0003676, GO:0005515, GO:0008270, GO:0046872
81	20, 62421632, G, A	ENSP00000378536	589	-1	TCG G[C/T]C GTG	160	A	V	Single AA Change	-1.41	Neutral	229	30	0.022	Damaging	2.90	39		ENSG00000130584	ZBT46_HUMAN	GO:0006355, GO:0005622, GO:0005634, GO:0003676, GO:0005515, GO:0008270, GO:0046872
82	21, 35237484, G, A	ENSP00000370684	317	1	TCC G[G/A]G GAG	43	G	E	Single AA Change	-7.34	Deleterious	137	30	0.012	Damaging	2.93	117		ENSG00000205726		GO:0035023, GO:0005622, GO:0005089, GO:0005515
82	21, 35237484, G, A	ENSP00000370685	1721	1	TCC G[G/A]G GAG	1307	G	E	Single AA Change	-4.61	Deleterious	190	30	0.005	Damaging	3.00	105		ENSG00000205726		GO:0007264, GO:0035023, GO:0035556, GO:0043085, GO:0043524, GO:0051897, GO:0005622, GO:0005886, GO:0030027, GO:0030139, GO:0005085, GO:0005089, GO:0005509, GO:0005515, GO:0019209
82	21, 35237484, G, A	ENSP00000370688	1650	1	TCC G[G/A]G GAG	1236	G	E	Single AA Change	-4.45	Deleterious	192	30	0.014	Damaging	2.93	78		ENSG00000205726		GO:0007264, GO:0035023, GO:0035556, GO:0043085, GO:0043524, GO:0051897, GO:0005622, GO:0030027, GO:0030139, GO:0005085, GO:0005089, GO:0005509, GO:0005515, GO:0019209
82	21, 35237484, G, A	ENSP00000370719	1721	1	TCC G[G/A]G GAG	1307	G	E	Single AA Change	-4.61	Deleterious	190	30	0.005	Damaging	3.00	104		ENSG00000205726	ITSN1_HUMAN	GO:0006915, GO:0007264, GO:0008624, GO:0035023, GO:0043085, GO:0043524, GO:0048011, GO:0048488, GO:0051056, GO:0051897, GO:0042327, GO:0005622, GO:0005829, GO:0005886, GO:0005905, GO:0019717, GO:0030027, GO:0030054, GO:0030139, GO:0045202, GO:0005085, GO:0005089, GO:0005509, GO:0005515, GO:0019209, GO:0032947, GO:0070064
82	21, 35237484, G, A	ENSP00000382301	1716	1	TCC G[G/A]G GAG	1302	G	E	Single AA Change	-4.61	Deleterious	190	30	0.009	Damaging	2.98	100		ENSG00000205726		GO:0007264, GO:0035023, GO:0035556, GO:0043085, GO:0043524, GO:0051897, GO:0005622, GO:0005886, GO:0030027, GO:0030139, GO:0005085, GO:0005089, GO:0005509, GO:0005515, GO:0019209
82	21, 35237484, G, A	ENSP00000387377	1660	1	TCC G[G/A]G GAG	1302	G	E	Single AA Change	-4.35	Deleterious	194	30	0.005	Damaging	2.99	105		ENSG00000205726		GO:0007264, GO:0035023, GO:0043085, GO:0043524, GO:0051897, GO:0005622, GO:0005886, GO:0030027, GO:0030139, GO:0005089, GO:0005509, GO:0005515, GO:0019209
83	21, 36164846, G, A	ENSP00000300305	480	-1	ATC TC[C/T] GAC	343	S	S	Synonymous	0.00	Neutral	233	30	1.000	Tolerated	3.24	153		ENSG00000159216		GO:0001501, GO:0001701, GO:0001889, GO:0002318, GO:0006355, GO:0007417, GO:0032526, GO:0035162, GO:0045766, GO:0045944, GO:0048266, GO:0048666, GO:0060216, GO:0005634, GO:0043231, GO:0003677, GO:0003700, GO:0005524, GO:0070491
83	21, 36164846, G, A	ENSP00000319459	468	-1	ATC TC[C/T] GAC	331	S	S	Synonymous	0.00	Neutral	236	30	1.000	Tolerated	3.25	152		ENSG00000159216		GO:0001501, GO:0001701, GO:0001889, GO:0002318, GO:0006355, GO:0007417, GO:0032526, GO:0035162, GO:0045766, GO:0045944, GO:0048266, GO:0048666, GO:0060216, GO:0005634, GO:0043231, GO:0003677, GO:0003700, GO:0005524, GO:0070491
83	21, 36164846, G, A	ENSP00000340690	453	-1	ATC TC[C/T] GAC	316	S	S	Synonymous	0.00	Neutral	240	30	1.000	Tolerated	3.18	152		ENSG00000159216	RUNX1_HUMAN	GO:0001501, GO:0001701, GO:0001889, GO:0002318, GO:0006355, GO:0007417, GO:0030097, GO:0030099, GO:0030853, GO:0030854, GO:0032526, GO:0035162, GO:0045766, GO:0045893, GO:0045944, GO:0048266, GO:0048666, GO:0048935, GO:0060216, GO:0009966, GO:0030182, GO:0071336, GO:0031069, GO:0005634, GO:0043231, GO:0005604, GO:0003677, GO:0003700, GO:0005509, GO:0005515, GO:0005524, GO:0008134, GO:0042803, GO:0046982, GO:0070491
83	21, 36164846, G, A	ENSP00000382184	389	-1	ATC TC[C/T] GAC	252	S	S	Synonymous	0.00	Neutral	239	30	1.000	Tolerated	3.26	188		ENSG00000159216		GO:0006355, GO:0003677, GO:0003700
83	21, 36164846, G, A	ENSP00000382189	475	-1	ATC TC[C/T] GAC	319	S	S	Synonymous	0.00	Neutral	237	30	1.000	Tolerated	3.41	154		ENSG00000159216		GO:0001501, GO:0001701, GO:0001889, GO:0002318, GO:0006355, GO:0007417, GO:0032526, GO:0035162, GO:0045766, GO:0045944, GO:0048266, GO:0048666, GO:0060216, GO:0005634, GO:0043231, GO:0003677, GO:0003700, GO:0005524, GO:0070491
83	21, 36164846, G, A	ENSP00000395947	137	-1	ATC TC[C/T] GAC	77	S	S	Synonymous	0.00	Neutral	209	30	1.000	Tolerated	3.07	183		ENSG00000159216		GO:0001501, GO:0001701, GO:0001889, GO:0002318, GO:0007417, GO:0032526, GO:0035162, GO:0045766, GO:0045944, GO:0048266, GO:0048666, GO:0060216, GO:0005634, GO:0043231, GO:0003677, GO:0003700, GO:0005524, GO:0070491
83	21, 36164846, G, A	ENSP00000409227	480	-1	ATC TC[C/T] GAC	343	S	S	Synonymous	0.00	Neutral	233	30	1.000	Tolerated	3.24	153		ENSG00000159216		GO:0001501, GO:0001701, GO:0001889, GO:0002318, GO:0006355, GO:0007417, GO:0032526, GO:0035162, GO:0045766, GO:0045944, GO:0048266, GO:0048666, GO:0060216, GO:0005634, GO:0043231, GO:0003677, GO:0003700, GO:0005524, GO:0070491
84	22, 32756321, C, T	ENSP00000249007	317	1	CTC AT[C/T] ACA	152	I	I	Synonymous	0.00	Neutral	116	30	1.000	Tolerated	2.80	100		ENSG00000128276	RFPL3_HUMAN	GO:0005515, GO:0008270, GO:0046872
84	22, 32756321, C, T	ENSP00000371520	288	1	CTC AT[C/T] ACA	123	I	I	Synonymous	0.00	Neutral	116	30	1.000	Tolerated	2.87	88		ENSG00000128276		GO:0005515, GO:0008270, GO:0046872
84	22, 32756321, C, T	ENSP00000380609	288	1	CTC AT[C/T] ACA	123	I	I	Synonymous	0.00	Neutral	116	30	1.000	Tolerated	2.87	88		ENSG00000128276		GO:0005515, GO:0008270, GO:0046872
85	X, 3242808, G, A	ENSP00000217939	2828	-1	CAG CT[C/T] ATC	306	L	L	Synonymous	0.00	Neutral	68	30	1.000	Tolerated	2.95	52	rs145631364	ENSG00000101825	MXRA5_HUMAN	GO:0005576, GO:0005515
85	X, 3242808, G, A	ENSP00000370505	2828	-1	CAG CT[C/T] ATC	306	L	L	Synonymous	0.00	Neutral	68	30	1.000	Tolerated	2.95	52	rs145631364	ENSG00000101825	MXRA5_HUMAN	GO:0005576, GO:0005515
