Protein_ID,Localizations,Signals,Cytoplasm,Nucleus,Extracellular,Cell membrane,Mitochondrion,Plastid,Endoplasmic reticulum,Lysosome/Vacuole,Golgi apparatus,Peroxisome
ENSP00000222033,Lysosome/Vacuole,Signal peptide|Transmembrane domain,0.23999999463558197,0.14219999313354492,0.10100000351667404,0.35429999232292175,0.04430000111460686,0.031099999323487282,0.5230000019073486,0.5616000294685364,0.3594000041484833,0.021700000390410423
ENSP00000219473,Cytoplasm,Nuclear export signal,0.803600013256073,0.45170000195503235,0.01590000092983246,0.13449999690055847,0.1225999966263771,0.006099999882280827,0.40310001373291016,0.39570000767707825,0.4106999933719635,0.030500000342726707
ENSP00000235150,Cell membrane,Transmembrane domain,0.35839998722076416,0.2678000032901764,0.11900000274181366,0.6460999846458435,0.5522000193595886,0.03150000050663948,0.4207000136375427,0.4657999873161316,0.49880000948905945,0.03189999982714653
ENSP00000250066,Cytoplasm,Nuclear export signal,0.6425999999046326,0.4124999940395355,0.04179999977350235,0.304500013589859,0.13899999856948853,0.008999999612569809,0.3212999999523163,0.28119999170303345,0.304500013589859,0.027300000190734863
ENSP00000218328,Cytoplasm|Nucleus,Nuclear export signal,0.5299999713897705,0.5821999907493591,0.03150000050663948,0.3034999966621399,0.11490000039339066,0.007199999876320362,0.2667999863624573,0.3370000123977661,0.31630000472068787,0.012400000356137753
ENSP00000248983,Cytoplasm,Nuclear localization signal,0.6392999887466431,0.35659998655319214,0.2272000014781952,0.2176000028848648,0.22709999978542328,0.009800000116229057,0.2768000066280365,0.16169999539852142,0.164900004863739,0.0013000000035390258
ENSP00000252050,Cytoplasm|Nucleus,Nuclear export signal,0.6585999727249146,0.5831999778747559,0.07249999791383743,0.17190000414848328,0.24210000038146973,0.005799999926239252,0.25859999656677246,0.26910001039505005,0.27379998564720154,0.019600000232458115
ENSP00000220509,Cytoplasm|Lysosome/Vacuole,Nuclear export signal,0.4787999987602234,0.4375999867916107,0.045499999076128006,0.08009999990463257,0.0640999972820282,0.009200000204145908,0.24070000648498535,0.695900022983551,0.34950000047683716,0.023099999874830246
ENSP00000218348,Cytoplasm|Nucleus,Nuclear export signal,0.6603999733924866,0.6283000111579895,0.040800001472234726,0.14949999749660492,0.19629999995231628,0.004699999932199717,0.23919999599456787,0.32829999923706055,0.2606000006198883,0.013799999840557575
ENSP00000254181,Nucleus,Nuclear localization signal,0.4207000136375427,0.8597000241279602,0.035599999129772186,0.056299999356269836,0.09030000120401382,0.005200000014156103,0.08169999718666077,0.03840000182390213,0.08659999817609787,0.023800000548362732
ENSP00000255977,Cytoplasm|Nucleus,Nuclear export signal,0.6207000017166138,0.7021999955177307,0.09880000352859497,0.09860000014305115,0.1589999943971634,0.008999999612569809,0.1859000027179718,0.039500001817941666,0.09610000252723694,0.09229999780654907
ENSP00000260247,Nucleus,Nuclear localization signal,0.45579999685287476,0.9135000109672546,0.11670000106096268,0.1964000016450882,0.06750000268220901,0.002199999988079071,0.10440000146627426,0.03500000014901161,0.11389999836683273,0.010499999858438969
ENSP00000255324,Cytoplasm|Nucleus,Nuclear export signal,0.7383999824523926,0.5374000072479248,0.04490000009536743,0.12110000103712082,0.2312999963760376,0.004900000058114529,0.09769999980926514,0.20569999516010284,0.18250000476837158,0.019700000062584877
ENSP00000258349,Cytoplasm,Nuclear export signal,0.6345999836921692,0.47369998693466187,0.015200000256299973,0.25440001487731934,0.1096000000834465,0.008299999870359898,0.2295999974012375,0.2709999978542328,0.20749999582767487,0.03889999911189079
ENSP00000257575,Endoplasmic reticulum,Transmembrane domain,0.20090000331401825,0.2784999907016754,0.011599999852478504,0.3093000054359436,0.2624000012874603,0.024399999529123306,0.7441999912261963,0.19760000705718994,0.5163000226020813,0.05810000002384186
ENSP00000255764,Cytoplasm,Nuclear export signal,0.5652999877929688,0.47679999470710754,0.11969999969005585,0.2134999930858612,0.2653000056743622,0.00559999980032444,0.10019999742507935,0.38600000739097595,0.38690000772476196,0.015799999237060547
ENSP00000256832,Cytoplasm|Nucleus,Nuclear export signal,0.7301999926567078,0.5254999995231628,0.03700000047683716,0.4117000102996826,0.1324000060558319,0.014000000432133675,0.12720000743865967,0.435699999332428,0.22470000386238098,0.01119999960064888
ENSP00000257600,Cytoplasm|Nucleus,Nuclear localization signal|Nuclear export signal,0.5931000113487244,0.5151000022888184,0.0771000012755394,0.4081000089645386,0.1737000048160553,0.0071000000461936,0.15680000185966492,0.17090000212192535,0.19480000436306,0.06270000338554382
ENSP00000258499,Cytoplasm|Nucleus,Nuclear export signal,0.4864000082015991,0.7038999795913696,0.01679999940097332,0.10559999942779541,0.10610000044107437,0.008500000461935997,0.12630000710487366,0.19840000569820404,0.17820000648498535,0.04490000009536743
ENSP00000256830,Cytoplasm,Nuclear export signal,0.7283999919891357,0.48980000615119934,0.03700000047683716,0.4641999900341034,0.12549999356269836,0.013500000350177288,0.14390000700950623,0.5234000086784363,0.26579999923706055,0.018300000578165054
ENSP00000258399,Nucleus,Nuclear export signal,0.4749999940395355,0.9013000130653381,0.013299999758601189,0.06759999692440033,0.11010000109672546,0.01080000028014183,0.08789999783039093,0.05829999968409538,0.0934000015258789,0.0812000036239624
ENSP00000255325,Cytoplasm|Nucleus,Nuclear localization signal|Nuclear export signal,0.6955999732017517,0.5602999925613403,0.1088000014424324,0.12290000170469284,0.19689999520778656,0.012400000356137753,0.12370000034570694,0.16339999437332153,0.12929999828338623,0.019999999552965164
ENSP00000281708,Nucleus,Nuclear localization signal|Nuclear export signal,0.43639999628067017,0.83160001039505,0.0272000003606081,0.2054000049829483,0.1331000030040741,0.021400000900030136,0.10970000177621841,0.17800000309944153,0.1501999944448471,0.021700000390410423
ENSP00000266091,Cytoplasm|Lysosome/Vacuole,Nuclear export signal,0.6291000247001648,0.3700999915599823,0.04149999842047691,0.2922999858856201,0.19249999523162842,0.03750000149011612,0.27239999175071716,0.6075999736785889,0.3109999895095825,0.026100000366568565
ENSP00000263981,Cytoplasm|Nucleus,Nuclear export signal,0.5271999835968018,0.6766999959945679,0.0333000011742115,0.18940000236034393,0.21780000627040863,0.012799999676644802,0.19020000100135803,0.20309999585151672,0.25290000438690186,0.013700000010430813
ENSP00000278302,Cytoplasm,,0.6736000180244446,0.39239999651908875,0.15860000252723694,0.17810000479221344,0.21369999647140503,0.007400000002235174,0.16519999504089355,0.3984000086784363,0.22750000655651093,0.013299999758601189
ENSP00000264122,Cytoplasm,Nuclear export signal,0.6621999740600586,0.2599000036716461,0.0348999984562397,0.43720000982284546,0.09220000356435776,0.005900000222027302,0.24719999730587006,0.4715000092983246,0.3312000036239624,0.0414000004529953
ENSP00000264345,Cytoplasm,Nuclear export signal,0.7170000076293945,0.38690000772476196,0.06159999966621399,0.22220000624656677,0.10849999636411667,0.04780000075697899,0.19789999723434448,0.29089999198913574,0.2605000138282776,0.06360000371932983
ENSP00000262854,Cytoplasm|Nucleus,Nuclear export signal,0.5875999927520752,0.5411999821662903,0.04520000144839287,0.3215999901294708,0.10440000146627426,0.009200000204145908,0.22470000386238098,0.3804999887943268,0.3952000141143799,0.016499999910593033
ENSP00000264658,Cell membrane,Nuclear export signal,0.43470001220703125,0.335099995136261,0.027499999850988388,0.5496000051498413,0.211899995803833,0.008799999952316284,0.2892000079154968,0.47350001335144043,0.4650999903678894,0.049800001084804535
ENSP00000262820,Cytoplasm,Nuclear export signal,0.6319000124931335,0.46000000834465027,0.06319999694824219,0.28110000491142273,0.16820000112056732,0.015200000256299973,0.2092999964952469,0.5120000243186951,0.2838999927043915,0.050700001418590546
ENSP00000266880,Nucleus,,0.3474000096321106,0.7717999815940857,0.030799999833106995,0.0860000029206276,0.09589999914169312,0.013700000010430813,0.06449999660253525,0.13429999351501465,0.062199998646974564,0.05249999836087227
ENSP00000272793,Nucleus,Nuclear export signal,0.44429999589920044,0.6841999888420105,0.061900001019239426,0.11349999904632568,0.17180000245571136,0.006500000134110451,0.2522999942302704,0.39800000190734863,0.3458000123500824,0.07320000231266022
ENSP00000264674,Nucleus,Nuclear export signal,0.32829999923706055,0.8884999752044678,0.03229999914765358,0.05609999969601631,0.03869999945163727,0.0071000000461936,0.03819999843835831,0.08009999990463257,0.06350000202655792,0.008999999612569809
ENSP00000262294,Cytoplasm|Nucleus,Nuclear export signal,0.6080999970436096,0.5803999900817871,0.04019999876618385,0.19699999690055847,0.16850000619888306,0.006099999882280827,0.18529999256134033,0.36820000410079956,0.35839998722076416,0.3720000088214874
ENSP00000273067,Endoplasmic reticulum,Signal peptide|Transmembrane domain,0.19280000030994415,0.16740000247955322,0.044599998742341995,0.5260000228881836,0.2635999917984009,0.03920000046491623,0.63919997215271,0.5421000123023987,0.53329998254776,0.009700000286102295
ENSP00000269383,Cytoplasm,Nuclear export signal,0.6786999702453613,0.44440001249313354,0.11410000175237656,0.1858000010251999,0.225600004196167,0.00139999995008111,0.1665000021457672,0.43050000071525574,0.2718000113964081,0.024299999698996544
ENSP00000274056,Cell membrane|Endoplasmic reticulum|Lysosome/Vacuole,Signal peptide|Transmembrane domain,0.1459999978542328,0.12309999763965607,0.023600000888109207,0.5740000009536743,0.2240000069141388,0.05490000173449516,0.6122999787330627,0.6618000268936157,0.5809000134468079,0.01510000042617321
ENSP00000265348,Cytoplasm|Nucleus,Nuclear export signal,0.5906999707221985,0.5453000068664551,0.07620000094175339,0.17980000376701355,0.26750001311302185,0.022199999541044235,0.2596000134944916,0.42419999837875366,0.3621000051498413,0.07670000195503235
ENSP00000276573,Cytoplasm,Nuclear export signal,0.512499988079071,0.3686000108718872,0.11140000075101852,0.19580000638961792,0.2750999927520752,0.03420000150799751,0.5636000037193298,0.5134999752044678,0.6287000179290771,0.22339999675750732
ENSP00000260983,Cytoplasm,Nuclear export signal,0.675000011920929,0.42179998755455017,0.04270000010728836,0.44209998846054077,0.11469999700784683,0.031199999153614044,0.20000000298023224,0.40529999136924744,0.3495999872684479,0.034699998795986176
ENSP00000313811,Cytoplasm,Nuclear export signal,0.569100022315979,0.4867999851703644,0.031599998474121094,0.16130000352859497,0.2558000087738037,0.006800000090152025,0.32499998807907104,0.5321000218391418,0.38370001316070557,0.0421999990940094
ENSP00000316357,Cytoplasm|Nucleus,Nuclear export signal,0.5250999927520752,0.5023999810218811,0.02280000038444996,0.353300005197525,0.09730000048875809,0.01769999973475933,0.3255000114440918,0.36739999055862427,0.2207999974489212,0.029999999329447746
ENSP00000335664,Cytoplasm|Nucleus,Nuclear export signal,0.586899995803833,0.7325999736785889,0.017100000753998756,0.09359999746084213,0.07090000063180923,0.024000000208616257,0.121799997985363,0.07689999788999557,0.1890999972820282,0.13950000703334808
ENSP00000342812,Cytoplasm|Nucleus,Nuclear export signal,0.5379999876022339,0.5026000142097473,0.02410000003874302,0.35519999265670776,0.09369999915361404,0.017400000244379044,0.3127000033855438,0.38510000705718994,0.2703000009059906,0.031700000166893005
ENSP00000294383,Cytoplasm|Nucleus,Nuclear export signal,0.6434000134468079,0.5511999726295471,0.03400000184774399,0.30660000443458557,0.0812000036239624,0.007499999832361937,0.3840999901294708,0.4641999900341034,0.3285999894142151,0.022199999541044235
ENSP00000320557,Nucleus,,0.3499999940395355,0.7838000059127808,0.027400000020861626,0.08219999819993973,0.13670000433921814,0.009800000116229057,0.0737999975681305,0.14720000326633453,0.0820000022649765,0.08269999921321869
ENSP00000306356,Cytoplasm|Nucleus,Nuclear export signal,0.5855000019073486,0.5030999779701233,0.017100000753998756,0.19689999520778656,0.14429999887943268,0.00570000009611249,0.2214999943971634,0.38499999046325684,0.31610000133514404,0.042899999767541885
ENSP00000329632,Cytoplasm,Nuclear localization signal|Nuclear export signal,0.5543000102043152,0.4390999972820282,0.01489999983459711,0.3467000126838684,0.17759999632835388,0.004600000102072954,0.23360000550746918,0.16830000281333923,0.15549999475479126,0.002199999988079071
ENSP00000343589,Cytoplasm|Nucleus,Nuclear export signal,0.6313999891281128,0.546999990940094,0.060100000351667404,0.14509999752044678,0.3917999863624573,0.022700000554323196,0.3314000070095062,0.1453000009059906,0.18970000743865967,0.03200000151991844
ENSP00000323913,Cytoplasm,Nuclear export signal,0.7077999711036682,0.3977999985218048,0.07429999858140945,0.14030000567436218,0.2012999951839447,0.005499999970197678,0.18379999697208405,0.5564000010490417,0.4781999886035919,0.22030000388622284
ENSP00000285679,Cytoplasm,Nuclear export signal,0.6707000136375427,0.4860000014305115,0.030700000002980232,0.2134999930858612,0.15610000491142273,0.008200000040233135,0.34389999508857727,0.4487999975681305,0.388700008392334,0.04010000079870224
ENSP00000296555,Cytoplasm|Nucleus,Nuclear export signal,0.5008000135421753,0.7396000027656555,0.03009999915957451,0.18170000612735748,0.18729999661445618,0.017999999225139618,0.13500000536441803,0.1800999939441681,0.19059999287128448,0.013500000350177288
ENSP00000324392,Cytoplasm,,0.7296000123023987,0.4147999882698059,0.094200000166893,0.1688999980688095,0.09459999948740005,0.006500000134110451,0.3813000023365021,0.43700000643730164,0.45320001244544983,0.01489999983459711
ENSP00000328287,Cytoplasm,Nuclear export signal,0.5636000037193298,0.40860000252723694,0.051500000059604645,0.1662999987602234,0.1265999972820282,0.025499999523162842,0.3497999906539917,0.43560001254081726,0.3278999924659729,0.07689999788999557
ENSP00000298919,Cytoplasm,Nuclear export signal,0.7222999930381775,0.3677999973297119,0.10499999672174454,0.353300005197525,0.10170000046491623,0.011500000022351742,0.13490000367164612,0.24899999797344208,0.2784000039100647,0.020999999716877937
ENSP00000315720,Cytoplasm|Nucleus,Nuclear export signal,0.5950000286102295,0.7373999953269958,0.01600000075995922,0.11810000240802765,0.15569999814033508,0.012299999594688416,0.1738000065088272,0.12250000238418579,0.20409999787807465,0.07410000264644623
ENSP00000289865,Cytoplasm|Nucleus,Nuclear export signal,0.7333999872207642,0.5321000218391418,0.02710000053048134,0.2808000147342682,0.14350000023841858,0.00559999980032444,0.25110000371932983,0.2703999876976013,0.2126999944448471,0.15360000729560852
ENSP00000345676,Endoplasmic reticulum|Lysosome/Vacuole,Signal peptide|Transmembrane domain,0.15150000154972076,0.1256999969482422,0.025499999523162842,0.5490999817848206,0.21610000729560852,0.053199999034404755,0.6240000128746033,0.6439999938011169,0.5814999938011169,0.014999999664723873
ENSP00000330216,Cytoplasm,,0.6506999731063843,0.4278999865055084,0.15399999916553497,0.23190000653266907,0.1444000005722046,0.0034000000450760126,0.2500999867916107,0.2264000028371811,0.20739999413490295,0.002400000113993883
ENSP00000301924,Cytoplasm,Nuclear export signal,0.7121000289916992,0.3612000048160553,0.08489999920129776,0.1898999959230423,0.23720000684261322,0.0026000000070780516,0.2094999998807907,0.3763999938964844,0.23890000581741333,0.0034000000450760126
ENSP00000285681,Cytoplasm,Nuclear export signal,0.6710000038146973,0.47769999504089355,0.029200000688433647,0.21780000627040863,0.14810000360012054,0.008899999782443047,0.33880001306533813,0.44769999384880066,0.37310001254081726,0.03530000150203705
ENSP00000338919,Cytoplasm|Nucleus,,0.5020999908447266,0.8077999949455261,0.06639999896287918,0.1339000016450882,0.11509999632835388,0.015799999237060547,0.12449999898672104,0.19110000133514404,0.33059999346733093,0.288100004196167
ENSP00000299440,Nucleus,Nuclear export signal,0.3725999891757965,0.6588000059127808,0.01080000028014183,0.3450999855995178,0.16750000417232513,0.013799999840557575,0.3077000081539154,0.09769999980926514,0.2540000081062317,0.04100000113248825
ENSP00000323822,Nucleus,Nuclear localization signal,0.4546999931335449,0.7889000177383423,0.03220000118017197,0.17520000040531158,0.05469999834895134,0.006000000052154064,0.12439999729394913,0.1256999969482422,0.11050000041723251,0.009499999694526196
ENSP00000286349,Cytoplasm,Nuclear export signal,0.6693999767303467,0.30959999561309814,0.0835999995470047,0.321399986743927,0.10999999940395355,0.019999999552965164,0.14900000393390656,0.49239999055862427,0.37439998984336853,0.030799999833106995
ENSP00000303434,Cytoplasm|Nucleus,Nuclear export signal,0.576200008392334,0.6011999845504761,0.01899999938905239,0.10939999669790268,0.2513999938964844,0.006399999838322401,0.35100001096725464,0.2409999966621399,0.2159000039100647,0.1809999942779541
ENSP00000290650,Cytoplasm,Nuclear export signal,0.5957000255584717,0.498199999332428,0.0560000017285347,0.12759999930858612,0.17520000040531158,0.008899999782443047,0.3652999997138977,0.46459999680519104,0.47040000557899475,0.09700000286102295
ENSP00000307732,Nucleus,Nuclear export signal,0.45809999108314514,0.5942999720573425,0.02239999920129776,0.11720000207424164,0.1257999986410141,0.0017999999690800905,0.2020999938249588,0.18140000104904175,0.22830000519752502,0.08190000057220459
ENSP00000283943,Nucleus,Nuclear localization signal,0.36480000615119934,0.9168999791145325,0.016100000590085983,0.0925000011920929,0.060100000351667404,0.0210999995470047,0.10559999942779541,0.04650000110268593,0.07509999722242355,0.03020000085234642
ENSP00000301067,Nucleus,Nuclear export signal,0.427700012922287,0.7294999957084656,0.016499999910593033,0.2888000011444092,0.16220000386238098,0.007600000128149986,0.11810000240802765,0.07980000227689743,0.08739999681711197,0.004900000058114529
ENSP00000309365,Cytoplasm|Nucleus,Nuclear export signal,0.6359999775886536,0.555400013923645,0.08640000224113464,0.20029999315738678,0.25619998574256897,0.014999999664723873,0.21220000088214874,0.18629999458789825,0.25450000166893005,0.250900000333786
ENSP00000313454,Cytoplasm,Nuclear export signal,0.7372999787330627,0.3758000135421753,0.03779999911785126,0.18410000205039978,0.29840001463890076,0.007499999832361937,0.2362000048160553,0.1599999964237213,0.2800999879837036,0.03269999846816063
ENSP00000315212,Nucleus,Nuclear localization signal,0.31700000166893005,0.888700008392334,0.05570000037550926,0.04659999907016754,0.1851000040769577,0.00930000003427267,0.03269999846816063,0.020099999383091927,0.020899999886751175,0.007499999832361937
ENSP00000296733,Cytoplasm|Nucleus,Nuclear export signal,0.6019999980926514,0.7297000288963318,0.011099999770522118,0.11729999631643295,0.13619999587535858,0.011900000274181366,0.1624000072479248,0.1298999935388565,0.17239999771118164,0.09809999912977219
ENSP00000328010,Cytoplasm,Nuclear export signal,0.6801000237464905,0.48579999804496765,0.0421999990940094,0.3172999918460846,0.1348000019788742,0.005499999970197678,0.21289999783039093,0.2718000113964081,0.26109999418258667,0.019899999722838402
ENSP00000338340,Cytoplasm|Nucleus,Nuclear localization signal,0.6464999914169312,0.7583000063896179,0.12080000340938568,0.09390000253915787,0.05719999969005585,0.013100000098347664,0.10260000079870224,0.033900000154972076,0.14720000326633453,0.014299999922513962
ENSP00000305161,Cytoplasm,Nuclear localization signal,0.7391999959945679,0.44519999623298645,0.08980000019073486,0.20720000565052032,0.15559999644756317,0.0010000000474974513,0.25049999356269836,0.3506999909877777,0.2815999984741211,0.008899999782443047
ENSP00000305473,Cytoplasm,Nuclear export signal,0.6169999837875366,0.48339998722076416,0.04230000078678131,0.2535000145435333,0.19910000264644623,0.013299999758601189,0.4016000032424927,0.31610000133514404,0.3571999967098236,0.04639999940991402
ENSP00000328059,Nucleus,Nuclear localization signal,0.46779999136924744,0.76419997215271,0.07739999890327454,0.19949999451637268,0.18029999732971191,0.01269999984651804,0.2337999939918518,0.09120000153779984,0.10589999705553055,0.12720000743865967
ENSP00000312397,Cytoplasm,Nuclear export signal,0.552299976348877,0.4189999997615814,0.04740000143647194,0.25029999017715454,0.09730000048875809,0.00989999994635582,0.09520000219345093,0.2184000015258789,0.1940000057220459,0.09719999879598618
ENSP00000284274,Cytoplasm,Nuclear export signal,0.7476999759674072,0.46000000834465027,0.24690000712871552,0.21889999508857727,0.2590000033378601,0.0013000000035390258,0.23819999396800995,0.1387999951839447,0.2809000015258789,0.02019999921321869
ENSP00000323889,Cytoplasm,,0.696399986743927,0.3878999948501587,0.1378999948501587,0.2379000037908554,0.16290000081062317,0.01209999993443489,0.16339999437332153,0.45239999890327454,0.2782999873161316,0.013000000268220901
ENSP00000369440,Cytoplasm,,0.6830000281333923,0.41760000586509705,0.17949999868869781,0.17479999363422394,0.23330000042915344,0.006800000090152025,0.1720999926328659,0.3625999987125397,0.22750000655651093,0.01549999974668026
ENSP00000337853,Cytoplasm,Nuclear export signal,0.6664999723434448,0.42410001158714294,0.0722000002861023,0.1428000032901764,0.14890000224113464,0.009700000286102295,0.2222999930381775,0.3792000114917755,0.2964000105857849,0.12080000340938568
ENSP00000371545,Cytoplasm,Nuclear export signal,0.6420999765396118,0.3465000092983246,0.042399998754262924,0.20960000157356262,0.25279998779296875,0.023399999365210533,0.325300008058548,0.47440001368522644,0.2485000044107437,0.12559999525547028
ENSP00000343535,Cytoplasm|Nucleus,Nuclear localization signal|Nuclear export signal,0.6543999910354614,0.784600019454956,0.028599999845027924,0.23499999940395355,0.08860000222921371,0.003599999938160181,0.13740000128746033,0.17309999465942383,0.08730000257492065,0.006000000052154064
ENSP00000288199,Nucleus,Nuclear localization signal,0.39089998602867126,0.944599986076355,0.02539999969303608,0.06560000032186508,0.0568000003695488,0.006300000008195639,0.06459999829530716,0.05119999870657921,0.06889999657869339,0.030700000002980232
ENSP00000372301,Cytoplasm|Nucleus,Nuclear export signal,0.7339000105857849,0.5029000043869019,0.04129999876022339,0.4607999920845032,0.1324000060558319,0.012199999764561653,0.15189999341964722,0.4945000112056732,0.2680000066757202,0.01489999983459711
ENSP00000371310,Cytoplasm|Nucleus,Nuclear localization signal|Nuclear export signal,0.6133000254631042,0.7139000296592712,0.025599999353289604,0.23559999465942383,0.10830000042915344,0.003800000064074993,0.12800000607967377,0.18649999797344208,0.08879999816417694,0.008500000461935997
ENSP00000349482,Cell membrane,Transmembrane domain,0.3594000041484833,0.2648000121116638,0.11349999904632568,0.6388000249862671,0.5353999733924866,0.02969999983906746,0.4156000018119812,0.44690001010894775,0.47209998965263367,0.031300000846385956
ENSP00000361994,Cytoplasm|Nucleus,Nuclear export signal,0.6891000270843506,0.6559000015258789,0.0746999979019165,0.21160000562667847,0.3215000033378601,0.009100000374019146,0.19930000603199005,0.26089999079704285,0.3400999903678894,0.046799998730421066
ENSP00000349783,Cytoplasm,Nuclear export signal,0.6689000129699707,0.3910999894142151,0.016100000590085983,0.23690000176429749,0.16060000658035278,0.004100000020116568,0.2379000037908554,0.25929999351501465,0.22869999706745148,0.06480000168085098
ENSP00000355863,Cytoplasm,Nuclear export signal,0.6559000015258789,0.4602999985218048,0.0568000003695488,0.15760000050067902,0.25369998812675476,0.009999999776482582,0.33379998803138733,0.3327000141143799,0.2596000134944916,0.01119999960064888
ENSP00000350569,Cytoplasm,Nuclear export signal,0.734499990940094,0.4952000081539154,0.04259999841451645,0.4578999876976013,0.1371999979019165,0.013199999928474426,0.1517000049352646,0.4991999864578247,0.26420000195503235,0.014399999752640724
ENSP00000363880,Cytoplasm|Nucleus,Nuclear export signal,0.6281999945640564,0.5785999894142151,0.047600001096725464,0.13940000534057617,0.17599999904632568,0.003700000001117587,0.14180000126361847,0.3614000082015991,0.515999972820282,0.06289999932050705
ENSP00000367705,Nucleus,Nuclear export signal,0.3310000002384186,0.870199978351593,0.020999999716877937,0.07150000333786011,0.09939999878406525,0.02449999935925007,0.0746999979019165,0.11569999903440475,0.0706000030040741,0.010300000198185444
ENSP00000352028,Cytoplasm,,0.7049999833106995,0.2745000123977661,0.053599998354911804,0.2896000146865845,0.13019999861717224,0.01360000018030405,0.18150000274181366,0.2773999869823456,0.31630000472068787,0.06390000134706497
ENSP00000373696,Nucleus,Nuclear localization signal,0.37450000643730164,0.9203000068664551,0.011800000444054604,0.06509999930858612,0.08739999681711197,0.02419999986886978,0.13519999384880066,0.05220000073313713,0.06909999996423721,0.03959999978542328
ENSP00000363878,Cytoplasm|Nucleus,Nuclear export signal,0.6269999742507935,0.5586000084877014,0.04820000007748604,0.12770000100135803,0.12110000103712082,0.0035000001080334187,0.1462000012397766,0.2985999882221222,0.47360000014305115,0.061900001019239426
ENSP00000355195,Cytoplasm,Nuclear export signal,0.6241999864578247,0.44269999861717224,0.17890000343322754,0.3547999858856201,0.3716000020503998,0.008200000040233135,0.24789999425411224,0.20469999313354492,0.20360000431537628,0.021800000220537186
ENSP00000351122,Cytoplasm,Nuclear export signal,0.569100022315979,0.4867999851703644,0.031599998474121094,0.16130000352859497,0.2558000087738037,0.006800000090152025,0.32499998807907104,0.5321000218391418,0.38370001316070557,0.0421999990940094
ENSP00000354340,Nucleus,Nuclear localization signal,0.27230000495910645,0.8658000230789185,0.16369999945163727,0.09390000253915787,0.34779998660087585,0.002300000051036477,0.11779999732971191,0.15629999339580536,0.08020000159740448,0.02199999988079071
ENSP00000365847,Cytoplasm,,0.6985999941825867,0.3714999854564667,0.2176000028848648,0.19509999454021454,0.15929999947547913,0.00430000014603138,0.17589999735355377,0.4169999957084656,0.17970000207424164,0.004900000058114529
ENSP00000348847,Cytoplasm,Nuclear export signal,0.7382000088691711,0.48980000615119934,0.03959999978542328,0.45260000228881836,0.13910000026226044,0.014399999752640724,0.15479999780654907,0.5185999870300293,0.2833999991416931,0.019500000402331352
ENSP00000361730,Cytoplasm|Nucleus,Nuclear export signal,0.6585999727249146,0.5831999778747559,0.07249999791383743,0.17190000414848328,0.24210000038146973,0.005799999926239252,0.25859999656677246,0.26910001039505005,0.27379998564720154,0.019600000232458115
ENSP00000372428,Nucleus,Nuclear localization signal,0.3962000012397766,0.7796000242233276,0.12039999663829803,0.08179999887943268,0.1421000063419342,0.003800000064074993,0.04699999839067459,0.10080000013113022,0.09000000357627869,0.03620000183582306
ENSP00000361506,Cytoplasm,Nuclear export signal,0.569100022315979,0.4867999851703644,0.031599998474121094,0.16130000352859497,0.2558000087738037,0.006800000090152025,0.32499998807907104,0.5321000218391418,0.38370001316070557,0.0421999990940094
ENSP00000366311,Cytoplasm|Nucleus,Nuclear export signal,0.6948000192642212,0.6126000285148621,0.025100000202655792,0.14740000665187836,0.13609999418258667,0.0031999999191612005,0.22380000352859497,0.34630000591278076,0.21449999511241913,0.009600000455975533
ENSP00000346490,Cytoplasm|Nucleus,Nuclear export signal,0.6345999836921692,0.580299973487854,0.05079999938607216,0.20520000159740448,0.22550000250339508,0.009499999694526196,0.2696000039577484,0.2969000041484833,0.27889999747276306,0.017500000074505806
ENSP00000360945,Cytoplasm,Nuclear export signal,0.6474000215530396,0.4778999984264374,0.05350000038743019,0.260699987411499,0.15489999949932098,0.010999999940395355,0.19189999997615814,0.4832000136375427,0.24150000512599945,0.05079999938607216
ENSP00000369450,Cytoplasm,,0.6517000198364258,0.4578000009059906,0.2224999964237213,0.12530000507831573,0.19609999656677246,0.008999999612569809,0.1437000036239624,0.3377000093460083,0.17800000309944153,0.024299999698996544
ENSP00000345923,Nucleus,Nuclear export signal,0.3310000002384186,0.870199978351593,0.020999999716877937,0.07150000333786011,0.09939999878406525,0.02449999935925007,0.0746999979019165,0.11569999903440475,0.0706000030040741,0.010300000198185444
ENSP00000360943,Cytoplasm,Nuclear export signal,0.6474000215530396,0.4778999984264374,0.05350000038743019,0.260699987411499,0.15489999949932098,0.010999999940395355,0.19189999997615814,0.4832000136375427,0.24150000512599945,0.05079999938607216
ENSP00000371546,Cytoplasm|Lysosome/Vacuole,Nuclear export signal,0.6315000057220459,0.3666999936103821,0.04179999977350235,0.2808000147342682,0.19429999589920044,0.03700000047683716,0.275299996137619,0.611299991607666,0.3122999966144562,0.027699999511241913
ENSP00000360373,Cytoplasm|Nucleus,Nuclear localization signal,0.5037999749183655,0.804099977016449,0.06809999793767929,0.13120000064373016,0.11860000342130661,0.017400000244379044,0.12860000133514404,0.1995999962091446,0.32420000433921814,0.2904999852180481
ENSP00000362555,Cell membrane,Transmembrane domain,0.3589000105857849,0.26750001311302185,0.11890000104904175,0.6464999914169312,0.552299976348877,0.031300000846385956,0.421099990606308,0.4648999869823456,0.4986000061035156,0.03189999982714653
ENSP00000376409,Nucleus,Nuclear export signal,0.4569000005722046,0.5519000291824341,0.0284000001847744,0.15139999985694885,0.14030000567436218,0.016200000420212746,0.41350001096725464,0.3571999967098236,0.3743000030517578,0.05730000138282776
ENSP00000363881,Cytoplasm|Nucleus,Nuclear export signal,0.6281999945640564,0.5785999894142151,0.047600001096725464,0.13940000534057617,0.17599999904632568,0.003700000001117587,0.14180000126361847,0.3614000082015991,0.515999972820282,0.06289999932050705
ENSP00000356667,Cytoplasm,Nuclear export signal,0.6316999793052673,0.47929999232292175,0.015599999576807022,0.25450000166893005,0.10700000077486038,0.008200000040233135,0.22439999878406525,0.2766999900341034,0.21230000257492065,0.03920000046491623
ENSP00000357297,Cytoplasm|Nucleus,Nuclear export signal,0.635699987411499,0.5558000206947327,0.0860000029206276,0.2020999938249588,0.25450000166893005,0.014999999664723873,0.21410000324249268,0.1881999969482422,0.25440001487731934,0.25130000710487366
ENSP00000373697,Cytoplasm|Nucleus,Nuclear localization signal,0.6359999775886536,0.6157000064849854,0.07180000096559525,0.26510000228881836,0.0917000025510788,0.012299999594688416,0.18320000171661377,0.08049999922513962,0.16930000483989716,0.0340999998152256
ENSP00000356981,Cytoplasm|Nucleus,Nuclear export signal,0.7333999872207642,0.5321000218391418,0.02710000053048134,0.2808000147342682,0.14350000023841858,0.00559999980032444,0.25110000371932983,0.2703999876976013,0.2126999944448471,0.15360000729560852
ENSP00000370781,Cytoplasm|Nucleus,Nuclear export signal,0.5917999744415283,0.728600025177002,0.012299999594688416,0.120899997651577,0.13989999890327454,0.016200000420212746,0.15399999916553497,0.1340000033378601,0.20090000331401825,0.09920000284910202
ENSP00000346791,Cytoplasm|Nucleus,Nuclear localization signal|Nuclear export signal,0.7218999862670898,0.5659999847412109,0.05739999935030937,0.09279999881982803,0.20200000703334808,0.004800000227987766,0.19089999794960022,0.1615000069141388,0.18770000338554382,0.10209999978542328
ENSP00000360690,Nucleus,,0.4593000113964081,0.5866000056266785,0.020899999886751175,0.11320000141859055,0.11509999632835388,0.0017000000225380063,0.19339999556541443,0.17669999599456787,0.21279999613761902,0.07750000059604645
ENSP00000376493,Nucleus,Nuclear export signal,0.3384999930858612,0.8981000185012817,0.03359999880194664,0.050200000405311584,0.040800001472234726,0.005900000222027302,0.04089999943971634,0.08529999852180481,0.07249999791383743,0.008200000040233135
ENSP00000367716,Nucleus,Nuclear export signal,0.3310000002384186,0.870199978351593,0.020999999716877937,0.07150000333786011,0.09939999878406525,0.02449999935925007,0.0746999979019165,0.11569999903440475,0.0706000030040741,0.010300000198185444
ENSP00000362774,Cytoplasm,Nuclear export signal,0.6689000129699707,0.3910999894142151,0.016100000590085983,0.23690000176429749,0.16060000658035278,0.004100000020116568,0.2379000037908554,0.25929999351501465,0.22869999706745148,0.06480000168085098
ENSP00000360949,Cytoplasm,Nuclear export signal,0.6474000215530396,0.4778999984264374,0.05350000038743019,0.260699987411499,0.15489999949932098,0.010999999940395355,0.19189999997615814,0.4832000136375427,0.24150000512599945,0.05079999938607216
ENSP00000365319,Cytoplasm|Nucleus,Nuclear export signal,0.590399980545044,0.5684000253677368,0.040300000458955765,0.3061000108718872,0.2029999941587448,0.013199999928474426,0.21410000324249268,0.29420000314712524,0.28780001401901245,0.33219999074935913
ENSP00000363874,Cytoplasm|Nucleus,Nuclear export signal,0.6269999742507935,0.5586000084877014,0.04820000007748604,0.12770000100135803,0.12110000103712082,0.0035000001080334187,0.1462000012397766,0.2985999882221222,0.47360000014305115,0.061900001019239426
ENSP00000356669,Cytoplasm,Nuclear export signal,0.6345999836921692,0.47369998693466187,0.015200000256299973,0.25440001487731934,0.1096000000834465,0.008299999870359898,0.2295999974012375,0.2709999978542328,0.20749999582767487,0.03889999911189079
ENSP00000338007,Nucleus,,0.4675000011920929,0.7584999799728394,0.04390000179409981,0.06539999693632126,0.0771000012755394,0.006000000052154064,0.037300001829862595,0.12849999964237213,0.11509999632835388,0.011699999682605267
ENSP00000354794,Nucleus,Nuclear localization signal,0.24889999628067017,0.9182999730110168,0.03519999980926514,0.0868000015616417,0.023800000548362732,0.007600000128149986,0.04050000011920929,0.05739999935030937,0.06729999929666519,0.0035000001080334187
ENSP00000361992,Cytoplasm|Nucleus,Nuclear export signal,0.5956000089645386,0.5016000270843506,0.05779999867081642,0.17419999837875366,0.20569999516010284,0.014499999582767487,0.31290000677108765,0.4733000099658966,0.4587000012397766,0.10000000149011612
ENSP00000359869,Nucleus,Nuclear localization signal,0.41839998960494995,0.9246000051498413,0.02410000003874302,0.03350000083446503,0.10740000009536743,0.004399999976158142,0.055399999022483826,0.026499999687075615,0.09120000153779984,0.04349999874830246
ENSP00000355860,Cytoplasm|Nucleus,Nuclear export signal,0.6313999891281128,0.546999990940094,0.060100000351667404,0.14509999752044678,0.3917999863624573,0.022700000554323196,0.3314000070095062,0.1453000009059906,0.18970000743865967,0.03200000151991844
ENSP00000363883,Cytoplasm|Nucleus,Nuclear export signal,0.6281999945640564,0.5785999894142151,0.047600001096725464,0.13940000534057617,0.17599999904632568,0.003700000001117587,0.14180000126361847,0.3614000082015991,0.515999972820282,0.06289999932050705
ENSP00000376332,Endoplasmic reticulum,Transmembrane domain,0.20090000331401825,0.2784999907016754,0.011599999852478504,0.3093000054359436,0.2624000012874603,0.024399999529123306,0.7441999912261963,0.19760000705718994,0.5163000226020813,0.05810000002384186
ENSP00000371346,Cytoplasm|Nucleus,Nuclear export signal,0.7322999835014343,0.5577999949455261,0.04259999841451645,0.13670000433921814,0.23330000042915344,0.0071000000461936,0.10649999976158142,0.20499999821186066,0.1868000030517578,0.022199999541044235
ENSP00000340648,Cytoplasm|Nucleus,Nuclear export signal,0.5875999927520752,0.5411999821662903,0.04520000144839287,0.3215999901294708,0.10440000146627426,0.009200000204145908,0.22470000386238098,0.3804999887943268,0.3952000141143799,0.016499999910593033
ENSP00000376784,Cytoplasm|Nucleus,Nuclear export signal,0.586899995803833,0.6139000058174133,0.040800001472234726,0.2996000051498413,0.17730000615119934,0.011099999770522118,0.210099995136261,0.3555999994277954,0.3018999993801117,0.25200000405311584
ENSP00000340041,Cytoplasm|Nucleus,Nuclear export signal,0.7236999869346619,0.557699978351593,0.04740000143647194,0.11320000141859055,0.2711000144481659,0.001500000013038516,0.19599999487400055,0.20160000026226044,0.19370000064373016,0.008999999612569809
ENSP00000364677,Nucleus,Nuclear localization signal|Nuclear export signal,0.3483999967575073,0.8665000200271606,0.04989999905228615,0.08349999785423279,0.0820000022649765,0.009100000374019146,0.026000000536441803,0.07609999924898148,0.05380000174045563,0.03370000049471855
ENSP00000351250,Nucleus,Nuclear localization signal,0.25850000977516174,0.9222999811172485,0.04259999841451645,0.06530000269412994,0.050599999725818634,0.01940000057220459,0.03840000182390213,0.06509999930858612,0.04179999977350235,0.01720000058412552
ENSP00000349892,Cytoplasm|Nucleus,Nuclear export signal,0.5795000195503235,0.5543000102043152,0.0430000014603138,0.14749999344348907,0.1477999985218048,0.013500000350177288,0.41670000553131104,0.37860000133514404,0.47920000553131104,0.019600000232458115
ENSP00000253571,Nucleus,Nuclear localization signal,0.46779999136924744,0.76419997215271,0.07739999890327454,0.19949999451637268,0.18029999732971191,0.01269999984651804,0.2337999939918518,0.09120000153779984,0.10589999705553055,0.12720000743865967
ENSP00000376408,Cytoplasm|Nucleus,Nuclear export signal,0.5529000163078308,0.5184000134468079,0.032499998807907104,0.14090000092983246,0.148499995470047,0.011900000274181366,0.42170000076293945,0.31220000982284546,0.4542999863624573,0.05950000137090683
ENSP00000367558,Cytoplasm,Nuclear export signal,0.5264000296592712,0.49570000171661377,0.023099999874830246,0.357699990272522,0.09009999781847,0.016499999910593033,0.31189998984336853,0.3605000078678131,0.23759999871253967,0.03220000118017197
ENSP00000355862,Cytoplasm,Nuclear export signal,0.6202999949455261,0.4830000102519989,0.054499998688697815,0.1273999959230423,0.27090001106262207,0.020500000566244125,0.40529999136924744,0.2906000018119812,0.25529998540878296,0.013000000268220901
ENSP00000356980,Cytoplasm|Nucleus,Nuclear export signal,0.7131999731063843,0.5412999987602234,0.0272000003606081,0.2712000012397766,0.14100000262260437,0.004699999932199717,0.24979999661445618,0.26330000162124634,0.21369999647140503,0.13019999861717224
ENSP00000371539,Cytoplasm,Nuclear export signal,0.5856999754905701,0.36169999837875366,0.054099999368190765,0.2547000050544739,0.3077999949455261,0.030300000682473183,0.2815999984741211,0.5435000061988831,0.21439999341964722,0.11919999867677689
ENSP00000340507,Nucleus,Nuclear localization signal,0.2694000005722046,0.9300000071525574,0.05270000174641609,0.08540000021457672,0.04270000010728836,0.0142000000923872,0.02800000086426735,0.08900000154972076,0.0560000017285347,0.03959999978542328
ENSP00000358556,Nucleus,Nuclear localization signal,0.2538999915122986,0.9264000058174133,0.046799998730421066,0.07129999995231628,0.04580000042915344,0.023900000378489494,0.03400000184774399,0.07240000367164612,0.04010000079870224,0.01510000042617321
ENSP00000365844,Cytoplasm,,0.7285000085830688,0.3905999958515167,0.20749999582767487,0.1746000051498413,0.1776999980211258,0.005499999970197678,0.18569999933242798,0.3887999951839447,0.188400000333786,0.009499999694526196
ENSP00000347889,Cytoplasm|Nucleus,Nuclear localization signal|Nuclear export signal,0.7218999862670898,0.5659999847412109,0.05739999935030937,0.09279999881982803,0.20200000703334808,0.004800000227987766,0.19089999794960022,0.1615000069141388,0.18770000338554382,0.10209999978542328
ENSP00000355865,Cytoplasm,Nuclear export signal,0.6643999814987183,0.47369998693466187,0.05460000038146973,0.16040000319480896,0.26080000400543213,0.00930000003427267,0.36719998717308044,0.3402000069618225,0.24240000545978546,0.012000000104308128
ENSP00000371616,Cytoplasm,,0.703499972820282,0.2809000015258789,0.2808000147342682,0.10620000213384628,0.4675000011920929,0.006399999838322401,0.3686000108718872,0.18289999663829803,0.31610000133514404,0.021800000220537186
ENSP00000435035,Nucleus,Nuclear localization signal,0.35190001130104065,0.923799991607666,0.27459999918937683,0.10409999638795853,0.061900001019239426,0.007000000216066837,0.11420000344514847,0.04529999941587448,0.06830000132322311,0.005499999970197678
ENSP00000419077,Cytoplasm|Nucleus,Nuclear localization signal,0.6898000240325928,0.5566999912261963,0.08259999752044678,0.1046999990940094,0.2354000061750412,0.0010999999940395355,0.10320000350475311,0.21130000054836273,0.18240000307559967,0.007899999618530273
ENSP00000427647,Cytoplasm,Nuclear export signal,0.652899980545044,0.4359000027179718,0.019500000402331352,0.16910000145435333,0.19499999284744263,0.00860000029206276,0.42170000076293945,0.24130000174045563,0.24770000576972961,0.12620000541210175
ENSP00000406210,Cytoplasm|Nucleus,Nuclear export signal,0.7659000158309937,0.5551000237464905,0.03359999880194664,0.06909999996423721,0.23409999907016754,0.020800000056624413,0.2206999957561493,0.5097000002861023,0.3215000033378601,0.2062000036239624
ENSP00000377528,Cytoplasm,Nuclear export signal,0.566100001335144,0.4991999864578247,0.06239999830722809,0.18219999969005585,0.3668000102043152,0.008299999870359898,0.260699987411499,0.27810001373291016,0.2849999964237213,0.01489999983459711
ENSP00000418588,Cytoplasm,Nuclear export signal,0.5709999799728394,0.44040000438690186,0.06539999693632126,0.08209999650716782,0.050999999046325684,0.01810000091791153,0.1648000031709671,0.17919999361038208,0.23080000281333923,0.06610000133514404
ENSP00000426776,Cytoplasm|Nucleus,Nuclear export signal,0.586899995803833,0.7325999736785889,0.017100000753998756,0.09359999746084213,0.07090000063180923,0.024000000208616257,0.121799997985363,0.07689999788999557,0.1890999972820282,0.13950000703334808
ENSP00000427704,Cytoplasm,,0.6452000141143799,0.4544999897480011,0.16290000081062317,0.24449999630451202,0.20190000534057617,0.008299999870359898,0.20010000467300415,0.35409998893737793,0.1160999983549118,0.0026000000070780516
ENSP00000389709,Nucleus,Nuclear localization signal,0.4156000018119812,0.7355999946594238,0.1339000016450882,0.0771000012755394,0.12929999828338623,0.004800000227987766,0.07360000163316727,0.14579999446868896,0.13989999890327454,0.028200000524520874
ENSP00000407501,Cytoplasm|Nucleus,Nuclear localization signal,0.612500011920929,0.7825999855995178,0.08110000193119049,0.10589999705553055,0.04820000007748604,0.0035000001080334187,0.10970000177621841,0.04569999873638153,0.1574999988079071,0.02019999921321869
ENSP00000383095,Cytoplasm,Nuclear localization signal,0.6392999887466431,0.35659998655319214,0.2272000014781952,0.2176000028848648,0.22709999978542328,0.009800000116229057,0.2768000066280365,0.16169999539852142,0.164900004863739,0.0013000000035390258
ENSP00000461581,Cytoplasm,Nuclear export signal,0.6801000237464905,0.48579999804496765,0.0421999990940094,0.3172999918460846,0.1348000019788742,0.005499999970197678,0.21289999783039093,0.2718000113964081,0.26109999418258667,0.019899999722838402
ENSP00000384360,Nucleus,Nuclear localization signal,0.41839998960494995,0.9246000051498413,0.02410000003874302,0.03350000083446503,0.10740000009536743,0.004399999976158142,0.055399999022483826,0.026499999687075615,0.09120000153779984,0.04349999874830246
ENSP00000376785,Cytoplasm|Nucleus,Nuclear export signal,0.6080999970436096,0.5803999900817871,0.04019999876618385,0.19699999690055847,0.16850000619888306,0.006099999882280827,0.18529999256134033,0.36820000410079956,0.35839998722076416,0.3720000088214874
ENSP00000448670,Nucleus,Nuclear export signal,0.4747999906539917,0.6547999978065491,0.020999999716877937,0.09430000185966492,0.10520000010728836,0.009700000286102295,0.08560000360012054,0.18559999763965607,0.13169999420642853,0.038100000470876694
ENSP00000400294,Cytoplasm,Nuclear localization signal|Nuclear export signal,0.7628999948501587,0.46399998664855957,0.07129999995231628,0.10109999775886536,0.2207999974489212,0.004900000058114529,0.23420000076293945,0.12729999423027039,0.1656000018119812,0.014800000004470348
ENSP00000475656,Nucleus,Nuclear localization signal,0.2046000063419342,0.9490000009536743,0.06120000034570694,0.032999999821186066,0.09839999675750732,0.005499999970197678,0.059300001710653305,0.023600000888109207,0.049300000071525574,0.09319999814033508
ENSP00000431876,Cytoplasm|Nucleus,Nuclear export signal,0.6866000294685364,0.5303000211715698,0.035599999129772186,0.15770000219345093,0.23999999463558197,0.003599999938160181,0.3280999958515167,0.31709998846054077,0.24639999866485596,0.09009999781847
ENSP00000410029,Cytoplasm|Nucleus,Nuclear export signal,0.7397000193595886,0.5595999956130981,0.11879999935626984,0.07320000231266022,0.09489999711513519,0.048900000751018524,0.2460000067949295,0.36239999532699585,0.125900000333786,0.02969999983906746
ENSP00000434942,Cytoplasm|Nucleus,Nuclear export signal,0.6998000144958496,0.5727999806404114,0.03310000151395798,0.1216999962925911,0.23510000109672546,0.0034000000450760126,0.29420000314712524,0.28049999475479126,0.2321999967098236,0.07880000025033951
ENSP00000436001,Cytoplasm|Nucleus,Nuclear export signal,0.7402999997138977,0.5023000240325928,0.026399999856948853,0.17419999837875366,0.24959999322891235,0.02759999968111515,0.2232999950647354,0.4341999888420105,0.258899986743927,0.09139999747276306
ENSP00000442629,Cytoplasm|Nucleus,Nuclear export signal,0.4864000082015991,0.7038999795913696,0.01679999940097332,0.10559999942779541,0.10610000044107437,0.008500000461935997,0.12630000710487366,0.19840000569820404,0.17820000648498535,0.04490000009536743
ENSP00000474971,Nucleus,Nuclear localization signal|Nuclear export signal,0.43639999628067017,0.83160001039505,0.0272000003606081,0.2054000049829483,0.1331000030040741,0.021400000900030136,0.10970000177621841,0.17800000309944153,0.1501999944448471,0.021700000390410423
ENSP00000473659,Cytoplasm|Nucleus,Nuclear export signal,0.6276000142097473,0.6166999936103821,0.11100000143051147,0.057100001722574234,0.23149999976158142,0.00989999994635582,0.21299999952316284,0.27950000762939453,0.5038999915122986,0.015599999576807022
ENSP00000460380,Cytoplasm,Nuclear export signal,0.6425999999046326,0.4124999940395355,0.04179999977350235,0.304500013589859,0.13899999856948853,0.008999999612569809,0.3212999999523163,0.28119999170303345,0.304500013589859,0.027300000190734863
ENSP00000404186,Cytoplasm,,0.6205999851226807,0.49959999322891235,0.3743000030517578,0.10130000114440918,0.3174000084400177,0.005900000222027302,0.16349999606609344,0.2599000036716461,0.20229999721050262,0.01899999938905239
ENSP00000475423,Cytoplasm|Nucleus,,0.6480000019073486,0.7573999762535095,0.05139999836683273,0.03849999979138374,0.23800000548362732,0.0038999998942017555,0.24140000343322754,0.08810000121593475,0.06319999694824219,0.011900000274181366
ENSP00000448601,Cytoplasm,Nuclear export signal,0.6345000267028809,0.4196999967098236,0.06610000133514404,0.10760000348091125,0.2061000019311905,0.011900000274181366,0.2612999975681305,0.45840001106262207,0.42289999127388,0.13369999825954437
ENSP00000385669,Endoplasmic reticulum,Transmembrane domain,0.19699999690055847,0.27790001034736633,0.00989999994635582,0.30399999022483826,0.26499998569488525,0.02070000022649765,0.7675999999046326,0.2004999965429306,0.5360000133514404,0.05400000140070915
ENSP00000384197,Cytoplasm,Nuclear export signal,0.6327000260353088,0.4090000092983246,0.08250000327825546,0.396699994802475,0.1039000004529953,0.00559999980032444,0.21639999747276306,0.35109999775886536,0.303600013256073,0.04699999839067459
ENSP00000424089,Endoplasmic reticulum,Transmembrane domain,0.31380000710487366,0.2198999971151352,0.019999999552965164,0.3409999907016754,0.24390000104904175,0.008299999870359898,0.5954999923706055,0.47620001435279846,0.5141000151634216,0.007899999618530273
ENSP00000437484,Nucleus,Nuclear localization signal,0.3278000056743622,0.8740000128746033,0.039400000125169754,0.13420000672340393,0.13699999451637268,0.01140000019222498,0.15809999406337738,0.05389999970793724,0.11810000240802765,0.21279999613761902
ENSP00000477168,Cytoplasm|Nucleus,Nuclear export signal,0.6359999775886536,0.555400013923645,0.08640000224113464,0.20029999315738678,0.25619998574256897,0.014999999664723873,0.21220000088214874,0.18629999458789825,0.25450000166893005,0.250900000333786
ENSP00000388299,Cytoplasm,,0.6614999771118164,0.4372999966144562,0.14910000562667847,0.2329999953508377,0.14959999918937683,0.003100000089034438,0.24199999868869781,0.22859999537467957,0.21130000054836273,0.0027000000700354576
ENSP00000384005,Cytoplasm|Nucleus,Nuclear export signal,0.753600001335144,0.5393999814987183,0.1039000004529953,0.1006999984383583,0.15639999508857727,0.016699999570846558,0.19869999587535858,0.3772999942302704,0.3025999963283539,0.11240000277757645
ENSP00000438788,Cytoplasm|Nucleus,Nuclear export signal,0.5570999979972839,0.5953999757766724,0.08659999817609787,0.20909999310970306,0.2624000012874603,0.022099999710917473,0.2662000060081482,0.31949999928474426,0.31790000200271606,0.05660000070929527
ENSP00000401053,Cytoplasm|Nucleus,Nuclear localization signal,0.6564000248908997,0.5595999956130981,0.047200001776218414,0.26179999113082886,0.0729999989271164,0.00930000003427267,0.1931000053882599,0.12300000339746475,0.3208000063896179,0.023800000548362732
ENSP00000400902,Cytoplasm|Nucleus,Nuclear export signal,0.5178999900817871,0.8705000281333923,0.012799999676644802,0.06260000169277191,0.09709999710321426,0.010900000110268593,0.14249999821186066,0.09359999746084213,0.14990000426769257,0.11069999635219574
ENSP00000385398,Nucleus,Nuclear localization signal,0.4546999931335449,0.7889000177383423,0.03220000118017197,0.17520000040531158,0.05469999834895134,0.006000000052154064,0.12439999729394913,0.1256999969482422,0.11050000041723251,0.009499999694526196
ENSP00000426503,Nucleus,Nuclear localization signal,0.31700000166893005,0.888700008392334,0.05570000037550926,0.04659999907016754,0.1851000040769577,0.00930000003427267,0.03269999846816063,0.020099999383091927,0.020899999886751175,0.007499999832361937
ENSP00000414519,Nucleus,Nuclear export signal,0.45969998836517334,0.6624000072479248,0.0210999995470047,0.10790000110864639,0.12210000306367874,0.00139999995008111,0.16580000519752502,0.11680000275373459,0.163100004196167,0.052299998700618744
ENSP00000418864,Cytoplasm|Nucleus,Nuclear export signal,0.6833000183105469,0.6359000205993652,0.06279999762773514,0.061400000005960464,0.052000001072883606,0.013199999928474426,0.10350000113248825,0.06549999862909317,0.1582999974489212,0.06400000303983688
ENSP00000383096,Cytoplasm,Nuclear localization signal,0.6344000101089478,0.40700000524520874,0.2087000012397766,0.23849999904632568,0.25859999656677246,0.008999999612569809,0.32690000534057617,0.19370000064373016,0.22939999401569366,0.0026000000070780516
ENSP00000386775,Cytoplasm,Nuclear export signal,0.732699990272522,0.4081000089645386,0.022199999541044235,0.335099995136261,0.11959999799728394,0.030300000682473183,0.19850000739097595,0.3741999864578247,0.33799999952316284,0.04910000041127205
ENSP00000385684,Cytoplasm,Nuclear export signal,0.7170000076293945,0.38690000772476196,0.06159999966621399,0.22220000624656677,0.10849999636411667,0.04780000075697899,0.19789999723434448,0.29089999198913574,0.2605000138282776,0.06360000371932983
ENSP00000418620,Cytoplasm|Nucleus,,0.6096000075340271,0.612500011920929,0.13500000536441803,0.02290000021457672,0.11829999834299088,0.0044999998062849045,0.08560000360012054,0.1096000000834465,0.12559999525547028,0.010900000110268593
ENSP00000416369,Cytoplasm|Nucleus,Nuclear export signal,0.57669997215271,0.5622000098228455,0.05119999870657921,0.1054999977350235,0.07930000126361847,0.011300000362098217,0.13950000703334808,0.23549999296665192,0.2856000065803528,0.03610000014305115
ENSP00000383044,Cytoplasm,Nuclear export signal,0.6754000186920166,0.4471000134944916,0.0284000001847744,0.21209999918937683,0.15000000596046448,0.009600000455975533,0.33000001311302185,0.4438999891281128,0.3720000088214874,0.028300000354647636
ENSP00000384823,Nucleus,Nuclear localization signal,0.4377000033855438,0.83160001039505,0.02329999953508377,0.15860000252723694,0.05739999935030937,0.005100000184029341,0.10010000318288803,0.08309999853372574,0.066600002348423,0.013199999928474426
ENSP00000423100,Nucleus,Nuclear localization signal,0.311599999666214,0.8837000131607056,0.051899999380111694,0.049800001084804535,0.20569999516010284,0.010200000368058681,0.0340999998152256,0.01889999955892563,0.020600000396370888,0.0066999997943639755
ENSP00000423390,Nucleus,Nuclear localization signal,0.41839998960494995,0.9246000051498413,0.02410000003874302,0.03350000083446503,0.10740000009536743,0.004399999976158142,0.055399999022483826,0.026499999687075615,0.09120000153779984,0.04349999874830246
ENSP00000385700,Cytoplasm|Nucleus,Nuclear export signal,0.6312999725341797,0.5568000078201294,0.030400000512599945,0.23199999332427979,0.07530000060796738,0.005799999926239252,0.3497999906539917,0.40119999647140503,0.3077999949455261,0.026399999856948853
ENSP00000396068,Nucleus,Nuclear export signal,0.44429999589920044,0.6841999888420105,0.061900001019239426,0.11349999904632568,0.17180000245571136,0.006500000134110451,0.2522999942302704,0.39800000190734863,0.3458000123500824,0.07320000231266022
ENSP00000383108,Cytoplasm|Lysosome/Vacuole,Nuclear export signal,0.6291000247001648,0.3700999915599823,0.04149999842047691,0.2922999858856201,0.19249999523162842,0.03750000149011612,0.27239999175071716,0.6075999736785889,0.3109999895095825,0.026100000366568565
ENSP00000444856,Cytoplasm|Nucleus,Nuclear export signal,0.6420999765396118,0.5587999820709229,0.11649999767541885,0.12290000170469284,0.23770000040531158,0.004900000058114529,0.24289999902248383,0.2750000059604645,0.5178999900817871,0.03530000150203705
ENSP00000463080,Cytoplasm,Nuclear export signal,0.6945000290870667,0.3776000142097473,0.03799999877810478,0.15520000457763672,0.2549999952316284,0.04500000178813934,0.42340001463890076,0.3077999949455261,0.40779998898506165,0.2305999994277954
ENSP00000462746,Cytoplasm|Nucleus,,0.517799973487854,0.5575000047683716,0.2102999985218048,0.06400000303983688,0.3504999876022339,0.034299999475479126,0.10350000113248825,0.05310000106692314,0.12809999287128448,0.09920000284910202
ENSP00000433327,Cytoplasm|Nucleus,Nuclear export signal,0.48649999499320984,0.7031999826431274,0.04280000180006027,0.16019999980926514,0.09359999746084213,0.0035000001080334187,0.2395000010728836,0.20080000162124634,0.20430000126361847,0.147599995136261
ENSP00000420048,Nucleus,Nuclear export signal,0.33739998936653137,0.8956000208854675,0.034299999475479126,0.04969999939203262,0.04100000113248825,0.006500000134110451,0.041999999433755875,0.08449999988079071,0.07329999655485153,0.007899999618530273
ENSP00000423804,Cytoplasm,Nuclear export signal,0.5788999795913696,0.4399999976158142,0.02280000038444996,0.219200000166893,0.17880000174045563,0.00839999970048666,0.21580000221729279,0.3634999990463257,0.3285999894142151,0.030799999833106995
ENSP00000464220,Cytoplasm,Nuclear export signal,0.6248000264167786,0.4426000118255615,0.05079999938607216,0.24310000240802765,0.32659998536109924,0.08009999990463257,0.4496999979019165,0.3776000142097473,0.43639999628067017,0.1754000037908554
ENSP00000421079,Cytoplasm,,0.6452000141143799,0.4544999897480011,0.16290000081062317,0.24449999630451202,0.20190000534057617,0.008299999870359898,0.20010000467300415,0.35409998893737793,0.1160999983549118,0.0026000000070780516
ENSP00000380512,Nucleus,Nuclear export signal,0.3310000002384186,0.870199978351593,0.020999999716877937,0.07150000333786011,0.09939999878406525,0.02449999935925007,0.0746999979019165,0.11569999903440475,0.0706000030040741,0.010300000198185444
ENSP00000399215,Cytoplasm,,0.6452000141143799,0.4544999897480011,0.16290000081062317,0.24449999630451202,0.20190000534057617,0.008299999870359898,0.20010000467300415,0.35409998893737793,0.1160999983549118,0.0026000000070780516
ENSP00000412640,Cytoplasm,Nuclear export signal,0.6474000215530396,0.4778999984264374,0.05350000038743019,0.260699987411499,0.15489999949932098,0.010999999940395355,0.19189999997615814,0.4832000136375427,0.24150000512599945,0.05079999938607216
ENSP00000453872,Nucleus,Nuclear localization signal,0.399399995803833,0.9409999847412109,0.026900000870227814,0.06620000302791595,0.0575999990105629,0.006300000008195639,0.06589999794960022,0.05139999836683273,0.07020000368356705,0.031599998474121094
ENSP00000389991,Cytoplasm|Nucleus,Nuclear export signal,0.7501000165939331,0.5656999945640564,0.10379999876022339,0.05299999937415123,0.2070000022649765,0.08709999918937683,0.22519999742507935,0.5478000044822693,0.2637999951839447,0.35190001130104065
ENSP00000454795,Cytoplasm,Nuclear export signal,0.5351999998092651,0.498199999332428,0.04490000009536743,0.27160000801086426,0.17170000076293945,0.0066999997943639755,0.08209999650716782,0.28529998660087585,0.1517000049352646,0.022299999371170998
ENSP00000405483,Cytoplasm|Lysosome/Vacuole,Nuclear export signal,0.49880000948905945,0.39959999918937683,0.032099999487400055,0.10750000178813934,0.09669999778270721,0.013100000098347664,0.3479999899864197,0.6029999852180481,0.39169999957084656,0.010300000198185444
ENSP00000418212,Cytoplasm|Nucleus,,0.5867999792098999,0.5950999855995178,0.12939999997615814,0.10270000249147415,0.17790000140666962,0.007899999618530273,0.12129999697208405,0.14790000021457672,0.24660000205039978,0.06650000065565109
ENSP00000445961,Cytoplasm,,0.696399986743927,0.3878999948501587,0.1378999948501587,0.2379000037908554,0.16290000081062317,0.01209999993443489,0.16339999437332153,0.45239999890327454,0.2782999873161316,0.013000000268220901
ENSP00000405440,Cytoplasm|Nucleus,Nuclear export signal,0.7300000190734863,0.526199996471405,0.03739999979734421,0.41359999775886536,0.13259999454021454,0.013799999840557575,0.12700000405311584,0.43700000643730164,0.22370000183582306,0.01119999960064888
ENSP00000464087,Cytoplasm,,0.718500018119812,0.3555000126361847,0.08829999715089798,0.19670000672340393,0.09889999777078629,0.008100000210106373,0.3901999890804291,0.5105000138282776,0.4869000017642975,0.03530000150203705
ENSP00000419843,Cytoplasm|Nucleus,Nuclear export signal|Peroxisomal targeting signal,0.6169999837875366,0.5267000198364258,0.02590000070631504,0.06599999964237213,0.11490000039339066,0.034299999475479126,0.13410000503063202,0.1031000018119812,0.14270000159740448,0.41909998655319214
ENSP00000389406,Cytoplasm|Nucleus,Nuclear export signal,0.729200005531311,0.5184999704360962,0.03750000149011612,0.4146000146865845,0.13750000298023224,0.014800000004470348,0.13189999759197235,0.44200000166893005,0.22349999845027924,0.010499999858438969
ENSP00000377832,Cell membrane,Nuclear export signal,0.44760000705718994,0.31779998540878296,0.030899999663233757,0.552299976348877,0.20559999346733093,0.007600000128149986,0.29120001196861267,0.47130000591278076,0.46650001406669617,0.03449999913573265
ENSP00000424076,Nucleus,Nuclear localization signal,0.31700000166893005,0.888700008392334,0.05570000037550926,0.04659999907016754,0.1851000040769577,0.00930000003427267,0.03269999846816063,0.020099999383091927,0.020899999886751175,0.007499999832361937
ENSP00000424828,Cytoplasm,Nuclear export signal,0.5787000060081482,0.46050000190734863,0.044599998742341995,0.26030001044273376,0.11309999972581863,0.007199999876320362,0.09160000085830688,0.17299999296665192,0.18860000371932983,0.07370000332593918
ENSP00000400825,Cytoplasm|Nucleus,Nuclear export signal,0.7501000165939331,0.5593000054359436,0.0803999975323677,0.10360000282526016,0.3127000033855438,0.0020000000949949026,0.30979999899864197,0.16429999470710754,0.3476000130176544,0.03189999982714653
ENSP00000393395,Cytoplasm|Nucleus,Nuclear export signal,0.7300000190734863,0.526199996471405,0.03739999979734421,0.41359999775886536,0.13259999454021454,0.013799999840557575,0.12700000405311584,0.43700000643730164,0.22370000183582306,0.01119999960064888
ENSP00000407774,Cytoplasm,Nuclear export signal,0.6820999979972839,0.43779999017715454,0.07199999690055847,0.3734999895095825,0.14300000667572021,0.033799998462200165,0.21969999372959137,0.3416000008583069,0.33799999952316284,0.028699999675154686
ENSP00000444596,Cytoplasm|Nucleus,Nuclear export signal,0.5795000195503235,0.5543000102043152,0.0430000014603138,0.14749999344348907,0.1477999985218048,0.013500000350177288,0.41670000553131104,0.37860000133514404,0.47920000553131104,0.019600000232458115
ENSP00000412077,Nucleus,Nuclear localization signal,0.1995999962091446,0.9599999785423279,0.039799999445676804,0.05090000107884407,0.04490000009536743,0.027799999341368675,0.02979999966919422,0.03319999948143959,0.02019999921321869,0.009399999864399433
ENSP00000379796,Cytoplasm,,0.7285000085830688,0.3905999958515167,0.20749999582767487,0.1746000051498413,0.1776999980211258,0.005499999970197678,0.18569999933242798,0.3887999951839447,0.188400000333786,0.009499999694526196
ENSP00000434610,Nucleus,Nuclear localization signal|Nuclear export signal,0.37929999828338623,0.6489999890327454,0.01209999993443489,0.3366999924182892,0.15729999542236328,0.011900000274181366,0.35249999165534973,0.10660000145435333,0.2581999897956848,0.032600000500679016
ENSP00000427223,Cell membrane|Endoplasmic reticulum|Lysosome/Vacuole,Signal peptide|Transmembrane domain,0.1459999978542328,0.12309999763965607,0.023600000888109207,0.5740000009536743,0.2240000069141388,0.05490000173449516,0.6122999787330627,0.6618000268936157,0.5809000134468079,0.01510000042617321
ENSP00000426615,Nucleus,Nuclear localization signal,0.24379999935626984,0.932699978351593,0.23849999904632568,0.036400001496076584,0.1362999975681305,0.04340000078082085,0.022600000724196434,0.017500000074505806,0.04540000110864639,0.018799999728798866
ENSP00000412957,Cytoplasm,Nuclear export signal,0.6599000096321106,0.5005000233650208,0.0697999969124794,0.09120000153779984,0.1485999971628189,0.007199999876320362,0.14790000021457672,0.511900007724762,0.41589999198913574,0.27959999442100525
ENSP00000427212,Nucleus,,0.4171000123023987,0.6345000267028809,0.10920000076293945,0.0982000008225441,0.10360000282526016,0.005100000184029341,0.3151000142097473,0.36959999799728394,0.1746000051498413,0.02800000086426735
ENSP00000426115,Nucleus,Nuclear localization signal,0.47269999980926514,0.6075999736785889,0.16279999911785126,0.1088000014424324,0.08879999816417694,0.002199999988079071,0.06949999928474426,0.23549999296665192,0.18070000410079956,0.014499999582767487
ENSP00000379800,Cytoplasm,,0.6985999941825867,0.3714999854564667,0.2176000028848648,0.19509999454021454,0.15929999947547913,0.00430000014603138,0.17589999735355377,0.4169999957084656,0.17970000207424164,0.004900000058114529
ENSP00000411767,Cytoplasm,Nuclear export signal,0.6478000283241272,0.4174000024795532,0.013299999758601189,0.18299999833106995,0.23100000619888306,0.009499999694526196,0.2752000093460083,0.3425999879837036,0.26809999346733093,0.09719999879598618
ENSP00000390829,Nucleus,Nuclear localization signal,0.2687999904155731,0.930400013923645,0.052400000393390656,0.08489999920129776,0.042399998754262924,0.013799999840557575,0.028200000524520874,0.0885000005364418,0.05609999969601631,0.039400000125169754
ENSP00000383105,Cytoplasm,Nuclear export signal,0.6420999765396118,0.3465000092983246,0.042399998754262924,0.20960000157356262,0.25279998779296875,0.023399999365210533,0.325300008058548,0.47440001368522644,0.2485000044107437,0.12559999525547028
ENSP00000394302,Nucleus,Nuclear export signal,0.33739998936653137,0.8956000208854675,0.034299999475479126,0.04969999939203262,0.04100000113248825,0.006500000134110451,0.041999999433755875,0.08449999988079071,0.07329999655485153,0.007899999618530273
ENSP00000452732,Nucleus,Nuclear localization signal,0.3855000138282776,0.9444000124931335,0.024800000712275505,0.0649000033736229,0.05730000138282776,0.006000000052154064,0.06719999760389328,0.05209999904036522,0.06970000267028809,0.031199999153614044
ENSP00000384485,Nucleus,Nuclear localization signal,0.2361000031232834,0.9495000243186951,0.06069999933242798,0.055399999022483826,0.04050000011920929,0.054099999368190765,0.033799998462200165,0.02160000056028366,0.01810000091791153,0.01209999993443489
ENSP00000421322,Cell membrane|Lysosome/Vacuole,Transmembrane domain,0.2433999925851822,0.20309999585151672,0.030799999833106995,0.6001999974250793,0.19920000433921814,0.06019999831914902,0.5843999981880188,0.6323000192642212,0.5706999897956848,0.03779999911785126
ENSP00000444450,Cytoplasm,Nuclear export signal,0.6341999769210815,0.47429999709129333,0.0575999990105629,0.26989999413490295,0.1527000069618225,0.011300000362098217,0.18950000405311584,0.5037000179290771,0.24869999289512634,0.05490000173449516
ENSP00000402333,Nucleus,Nuclear localization signal,0.24310000240802765,0.9391999840736389,0.04320000112056732,0.06469999998807907,0.04470000043511391,0.020800000056624413,0.029500000178813934,0.0430000014603138,0.02850000001490116,0.010200000368058681
ENSP00000379797,Cytoplasm,,0.6985999941825867,0.3714999854564667,0.2176000028848648,0.19509999454021454,0.15929999947547913,0.00430000014603138,0.17589999735355377,0.4169999957084656,0.17970000207424164,0.004900000058114529
ENSP00000379931,Cytoplasm|Nucleus,Nuclear localization signal,0.6564000248908997,0.5595999956130981,0.047200001776218414,0.26179999113082886,0.0729999989271164,0.00930000003427267,0.1931000053882599,0.12300000339746475,0.3208000063896179,0.023800000548362732
ENSP00000405863,Cytoplasm|Lysosome/Vacuole,,0.7682999968528748,0.4828999936580658,0.1500999927520752,0.05299999937415123,0.17159999907016754,0.04969999939203262,0.17880000174045563,0.6514000296592712,0.3255000114440918,0.49950000643730164
ENSP00000393662,Nucleus,Nuclear export signal,0.4749999940395355,0.9013000130653381,0.013299999758601189,0.06759999692440033,0.11010000109672546,0.01080000028014183,0.08789999783039093,0.05829999968409538,0.0934000015258789,0.0812000036239624
ENSP00000423630,Cytoplasm,Nuclear localization signal,0.5440999865531921,0.387800008058548,0.019500000402331352,0.5034999847412109,0.24869999289512634,0.005900000222027302,0.20409999787807465,0.19629999995231628,0.19949999451637268,0.0026000000070780516
ENSP00000381981,Cytoplasm|Nucleus,Nuclear localization signal|Nuclear export signal,0.7218999862670898,0.5659999847412109,0.05739999935030937,0.09279999881982803,0.20200000703334808,0.004800000227987766,0.19089999794960022,0.1615000069141388,0.18770000338554382,0.10209999978542328
ENSP00000391891,Cytoplasm,Nuclear localization signal,0.8058000206947327,0.4900999963283539,0.06400000303983688,0.10140000283718109,0.14399999380111694,0.002300000051036477,0.12129999697208405,0.1956000030040741,0.20399999618530273,0.01899999938905239
ENSP00000463207,Nucleus,Nuclear export signal,0.2955999970436096,0.8859000205993652,0.04340000078082085,0.08399999886751175,0.066600002348423,0.003599999938160181,0.04270000010728836,0.17260000109672546,0.06750000268220901,0.035100001841783524
ENSP00000382352,Nucleus,Nuclear localization signal,0.2782000005245209,0.9049000144004822,0.04190000146627426,0.09359999746084213,0.031199999153614044,0.00800000037997961,0.04600000008940697,0.06289999932050705,0.08910000324249268,0.011800000444054604
ENSP00000398735,Nucleus,Nuclear localization signal,0.35269999504089355,0.7789999842643738,0.03099999949336052,0.0835999995470047,0.09359999746084213,0.014000000432133675,0.06499999761581421,0.1306000053882599,0.05979999899864197,0.047600001096725464
ENSP00000381577,Nucleus,Nuclear export signal,0.4041999876499176,0.6664999723434448,0.035100001841783524,0.16380000114440918,0.08590000122785568,0.01600000075995922,0.2775999903678894,0.25119999051094055,0.3012999892234802,0.03150000050663948
ENSP00000428118,Cytoplasm,Nuclear localization signal|Nuclear export signal,0.7645000219345093,0.3522000014781952,0.16760000586509705,0.3650999963283539,0.2387000024318695,0.023600000888109207,0.10589999705553055,0.24869999289512634,0.28630000352859497,0.0348999984562397
ENSP00000419995,Nucleus,Nuclear export signal,0.3384999930858612,0.8981000185012817,0.03359999880194664,0.050200000405311584,0.040800001472234726,0.005900000222027302,0.04089999943971634,0.08529999852180481,0.07249999791383743,0.008200000040233135
ENSP00000441029,Cytoplasm,Nuclear export signal,0.6341999769210815,0.47429999709129333,0.0575999990105629,0.26989999413490295,0.1527000069618225,0.011300000362098217,0.18950000405311584,0.5037000179290771,0.24869999289512634,0.05490000173449516
ENSP00000381298,Cytoplasm|Nucleus,Nuclear export signal,0.521399974822998,0.5920000076293945,0.023399999365210533,0.1703999936580658,0.1347000002861023,0.0024999999441206455,0.2134999930858612,0.3066999912261963,0.2831999957561493,0.22020000219345093
ENSP00000399788,Cytoplasm|Nucleus,Nuclear localization signal|Nuclear export signal,0.6205999851226807,0.8197000026702881,0.017899999395012856,0.04410000145435333,0.10090000182390213,0.0031999999191612005,0.05889999866485596,0.131400004029274,0.05570000037550926,0.0019000000320374966
ENSP00000419803,Cytoplasm,Nuclear export signal,0.6474000215530396,0.4778999984264374,0.05350000038743019,0.260699987411499,0.15489999949932098,0.010999999940395355,0.19189999997615814,0.4832000136375427,0.24150000512599945,0.05079999938607216
ENSP00000464134,Cytoplasm|Nucleus,Nuclear localization signal,0.5814999938011169,0.5960999727249146,0.40369999408721924,0.1973000019788742,0.20389999449253082,0.005499999970197678,0.10719999670982361,0.21400000154972076,0.1777999997138977,0.02370000071823597
ENSP00000378350,Nucleus,Nuclear localization signal|Nuclear export signal,0.45399999618530273,0.8366000056266785,0.04439999908208847,0.10949999839067459,0.10689999908208847,0.01759999990463257,0.11110000312328339,0.15199999511241913,0.13300000131130219,0.08569999784231186
ENSP00000392123,Cytoplasm,,0.7249000072479248,0.27140000462532043,0.10930000245571136,0.2732999920845032,0.08049999922513962,0.013100000098347664,0.375900000333786,0.5347999930381775,0.5364999771118164,0.05169999971985817
ENSP00000420412,Nucleus,,0.40779998898506165,0.7825999855995178,0.033799998462200165,0.06419999897480011,0.08579999953508377,0.009999999776482582,0.032600000500679016,0.10429999977350235,0.10559999942779541,0.024700000882148743
ENSP00000384816,Cytoplasm,Nuclear export signal,0.6517999768257141,0.3125,0.029100000858306885,0.39570000767707825,0.1137000024318695,0.010599999688565731,0.2856999933719635,0.4142000079154968,0.40529999136924744,0.04859999939799309
ENSP00000411947,Cytoplasm|Nucleus,Nuclear export signal,0.729200005531311,0.5184999704360962,0.03750000149011612,0.4146000146865845,0.13750000298023224,0.014800000004470348,0.13189999759197235,0.44200000166893005,0.22349999845027924,0.010499999858438969
ENSP00000383199,Cytoplasm,Nuclear export signal,0.7325000166893005,0.49559998512268066,0.04129999876022339,0.46070000529289246,0.1356000006198883,0.013000000268220901,0.1565999984741211,0.5001999735832214,0.26809999346733093,0.013899999670684338
ENSP00000464415,Nucleus,Nuclear localization signal,0.2752000093460083,0.9434000253677368,0.08489999920129776,0.08900000154972076,0.03460000082850456,0.003599999938160181,0.016499999910593033,0.016499999910593033,0.02280000038444996,0.001500000013038516
ENSP00000433623,Cytoplasm,Nuclear export signal,0.6664999723434448,0.42410001158714294,0.0722000002861023,0.1428000032901764,0.14890000224113464,0.009700000286102295,0.2222999930381775,0.3792000114917755,0.2964000105857849,0.12080000340938568
ENSP00000419770,Nucleus,Nuclear localization signal|Nuclear export signal,0.33480000495910645,0.8978000283241272,0.03519999980926514,0.05040000006556511,0.04100000113248825,0.005900000222027302,0.042399998754262924,0.08590000122785568,0.07339999824762344,0.00800000037997961
ENSP00000393641,Nucleus,Nuclear localization signal,0.3939000070095062,0.9406999945640564,0.02630000002682209,0.06539999693632126,0.057999998331069946,0.006000000052154064,0.06880000233650208,0.05249999836087227,0.07119999825954437,0.03200000151991844
ENSP00000410544,Cytoplasm|Lysosome/Vacuole,Nuclear export signal,0.5874000191688538,0.30480000376701355,0.04580000042915344,0.30149999260902405,0.24699999392032623,0.12520000338554382,0.2287999987602234,0.6345000267028809,0.43799999356269836,0.0625
ENSP00000377595,Cytoplasm,Nuclear export signal,0.6520000100135803,0.2614000141620636,0.03920000046491623,0.42989999055862427,0.09809999912977219,0.006399999838322401,0.2712000012397766,0.48069998621940613,0.3682999908924103,0.048700001090765
ENSP00000425184,Cytoplasm,Nuclear localization signal|Nuclear export signal,0.5680000185966492,0.41449999809265137,0.012799999676644802,0.3386000096797943,0.17309999465942383,0.003599999938160181,0.24580000340938568,0.17409999668598175,0.15539999306201935,0.0024999999441206455
ENSP00000388892,Cytoplasm,Nuclear export signal,0.708899974822998,0.4941999912261963,0.031300000846385956,0.0568000003695488,0.2596000134944916,0.004699999932199717,0.23260000348091125,0.2703000009059906,0.19200000166893005,0.017000000923871994
ENSP00000390158,Cytoplasm|Nucleus,Nuclear export signal,0.5530999898910522,0.5364999771118164,0.030700000002980232,0.36629998683929443,0.18230000138282776,0.012500000186264515,0.2840999960899353,0.33239999413490295,0.2669999897480011,0.11010000109672546
ENSP00000414108,Cytoplasm,Nuclear localization signal,0.7559999823570251,0.4894999861717224,0.1379999965429306,0.1979999989271164,0.17479999363422394,0.003100000089034438,0.10819999873638153,0.1096000000834465,0.04560000076889992,0.0010999999940395355
ENSP00000376806,Cytoplasm|Nucleus,Nuclear export signal,0.4864000082015991,0.7038999795913696,0.01679999940097332,0.10559999942779541,0.10610000044107437,0.008500000461935997,0.12630000710487366,0.19840000569820404,0.17820000648498535,0.04490000009536743
ENSP00000379228,Cytoplasm,Nuclear export signal,0.6820999979972839,0.43779999017715454,0.07199999690055847,0.3734999895095825,0.14300000667572021,0.033799998462200165,0.21969999372959137,0.3416000008583069,0.33799999952316284,0.028699999675154686
ENSP00000446289,Cytoplasm|Nucleus,Nuclear export signal,0.5855000019073486,0.5030999779701233,0.017100000753998756,0.19689999520778656,0.14429999887943268,0.00570000009611249,0.2214999943971634,0.38499999046325684,0.31610000133514404,0.042899999767541885
ENSP00000383107,Cytoplasm|Lysosome/Vacuole,Nuclear export signal,0.6291000247001648,0.3700999915599823,0.04149999842047691,0.2922999858856201,0.19249999523162842,0.03750000149011612,0.27239999175071716,0.6075999736785889,0.3109999895095825,0.026100000366568565
ENSP00000474725,Nucleus,Nuclear localization signal|Nuclear export signal,0.43639999628067017,0.83160001039505,0.0272000003606081,0.2054000049829483,0.1331000030040741,0.021400000900030136,0.10970000177621841,0.17800000309944153,0.1501999944448471,0.021700000390410423
ENSP00000403943,Cytoplasm,Nuclear localization signal,0.7742999792098999,0.37220001220703125,0.08030000329017639,0.156700000166893,0.11240000277757645,0.005499999970197678,0.19599999487400055,0.21610000729560852,0.3091999888420105,0.02280000038444996
ENSP00000442318,Cytoplasm|Nucleus,Nuclear localization signal|Nuclear export signal,0.616599977016449,0.6459000110626221,0.019200000911951065,0.1574999988079071,0.08349999785423279,0.010700000450015068,0.13359999656677246,0.15479999780654907,0.20659999549388885,0.04969999939203262
ENSP00000384288,Cytoplasm|Nucleus,Nuclear localization signal|Nuclear export signal,0.5648999810218811,0.6010000109672546,0.040699999779462814,0.13989999890327454,0.14139999449253082,0.011699999682605267,0.40700000524520874,0.34299999475479126,0.47290000319480896,0.020999999716877937
ENSP00000439990,Cytoplasm,Nuclear localization signal,0.7062000036239624,0.32899999618530273,0.2353000044822693,0.31709998846054077,0.1451999992132187,0.013399999588727951,0.12690000236034393,0.1881999969482422,0.28299999237060547,0.041600000113248825
ENSP00000468756,Cytoplasm,,0.5809000134468079,0.4083000123500824,0.034699998795986176,0.15950000286102295,0.39980000257492065,0.0027000000700354576,0.17110000550746918,0.04729999974370003,0.20340000092983246,0.028999999165534973
ENSP00000422099,Cytoplasm,Nuclear export signal,0.5681999921798706,0.45329999923706055,0.04100000113248825,0.25850000977516174,0.11100000143051147,0.0071000000461936,0.10719999670982361,0.1860000044107437,0.20319999754428864,0.09929999709129333
ENSP00000454919,Cytoplasm,,0.5333999991416931,0.3806000053882599,0.17110000550746918,0.21780000627040863,0.43810001015663147,0.05339999869465828,0.40860000252723694,0.5411999821662903,0.4790000021457672,0.00570000009611249
ENSP00000440210,Cytoplasm|Lysosome/Vacuole,Nuclear export signal,0.6291000247001648,0.3700999915599823,0.04149999842047691,0.2922999858856201,0.19249999523162842,0.03750000149011612,0.27239999175071716,0.6075999736785889,0.3109999895095825,0.026100000366568565
ENSP00000443646,Cytoplasm|Nucleus,Nuclear export signal,0.5874999761581421,0.5479999780654907,0.041099999099969864,0.23919999599456787,0.14300000667572021,0.004100000020116568,0.07729999721050262,0.3239000141620636,0.15309999883174896,0.01600000075995922
ENSP00000468546,Cytoplasm|Nucleus,Nuclear export signal,0.7360000014305115,0.5026999711990356,0.04280000180006027,0.4578999876976013,0.1340000033378601,0.012400000356137753,0.1469999998807907,0.4932999908924103,0.26429998874664307,0.015399999916553497
ENSP00000408894,Nucleus,Nuclear localization signal|Nuclear export signal,0.4449999928474426,0.70169997215271,0.017400000244379044,0.10220000147819519,0.0982000008225441,0.0017000000225380063,0.15639999508857727,0.12380000203847885,0.14920000731945038,0.07109999656677246
ENSP00000453015,Nucleus,Nuclear localization signal,0.3939000070095062,0.9406999945640564,0.02630000002682209,0.06539999693632126,0.057999998331069946,0.006000000052154064,0.06880000233650208,0.05249999836087227,0.07119999825954437,0.03200000151991844
ENSP00000424966,Cytoplasm|Nucleus,,0.6193000078201294,0.5911999940872192,0.07909999787807465,0.20260000228881836,0.1995999962091446,0.0017999999690800905,0.37610000371932983,0.10289999842643738,0.1378999948501587,0.033399999141693115
ENSP00000384938,Cytoplasm,Nuclear export signal,0.6473000049591064,0.2953000068664551,0.031599998474121094,0.42989999055862427,0.1096000000834465,0.010499999858438969,0.29660001397132874,0.43209999799728394,0.4440000057220459,0.03709999844431877
ENSP00000394369,Cytoplasm,Nuclear export signal,0.5835000276565552,0.42809998989105225,0.0925000011920929,0.19939999282360077,0.12489999830722809,0.04230000078678131,0.4088999927043915,0.39320001006126404,0.3700000047683716,0.13249999284744263
ENSP00000440707,Cytoplasm,Nuclear export signal,0.6453999876976013,0.47620001435279846,0.0544000007212162,0.26249998807907104,0.155799999833107,0.01080000028014183,0.20020000636577606,0.48750001192092896,0.24719999730587006,0.05180000141263008
ENSP00000463000,Nucleus,Nuclear localization signal,0.2858999967575073,0.9128999710083008,0.024299999698996544,0.053300000727176666,0.013799999840557575,0.011300000362098217,0.04839999973773956,0.09399999678134918,0.10999999940395355,0.005100000184029341
ENSP00000420466,Nucleus,Nuclear localization signal|Nuclear export signal,0.32710000872612,0.9067000150680542,0.03929999843239784,0.049400001764297485,0.043299999088048935,0.005200000014156103,0.04170000180602074,0.08659999817609787,0.05689999833703041,0.006500000134110451
ENSP00000442327,Cytoplasm|Nucleus,Nuclear localization signal,0.5185999870300293,0.6578999757766724,0.03929999843239784,0.0851999968290329,0.30809998512268066,0.00989999994635582,0.21330000460147858,0.18119999766349792,0.16990000009536743,0.003800000064074993
ENSP00000414658,Cytoplasm|Nucleus,Nuclear localization signal,0.7487999796867371,0.5428000092506409,0.2379000037908554,0.2393999993801117,0.10199999809265137,0.005200000014156103,0.21580000221729279,0.21629999577999115,0.35510000586509705,0.008100000210106373
ENSP00000446369,Nucleus,Nuclear localization signal,0.29600000381469727,0.9035999774932861,0.059700001031160355,0.04560000076889992,0.16410000622272491,0.011800000444054604,0.03139999881386757,0.018400000408291817,0.02319999970495701,0.007000000216066837
ENSP00000421802,Cytoplasm,,0.6452000141143799,0.4544999897480011,0.16290000081062317,0.24449999630451202,0.20190000534057617,0.008299999870359898,0.20010000467300415,0.35409998893737793,0.1160999983549118,0.0026000000070780516
ENSP00000442875,Cytoplasm,Nuclear localization signal,0.7185999751091003,0.4578999876976013,0.08150000125169754,0.21080000698566437,0.08860000222921371,0.00559999980032444,0.19949999451637268,0.2680000066757202,0.30070000886917114,0.02019999921321869
ENSP00000435468,Cytoplasm|Nucleus,Nuclear export signal,0.7310000061988831,0.6628000140190125,0.0348999984562397,0.08739999681711197,0.225600004196167,0.002199999988079071,0.25699999928474426,0.2354000061750412,0.20559999346733093,0.03909999877214432
ENSP00000416431,Nucleus,Nuclear localization signal,0.3109000027179718,0.7732999920845032,0.03189999982714653,0.0966000035405159,0.09229999780654907,0.0142000000923872,0.06019999831914902,0.12939999997615814,0.0617000013589859,0.048900000751018524
ENSP00000432130,Nucleus,Nuclear export signal,0.4756999909877777,0.7222999930381775,0.027300000190734863,0.14749999344348907,0.11159999668598175,0.0038999998942017555,0.26660001277923584,0.19020000100135803,0.23849999904632568,0.18150000274181366
ENSP00000457411,Cytoplasm,Nuclear export signal,0.8039000034332275,0.44179999828338623,0.015799999237060547,0.13760000467300415,0.12200000137090683,0.006099999882280827,0.40779998898506165,0.4025999903678894,0.4154999852180481,0.031599998474121094
ENSP00000396585,Nucleus,Nuclear export signal,0.4749999940395355,0.9013000130653381,0.013299999758601189,0.06759999692440033,0.11010000109672546,0.01080000028014183,0.08789999783039093,0.05829999968409538,0.0934000015258789,0.0812000036239624
ENSP00000462878,Cell membrane,Nuclear export signal,0.4399999976158142,0.3377000093460083,0.02889999933540821,0.5586000084877014,0.21160000562667847,0.00860000029206276,0.2980000078678131,0.48829999566078186,0.47450000047683716,0.04899999871850014
ENSP00000440768,Nucleus,Nuclear localization signal,0.24889999628067017,0.9182999730110168,0.03519999980926514,0.0868000015616417,0.023800000548362732,0.007600000128149986,0.04050000011920929,0.05739999935030937,0.06729999929666519,0.0035000001080334187
ENSP00000417899,Nucleus,Nuclear localization signal,0.3124000132083893,0.9041000008583069,0.04010000079870224,0.06449999660253525,0.042399998754262924,0.007300000172108412,0.03620000183582306,0.06719999760389328,0.04769999906420708,0.005499999970197678
ENSP00000417863,Cytoplasm|Nucleus,Nuclear export signal,0.6287000179290771,0.6966999769210815,0.11469999700784683,0.08969999849796295,0.1703999936580658,0.009700000286102295,0.2092999964952469,0.03269999846816063,0.09109999984502792,0.09470000118017197
ENSP00000424497,Cytoplasm,,0.7049999833106995,0.2745000123977661,0.053599998354911804,0.2896000146865845,0.13019999861717224,0.01360000018030405,0.18150000274181366,0.2773999869823456,0.31630000472068787,0.06390000134706497
ENSP00000384109,Cytoplasm|Nucleus,Nuclear localization signal,0.5004000067710876,0.8029999732971191,0.06599999964237213,0.1256999969482422,0.10440000146627426,0.01590000092983246,0.13819999992847443,0.1898999959230423,0.32760000228881836,0.29339998960494995
ENSP00000443191,Cytoplasm,Nuclear export signal,0.5892000198364258,0.44519999623298645,0.07729999721050262,0.38609999418258667,0.19939999282360077,0.018400000408291817,0.20829999446868896,0.5196999907493591,0.30379998683929443,0.051500000059604645
ENSP00000468332,Cytoplasm|Nucleus,Nuclear export signal,0.7566999793052673,0.5169000029563904,0.031199999153614044,0.3596999943256378,0.11739999800920486,0.011900000274181366,0.12020000070333481,0.38040000200271606,0.1973000019788742,0.016200000420212746
ENSP00000402173,Cytoplasm,Nuclear export signal,0.5810999870300293,0.37700000405311584,0.057999998331069946,0.27709999680519104,0.29280000925064087,0.065700002014637,0.19869999587535858,0.4163999855518341,0.22100000083446503,0.20389999449253082
ENSP00000426173,Cytoplasm|Nucleus,Nuclear export signal,0.6244999766349792,0.5791000127792358,0.03550000116229057,0.11659999936819077,0.1858000010251999,0.014399999752640724,0.11739999800920486,0.23680000007152557,0.20669999718666077,0.10159999877214432
ENSP00000462271,Cell membrane,Nuclear export signal,0.43470001220703125,0.335099995136261,0.027499999850988388,0.5496000051498413,0.211899995803833,0.008799999952316284,0.2892000079154968,0.47350001335144043,0.4650999903678894,0.049800001084804535
ENSP00000392800,Cytoplasm,Nuclear localization signal,0.7186999917030334,0.43720000982284546,0.14560000598430634,0.13510000705718994,0.08609999716281891,0.0038999998942017555,0.1632000058889389,0.16290000081062317,0.4681999981403351,0.0203000009059906
ENSP00000470747,Nucleus,Nuclear localization signal,0.4207000136375427,0.8597000241279602,0.035599999129772186,0.056299999356269836,0.09030000120401382,0.005200000014156103,0.08169999718666077,0.03840000182390213,0.08659999817609787,0.023800000548362732
ENSP00000426731,Cell membrane|Lysosome/Vacuole,Transmembrane domain,0.24719999730587006,0.2303999960422516,0.027899999171495438,0.5968999862670898,0.33070001006126404,0.0071000000461936,0.5892999768257141,0.690500020980835,0.40709999203681946,0.02319999970495701
ENSP00000392443,Cytoplasm,Nuclear export signal,0.5638999938964844,0.3635999858379364,0.07259999960660934,0.20190000534057617,0.14650000631809235,0.0568000003695488,0.4805999994277954,0.5081999897956848,0.4106999933719635,0.131400004029274
ENSP00000392395,Nucleus,,0.349700003862381,0.7706999778747559,0.03150000050663948,0.0860000029206276,0.09619999676942825,0.014000000432133675,0.06440000236034393,0.133200004696846,0.061900001019239426,0.05119999870657921
ENSP00000439400,Cytoplasm,,0.7002000212669373,0.38119998574256897,0.22010000050067902,0.19509999454021454,0.15230000019073486,0.00430000014603138,0.17649999260902405,0.4187999963760376,0.18310000002384186,0.004900000058114529
ENSP00000425956,Cytoplasm,Nuclear localization signal|Nuclear export signal,0.717199981212616,0.4088999927043915,0.06920000165700912,0.19280000030994415,0.09359999746084213,0.006500000134110451,0.3538999855518341,0.44200000166893005,0.49239999055862427,0.05559999868273735
ENSP00000462745,Cytoplasm|Nucleus,Nuclear export signal,0.48820000886917114,0.7368000149726868,0.027400000020861626,0.21490000188350677,0.14730000495910645,0.00570000009611249,0.3529999852180481,0.09809999912977219,0.07000000029802322,0.050599999725818634
ENSP00000444089,Cytoplasm|Nucleus,Nuclear localization signal|Nuclear export signal,0.6481999754905701,0.6879000067710876,0.020400000736117363,0.1370999962091446,0.0803999975323677,0.019300000742077827,0.14219999313354492,0.10980000346899033,0.156700000166893,0.04270000010728836
ENSP00000379435,Cytoplasm,Nuclear export signal,0.6173999905586243,0.46160000562667847,0.13120000064373016,0.34119999408721924,0.387800008058548,0.005200000014156103,0.2644999921321869,0.22370000183582306,0.1656000018119812,0.020099999383091927
ENSP00000424786,Cytoplasm|Nucleus,,0.792900025844574,0.582099974155426,0.193900004029274,0.025200000032782555,0.21629999577999115,0.05660000070929527,0.11339999735355377,0.43290001153945923,0.12120000272989273,0.19179999828338623
ENSP00000476814,Cytoplasm|Nucleus,Nuclear export signal,0.635699987411499,0.5558000206947327,0.0860000029206276,0.2020999938249588,0.25450000166893005,0.014999999664723873,0.21410000324249268,0.1881999969482422,0.25440001487731934,0.25130000710487366
